WUA,student,session,treatment,player,age,age_cat,education_level,education_level_cat,woman,risk_av,risk_av_cat,beliefs_pre,beliefs_inter,beliefs_post,cause_autority,cause_injustice,cause_file,cause_necesity,cause_other_people,beliefs_pre_cat,beliefs_inter_cat,beliefs_post_cat,round,turn,demand,kept,partner,demand_partner,kept_partner,inspection,fine,finalpayment,NCbinary,NChours,NCpercentual,Exo,Endo,Endo2,EndoB,Endo_past,Endo_past2,Endo_pastB,Exo_accu,Exo_accu_tot,Endo_accu,Endo_accuB,Endo_accu_tot,Endo_accu_totB,Losses_accu,Inspection_past,Fine_past
0,1,1,0,8j13uy81,23,1,3,1,0,3,1,3,3,5,2,2,4,3,5,1,1,2,1,1,13,12,17,11,12,1,0,9900,0,0,0,1,0,0,0,0,0,0,0,0,0,0,0,0,0,0,0
0,1,1,0,8j13uy81,23,1,3,1,0,3,1,3,3,5,2,2,4,3,5,1,1,2,2,1,14,14,19,11,12,0,0,9900,1,2,1,2,0,0,0,0,0,0,1,1,0,0,0,0,100,0,0
0,1,1,0,8j13uy81,23,1,3,1,0,3,1,3,3,5,2,2,4,3,5,1,1,2,3,2,15,13,9,13,13,1,0,9500,1,1,0.333333333333333,3,1,1,1,0,0,0,1,3,0,0,1,1,100,0,0
0,1,1,0,8j13uy81,23,1,3,1,0,3,1,3,3,5,2,2,4,3,5,1,1,2,4,1,12,11,12,12,12,0,0,9400,0,-1,-1,0,0,1,1,1,1,1,3,6,0,0,1,2,500,1,0
0,1,1,0,8j13uy81,23,1,3,1,0,3,1,3,3,5,2,2,4,3,5,1,1,2,5,2,11,11,4,15,10,0,0,9400,0,-1,-1,-1,0,0,0,0,1,1,6,6,1,1,1,2,600,0,0
0,1,1,0,8j13uy81,23,1,3,1,0,3,1,3,3,5,2,2,4,3,5,1,1,2,6,1,12,11,6,17,12,1,0,9300,0,-1,-1,0,0,0,0,0,0,0,6,5,1,2,1,2,600,0,0
0,1,1,0,8j13uy81,23,1,3,1,0,3,1,3,3,5,2,2,4,3,5,1,1,2,7,2,17,13,7,19,12,0,0,8800,1,1,0.2,5,0,0,0,0,0,0,5,5,1,2,1,2,700,1,0
0,1,1,0,8j13uy81,23,1,3,1,0,3,1,3,3,5,2,2,4,3,5,1,1,2,8,2,14,14,10,17,17,0,0,8100,1,2,1,2,5,5,1,0,0,0,5,10,1,2,6,3,1200,0,0
0,1,1,0,8j13uy81,23,1,3,1,0,3,1,3,3,5,2,2,4,3,5,1,1,2,9,2,16,14,6,15,14,1,0,7500,1,2,0.5,4,2,2,1,5,5,1,10,12,1,2,8,4,1900,0,0
0,1,1,0,8j13uy81,23,1,3,1,0,3,1,3,3,5,2,2,4,3,5,1,1,2,10,1,19,12,11,14,12,0,0,6800,0,0,0,7,0,2,1,2,2,1,12,16,6,3,8,5,2500,1,0
0,1,1,0,8j13uy81,23,1,3,1,0,3,1,3,3,5,2,2,4,3,5,1,1,2,11,1,15,15,11,15,12,0,0,6800,1,3,1,3,0,2,1,0,2,1,16,23,8,4,8,6,3200,0,0
0,1,1,0,8j13uy81,23,1,3,1,0,3,1,3,3,5,2,2,4,3,5,1,1,2,12,2,16,16,14,17,15,0,0,6100,1,4,1,4,3,3,1,0,2,1,23,26,8,5,11,7,3200,0,0
0,1,1,0,8j13uy81,23,1,3,1,0,3,1,3,3,5,2,2,4,3,5,1,1,2,13,2,18,18,10,12,12,0,0,5500,1,6,1,6,0,0,0,3,3,1,26,30,8,6,11,7,3900,0,0
0,1,1,0,8j13uy81,23,1,3,1,0,3,1,3,3,5,2,2,4,3,5,1,1,2,14,1,13,13,21,15,12,0,0,5500,1,1,1,1,0,0,0,0,0,0,30,36,11,7,11,7,4500,0,0
0,1,1,0,8j13uy81,23,1,3,1,0,3,1,3,3,5,2,2,4,3,5,1,1,2,15,1,20,15,2,16,12,0,0,5000,1,3,0.375,8,0,0,0,0,0,0,36,37,11,7,11,7,4500,0,0
0,1,1,0,qbz5im3n,21,1,4,2,1,2,2,0,2,5,4,4,5,4,4,1,1,2,1,2,15,15,13,13,12,0,0,9700,1,3,1,3,0,0,0,0,0,0,0,0,0,0,0,0,0,0,0
0,1,1,0,qbz5im3n,21,1,4,2,1,2,2,0,2,5,4,4,5,4,4,1,1,2,2,2,11,11,18,12,12,0,0,9700,0,-1,-1,-1,0,0,0,0,0,0,3,3,0,0,0,0,300,0,0
0,1,1,0,qbz5im3n,21,1,4,2,1,2,2,0,2,5,4,4,5,4,4,1,1,2,3,1,12,12,18,13,12,0,0,9700,0,0,0,0,0,0,0,0,0,0,3,2,0,0,0,0,300,0,0
0,1,1,0,qbz5im3n,21,1,4,2,1,2,2,0,2,5,4,4,5,4,4,1,1,2,4,1,14,14,4,13,12,1,100,9600,1,2,1,2,0,0,0,0,0,0,2,2,0,0,0,0,300,0,0
0,1,1,0,qbz5im3n,21,1,4,2,1,2,2,0,2,5,4,4,5,4,4,1,1,2,5,2,13,13,16,12,12,0,0,9500,1,1,1,1,0,0,0,0,0,0,2,4,0,0,0,0,400,1,1
0,1,1,0,qbz5im3n,21,1,4,2,1,2,2,0,2,5,4,4,5,4,4,1,1,2,6,2,14,14,18,14,14,0,0,9100,1,2,1,2,2,2,1,0,0,0,4,5,0,0,2,1,500,0,0
0,1,1,0,qbz5im3n,21,1,4,2,1,2,2,0,2,5,4,4,5,4,4,1,1,2,7,1,16,16,16,18,12,0,0,9100,1,4,1,4,0,2,1,2,2,1,5,7,0,0,2,2,900,0,0
0,1,1,0,qbz5im3n,21,1,4,2,1,2,2,0,2,5,4,4,5,4,4,1,1,2,8,2,20,20,21,16,16,0,0,7900,1,8,1,8,4,4,1,0,2,1,7,11,2,1,6,3,900,0,0
0,1,1,0,qbz5im3n,21,1,4,2,1,2,2,0,2,5,4,4,5,4,4,1,1,2,9,2,15,12,9,20,20,0,0,6800,0,0,0,3,8,8,1,4,4,1,11,19,2,2,14,4,2100,0,0
0,1,1,0,qbz5im3n,21,1,4,2,1,2,2,0,2,5,4,4,5,4,4,1,1,2,10,1,12,12,20,12,12,0,0,6800,0,0,0,0,0,8,1,8,8,1,19,22,6,3,14,5,3200,0,0
0,1,1,0,qbz5im3n,21,1,4,2,1,2,2,0,2,5,4,4,5,4,4,1,1,2,11,2,13,12,13,14,14,1,0,6500,0,0,0,1,2,2,1,0,8,1,22,22,14,4,16,6,3200,0,0
0,1,1,0,qbz5im3n,21,1,4,2,1,2,2,0,2,5,4,4,5,4,4,1,1,2,12,1,19,15,11,16,12,0,0,6100,1,3,0.428571428571429,7,0,2,1,2,2,1,22,23,14,5,16,7,3500,1,0
0,1,1,0,qbz5im3n,21,1,4,2,1,2,2,0,2,5,4,4,5,4,4,1,1,2,13,2,18,16,21,12,12,0,0,5500,1,4,0.666666666666667,6,0,0,0,0,2,1,23,30,16,6,16,7,3900,0,0
0,1,1,0,qbz5im3n,21,1,4,2,1,2,2,0,2,5,4,4,5,4,4,1,1,2,14,1,17,17,17,17,12,0,0,5500,1,5,1,5,0,0,0,0,0,0,30,36,16,7,16,7,4500,0,0
0,1,1,0,qbz5im3n,21,1,4,2,1,2,2,0,2,5,4,4,5,4,4,1,1,2,15,2,16,16,1,20,15,0,0,4800,1,4,1,4,3,3,1,0,0,0,36,41,16,7,19,8,4500,0,0
0,1,1,0,0wdmc3rw,21,1,3,1,0,1,2,7,6,9,2,2,4,2,2,3,2,3,1,1,11,11,20,12,12,1,0,10000,0,-1,-1,-1,0,0,0,0,0,0,0,0,0,0,0,0,0,0,0
0,1,1,0,0wdmc3rw,21,1,3,1,0,1,2,7,6,9,2,2,4,2,2,3,2,3,2,2,13,13,10,14,8,0,0,10000,1,1,1,1,0,0,0,0,0,0,-1,-1,0,0,0,0,0,0,0
0,1,1,0,0wdmc3rw,21,1,3,1,0,1,2,7,6,9,2,2,4,2,2,3,2,3,3,1,12,12,4,12,12,1,0,10000,0,0,0,0,0,0,0,0,0,0,-1,0,0,0,0,0,0,0,0
0,1,1,0,0wdmc3rw,21,1,3,1,0,1,2,7,6,9,2,2,4,2,2,3,2,3,4,1,14,14,6,14,12,0,0,10000,1,2,1,2,0,0,0,0,0,0,0,0,0,0,0,0,0,1,0
0,1,1,0,0wdmc3rw,21,1,3,1,0,1,2,7,6,9,2,2,4,2,2,3,2,3,5,2,15,15,6,12,12,0,0,9700,1,3,1,3,0,0,0,0,0,0,0,2,0,0,0,0,0,0,0
0,1,1,0,0wdmc3rw,21,1,3,1,0,1,2,7,6,9,2,2,4,2,2,3,2,3,6,1,19,19,17,18,12,0,0,9700,1,7,1,7,0,0,0,0,0,0,2,5,0,0,0,0,300,0,0
0,1,1,0,0wdmc3rw,21,1,3,1,0,1,2,7,6,9,2,2,4,2,2,3,2,3,7,1,16,12,20,17,12,0,0,9300,0,0,0,4,0,0,0,0,0,0,5,12,0,0,0,0,300,0,0
0,1,1,0,0wdmc3rw,21,1,3,1,0,1,2,7,6,9,2,2,4,2,2,3,2,3,8,2,18,18,8,20,20,0,0,7900,1,6,1,6,8,8,1,0,0,0,12,16,0,0,8,1,700,0,0
0,1,1,0,0wdmc3rw,21,1,3,1,0,1,2,7,6,9,2,2,4,2,2,3,2,3,9,1,13,13,12,13,12,0,0,7900,1,1,1,1,0,8,1,8,8,1,16,22,0,0,8,2,2100,0,0
0,1,1,0,0wdmc3rw,21,1,3,1,0,1,2,7,6,9,2,2,4,2,2,3,2,3,10,2,15,15,14,18,18,0,0,7000,1,3,1,3,6,6,1,0,8,1,22,23,8,1,14,3,2100,0,0
0,1,1,0,0wdmc3rw,21,1,3,1,0,1,2,7,6,9,2,2,4,2,2,3,2,3,11,2,17,17,8,16,16,0,0,6100,1,5,1,5,4,4,1,6,6,1,23,26,8,2,18,4,3000,0,0
0,1,1,0,0wdmc3rw,21,1,3,1,0,1,2,7,6,9,2,2,4,2,2,3,2,3,12,2,14,14,6,12,12,0,0,5900,1,2,1,2,0,0,0,4,4,1,26,31,14,3,18,4,3900,0,0
0,1,1,0,0wdmc3rw,21,1,3,1,0,1,2,7,6,9,2,2,4,2,2,3,2,3,13,2,12,12,14,13,12,1,0,5900,0,0,0,0,0,0,0,0,0,0,31,33,18,4,18,4,4100,0,0
0,1,1,0,0wdmc3rw,21,1,3,1,0,1,2,7,6,9,2,2,4,2,2,3,2,3,14,1,16,16,11,16,12,0,0,5900,1,4,1,4,0,0,0,0,0,0,33,33,18,4,18,4,4100,1,0
0,1,1,0,0wdmc3rw,21,1,3,1,0,1,2,7,6,9,2,2,4,2,2,3,2,3,15,1,20,20,8,17,12,1,400,5500,1,8,1,8,0,0,0,0,0,0,33,37,18,4,18,4,4100,0,0
0,1,1,0,ojwxubt6,22,1,4,2,0,2,2,2,7,4,4,4,4,4,4,1,3,2,1,2,11,7,15,15,8,1,0,10000,0,-5,-5,-1,0,0,0,0,0,0,0,0,0,0,0,0,0,0,0
0,1,1,0,ojwxubt6,22,1,4,2,0,2,2,2,7,4,4,4,4,4,4,1,3,2,2,2,14,7,11,11,11,0,0,9900,0,-5,-2.5,2,0,0,0,0,0,0,-1,-1,0,0,0,0,0,0,0
0,1,1,0,ojwxubt6,22,1,4,2,0,2,2,2,7,4,4,4,4,4,4,1,3,2,3,2,12,8,3,12,12,0,0,9900,0,-4,-4,0,0,0,0,0,0,0,-1,1,0,0,0,0,100,0,0
0,1,1,0,ojwxubt6,22,1,4,2,0,2,2,2,7,4,4,4,4,4,4,1,3,2,4,2,13,9,2,14,14,0,0,9600,0,-3,-3,1,2,2,1,0,0,0,1,1,0,0,2,1,100,0,0
0,1,1,0,ojwxubt6,22,1,4,2,0,2,2,2,7,4,4,4,4,4,4,1,3,2,5,2,15,10,17,13,13,0,0,9200,0,-2,-0.666666666666667,3,1,1,1,2,2,1,1,2,0,0,3,2,400,0,0
0,1,1,0,ojwxubt6,22,1,4,2,0,2,2,2,7,4,4,4,4,4,4,1,3,2,6,1,14,8,14,16,12,0,0,8600,0,-4,-2,2,0,1,1,1,1,1,2,5,2,1,3,3,800,0,0
0,1,1,0,ojwxubt6,22,1,4,2,0,2,2,2,7,4,4,4,4,4,4,1,3,2,7,1,16,12,12,14,12,0,0,8200,0,0,0,4,0,1,1,0,1,1,5,7,3,2,3,4,1400,0,0
0,1,1,0,ojwxubt6,22,1,4,2,0,2,2,2,7,4,4,4,4,4,4,1,3,2,8,2,18,11,5,16,12,0,0,7600,0,-1,-0.166666666666667,6,0,0,0,0,1,1,7,11,3,3,3,4,1800,0,0
0,1,1,0,ojwxubt6,22,1,4,2,0,2,2,2,7,4,4,4,4,4,4,1,3,2,9,2,16,14,16,13,13,1,0,7100,1,2,0.5,4,1,1,1,0,0,0,11,17,3,4,4,5,2400,0,0
0,1,1,0,ojwxubt6,22,1,4,2,0,2,2,2,7,4,4,4,4,4,4,1,3,2,10,1,19,12,21,19,12,0,0,6400,0,0,0,7,0,1,1,1,1,1,17,21,3,4,4,6,2900,1,0
0,1,1,0,ojwxubt6,22,1,4,2,0,2,2,2,7,4,4,4,4,4,4,1,3,2,11,2,15,12,6,16,16,0,0,5700,0,0,0,3,4,4,1,0,1,1,21,28,4,5,8,7,3600,0,0
0,1,1,0,ojwxubt6,22,1,4,2,0,2,2,2,7,4,4,4,4,4,4,1,3,2,12,1,17,13,16,14,12,1,50,5250,1,1,0.2,5,0,4,1,4,4,1,28,31,4,6,8,8,4300,0,0
0,1,1,0,ojwxubt6,22,1,4,2,0,2,2,2,7,4,4,4,4,4,4,1,3,2,13,2,12,12,6,14,14,0,0,5050,0,0,0,0,2,2,1,0,4,1,31,36,8,7,10,9,4750,1,1
0,1,1,0,ojwxubt6,22,1,4,2,0,2,2,2,7,4,4,4,4,4,4,1,3,2,14,1,13,12,19,20,12,0,0,4950,0,0,0,1,0,2,1,2,2,1,36,36,8,8,10,10,4950,0,0
0,1,1,0,ojwxubt6,22,1,4,2,0,2,2,2,7,4,4,4,4,4,4,1,3,2,15,1,20,12,16,17,12,0,0,4150,0,0,0,8,0,2,1,0,2,1,36,37,10,9,10,11,5050,0,0
0,1,1,0,oo76dx8j,20,1,3,1,0,2,2,2,3,4,2,3,3,1,3,1,1,2,1,2,12,5,11,12,12,0,0,10000,0,-7,-7,0,0,0,0,0,0,0,0,0,0,0,0,0,0,0,0
0,1,1,0,oo76dx8j,20,1,3,1,0,2,2,2,3,4,2,3,3,1,3,1,1,2,2,2,11,5,17,15,12,0,0,10000,0,-7,-7,-1,0,0,0,0,0,0,0,0,0,0,0,0,0,0,0
0,1,1,0,oo76dx8j,20,1,3,1,0,2,2,2,3,4,2,3,3,1,3,1,1,2,3,2,14,8,13,15,15,1,0,9500,0,-4,-2,2,3,3,1,0,0,0,0,-1,0,0,3,1,0,0,0
0,1,1,0,oo76dx8j,20,1,3,1,0,2,2,2,3,4,2,3,3,1,3,1,1,2,4,1,13,7,10,13,12,1,0,8900,0,-5,-5,1,0,3,1,3,3,1,-1,1,0,0,3,2,500,1,0
0,1,1,0,oo76dx8j,20,1,3,1,0,2,2,2,3,4,2,3,3,1,3,1,1,2,5,1,15,8,10,15,12,0,0,8200,0,-4,-1.33333333333333,3,0,3,1,0,3,1,1,2,3,1,3,3,1100,1,0
0,1,1,0,oo76dx8j,20,1,3,1,0,2,2,2,3,4,2,3,3,1,3,1,1,2,6,1,16,10,19,12,12,0,0,7600,0,-2,-0.5,4,0,3,1,0,3,1,2,5,3,2,3,4,1800,0,0
0,1,1,0,oo76dx8j,20,1,3,1,0,2,2,2,3,4,2,3,3,1,3,1,1,2,7,1,12,10,6,16,12,0,0,7400,0,-2,-2,0,0,3,1,0,3,1,5,9,3,3,3,5,2400,0,0
0,1,1,0,oo76dx8j,20,1,3,1,0,2,2,2,3,4,2,3,3,1,3,1,1,2,8,1,16,12,4,18,12,0,0,7000,0,0,0,4,0,3,1,0,3,1,9,9,3,4,3,6,2600,0,0
0,1,1,0,oo76dx8j,20,1,3,1,0,2,2,2,3,4,2,3,3,1,3,1,1,2,9,2,13,12,14,12,12,0,0,6900,0,0,0,1,0,0,0,0,3,1,9,13,3,5,3,6,3000,0,0
0,1,1,0,oo76dx8j,20,1,3,1,0,2,2,2,3,4,2,3,3,1,3,1,1,2,10,2,15,15,10,15,15,0,0,6300,1,3,1,3,3,3,1,0,0,0,13,14,3,6,6,7,3100,0,0
0,1,1,0,oo76dx8j,20,1,3,1,0,2,2,2,3,4,2,3,3,1,3,1,1,2,11,1,17,12,10,16,12,0,0,5800,0,0,0,5,0,3,1,3,3,1,14,17,3,6,6,8,3700,0,0
0,1,1,0,oo76dx8j,20,1,3,1,0,2,2,2,3,4,2,3,3,1,3,1,1,2,12,2,19,12,9,17,17,0,0,4600,0,0,0,7,5,5,1,0,3,1,17,22,6,7,11,9,4200,0,0
0,1,1,0,oo76dx8j,20,1,3,1,0,2,2,2,3,4,2,3,3,1,3,1,1,2,13,2,14,12,11,12,12,0,0,4400,0,0,0,2,0,0,0,5,5,1,22,29,6,8,11,9,5400,0,0
0,1,1,0,oo76dx8j,20,1,3,1,0,2,2,2,3,4,2,3,3,1,3,1,1,2,14,2,18,18,7,17,17,0,0,3300,1,6,1,6,5,5,1,0,0,0,29,31,11,9,16,10,5600,0,0
0,1,1,0,oo76dx8j,20,1,3,1,0,2,2,2,3,4,2,3,3,1,3,1,1,2,15,1,20,15,17,14,12,1,150,2650,1,3,0.375,8,0,5,1,5,5,1,31,37,11,9,16,11,6700,0,0
0,1,1,0,rz61maok,21,1,4,2,1,2,2,3,7,8,2,2,4,2,2,1,3,3,1,2,15,13,12,15,12,0,0,9700,1,1,0.333333333333333,3,0,0,0,0,0,0,0,0,0,0,0,0,0,0,0
0,1,1,0,rz61maok,21,1,4,2,1,2,2,3,7,8,2,2,4,2,2,1,3,3,2,2,13,13,12,13,13,0,0,9500,1,1,1,1,1,1,1,0,0,0,3,3,0,0,0,0,300,0,0
0,1,1,0,rz61maok,21,1,4,2,1,2,2,3,7,8,2,2,4,2,2,1,3,3,3,2,11,11,12,11,11,0,0,9500,0,-1,-1,-1,0,0,0,1,1,1,3,4,0,0,1,1,500,0,0
0,1,1,0,rz61maok,21,1,4,2,1,2,2,3,7,8,2,2,4,2,2,1,3,3,4,2,14,14,3,14,14,0,0,9100,1,2,1,2,2,2,1,0,0,0,4,3,1,1,3,2,500,0,0
0,1,1,0,rz61maok,21,1,4,2,1,2,2,3,7,8,2,2,4,2,2,1,3,3,5,1,12,12,3,15,12,1,0,9100,0,0,0,0,0,2,1,2,2,1,3,5,1,1,3,3,900,0,0
0,1,1,0,rz61maok,21,1,4,2,1,2,2,3,7,8,2,2,4,2,2,1,3,3,6,2,17,17,1,12,11,1,0,8700,1,5,1,5,0,0,0,0,2,1,5,5,3,2,3,3,900,1,0
0,1,1,0,rz61maok,21,1,4,2,1,2,2,3,7,8,2,2,4,2,2,1,3,3,7,2,16,14,5,12,10,0,0,8500,1,2,0.5,4,0,0,0,0,0,0,5,10,3,3,3,3,1300,1,0
0,1,1,0,rz61maok,21,1,4,2,1,2,2,3,7,8,2,2,4,2,2,1,3,3,8,2,19,15,20,19,13,0,0,7700,1,3,0.428571428571429,7,1,1,1,0,0,0,10,14,3,3,4,4,1500,0,0
0,1,1,0,rz61maok,21,1,4,2,1,2,2,3,7,8,2,2,4,2,2,1,3,3,9,1,15,14,1,16,12,0,0,7600,1,2,0.666666666666667,3,0,1,1,1,1,1,14,21,3,3,4,5,2300,0,0
0,1,1,0,rz61maok,21,1,4,2,1,2,2,3,7,8,2,2,4,2,2,1,3,3,10,1,13,13,16,15,12,0,0,7600,1,1,1,1,0,1,1,0,1,1,21,24,4,4,4,6,2400,0,0
0,1,1,0,rz61maok,21,1,4,2,1,2,2,3,7,8,2,2,4,2,2,1,3,3,11,1,16,16,4,15,12,0,0,7600,1,4,1,4,0,1,1,0,1,1,24,25,4,5,4,7,2400,0,0
0,1,1,0,rz61maok,21,1,4,2,1,2,2,3,7,8,2,2,4,2,2,1,3,3,12,1,12,12,3,14,12,0,0,7600,0,0,0,0,0,1,1,0,1,1,25,29,4,6,4,8,2400,0,0
0,1,1,0,rz61maok,21,1,4,2,1,2,2,3,7,8,2,2,4,2,2,1,3,3,13,1,14,14,4,12,12,1,100,7500,1,2,1,2,0,1,1,0,1,1,29,29,4,7,4,9,2400,0,0
0,1,1,0,rz61maok,21,1,4,2,1,2,2,3,7,8,2,2,4,2,2,1,3,3,14,2,20,18,20,16,16,0,0,6300,1,6,0.75,8,4,4,1,0,1,1,29,31,4,8,8,10,2500,1,1
0,1,1,0,rz61maok,21,1,4,2,1,2,2,3,7,8,2,2,4,2,2,1,3,3,15,1,18,18,15,19,12,0,0,6300,1,6,1,6,0,4,1,4,4,1,31,39,4,9,8,11,3700,0,0
0,1,1,0,vg9szqte,21,1,2,1,1,4,1,2,7,6,2,3,4,1,4,1,3,2,1,1,11,11,21,13,12,1,0,10000,0,-1,-1,-1,0,0,0,0,0,0,0,0,0,0,0,0,0,0,0
0,1,1,0,vg9szqte,21,1,2,1,1,4,1,2,7,6,2,3,4,1,4,1,3,2,2,1,13,13,21,11,12,0,0,10000,1,1,1,1,0,0,0,0,0,0,-1,-1,0,0,0,0,0,0,0
0,1,1,0,vg9szqte,21,1,2,1,1,4,1,2,7,6,2,3,4,1,4,1,3,2,3,2,14,13,8,11,11,1,0,9900,1,1,0.5,2,0,0,0,0,0,0,-1,0,0,0,0,0,0,0,0
0,1,1,0,vg9szqte,21,1,2,1,1,4,1,2,7,6,2,3,4,1,4,1,3,2,4,2,15,15,8,15,15,1,0,9300,1,3,1,3,3,3,1,0,0,0,0,2,0,0,3,1,100,1,0
0,1,1,0,vg9szqte,21,1,2,1,1,4,1,2,7,6,2,3,4,1,4,1,3,2,5,1,12,12,8,14,12,0,0,9300,0,0,0,0,0,3,1,3,3,1,2,5,0,0,3,2,700,1,0
0,1,1,0,vg9szqte,21,1,2,1,1,4,1,2,7,6,2,3,4,1,4,1,3,2,6,2,16,15,11,19,12,0,0,8900,1,3,0.75,4,0,0,0,0,3,1,5,5,3,1,3,2,700,0,0
0,1,1,0,vg9szqte,21,1,2,1,1,4,1,2,7,6,2,3,4,1,4,1,3,2,7,1,19,12,1,17,12,0,0,8200,0,0,0,7,0,0,0,0,0,0,5,9,3,2,3,2,1100,0,0
0,1,1,0,vg9szqte,21,1,2,1,1,4,1,2,7,6,2,3,4,1,4,1,3,2,8,1,14,14,15,16,12,0,0,8200,1,2,1,2,0,0,0,0,0,0,9,16,3,2,3,2,1800,0,0
0,1,1,0,vg9szqte,21,1,2,1,1,4,1,2,7,6,2,3,4,1,4,1,3,2,9,2,12,12,11,17,12,0,0,8200,0,0,0,0,0,0,0,0,0,0,16,18,3,2,3,2,1800,0,0
0,1,1,0,vg9szqte,21,1,2,1,1,4,1,2,7,6,2,3,4,1,4,1,3,2,10,2,15,15,13,16,16,0,0,7500,1,3,1,3,4,4,1,0,0,0,18,18,3,2,7,3,1800,0,0
0,1,1,0,vg9szqte,21,1,2,1,1,4,1,2,7,6,2,3,4,1,4,1,3,2,11,1,18,15,19,13,12,0,0,7200,1,3,0.5,6,0,4,1,4,4,1,18,21,3,2,7,4,2500,0,0
0,1,1,0,vg9szqte,21,1,2,1,1,4,1,2,7,6,2,3,4,1,4,1,3,2,12,1,20,20,20,15,12,0,0,7200,1,8,1,8,0,4,1,0,4,1,21,27,7,3,7,5,2800,0,0
0,1,1,0,vg9szqte,21,1,2,1,1,4,1,2,7,6,2,3,4,1,4,1,3,2,13,2,13,12,14,13,12,0,0,7100,0,0,0,1,0,0,0,0,4,1,27,35,7,4,7,5,2800,0,0
0,1,1,0,vg9szqte,21,1,2,1,1,4,1,2,7,6,2,3,4,1,4,1,3,2,14,1,17,17,5,18,12,0,0,7100,1,5,1,5,0,0,0,0,0,0,35,36,7,5,7,5,2900,0,0
0,1,1,0,vg9szqte,21,1,2,1,1,4,1,2,7,6,2,3,4,1,4,1,3,2,15,2,16,16,21,20,20,0,0,5900,1,4,1,4,8,8,1,0,0,0,36,41,7,5,15,6,2900,0,0
0,1,1,0,f6p4nnma,23,1,3,1,0,3,1,6,2,8,3,2,4,2,4,2,1,3,1,2,12,12,10,12,4,0,0,10000,0,0,0,0,0,0,0,0,0,0,0,0,0,0,0,0,0,0,0
0,1,1,0,f6p4nnma,23,1,3,1,0,3,1,6,2,8,3,2,4,2,4,2,1,3,2,1,13,12,15,13,12,0,0,9900,0,0,0,1,0,0,0,0,0,0,0,0,0,0,0,0,0,0,0
0,1,1,0,f6p4nnma,23,1,3,1,0,3,1,6,2,8,3,2,4,2,4,2,1,3,3,1,11,11,7,14,12,0,0,9900,0,-1,-1,-1,0,0,0,0,0,0,0,1,0,0,0,0,100,0,0
0,1,1,0,f6p4nnma,23,1,3,1,0,3,1,6,2,8,3,2,4,2,4,2,1,3,4,1,15,15,7,15,12,0,0,9900,1,3,1,3,0,0,0,0,0,0,1,0,0,0,0,0,100,0,0
0,1,1,0,f6p4nnma,23,1,3,1,0,3,1,6,2,8,3,2,4,2,4,2,1,3,5,2,14,14,7,12,12,0,0,9700,1,2,1,2,0,0,0,0,0,0,0,3,0,0,0,0,100,0,0
0,1,1,0,f6p4nnma,23,1,3,1,0,3,1,6,2,8,3,2,4,2,4,2,1,3,6,2,18,12,9,16,16,0,0,8700,0,0,0,6,4,4,1,0,0,0,3,5,0,0,4,1,300,0,0
0,1,1,0,f6p4nnma,23,1,3,1,0,3,1,6,2,8,3,2,4,2,4,2,1,3,7,1,12,12,17,16,12,0,0,8700,0,0,0,0,0,4,1,4,4,1,5,11,0,0,4,2,1300,0,0
0,1,1,0,f6p4nnma,23,1,3,1,0,3,1,6,2,8,3,2,4,2,4,2,1,3,8,1,20,20,3,18,12,1,400,8300,1,8,1,8,0,4,1,0,4,1,11,11,4,1,4,3,1300,0,0
0,1,1,0,f6p4nnma,23,1,3,1,0,3,1,6,2,8,3,2,4,2,4,2,1,3,9,2,16,16,13,19,19,0,0,7200,1,4,1,4,7,7,1,0,4,1,11,19,4,2,11,4,1700,1,1
0,1,1,0,f6p4nnma,23,1,3,1,0,3,1,6,2,8,3,2,4,2,4,2,1,3,10,1,14,14,11,14,12,0,0,7200,1,2,1,2,0,7,1,7,7,1,19,23,4,3,11,5,2800,0,0
0,1,1,0,f6p4nnma,23,1,3,1,0,3,1,6,2,8,3,2,4,2,4,2,1,3,11,1,16,16,3,17,12,0,0,7200,1,4,1,4,0,7,1,0,7,1,23,25,11,4,11,6,2800,0,0
0,1,1,0,f6p4nnma,23,1,3,1,0,3,1,6,2,8,3,2,4,2,4,2,1,3,12,1,15,15,15,14,12,1,150,7050,1,3,1,3,0,7,1,0,7,1,25,29,11,5,11,7,2800,0,0
0,1,1,0,f6p4nnma,23,1,3,1,0,3,1,6,2,8,3,2,4,2,4,2,1,3,13,2,19,19,17,16,16,0,0,5950,1,7,1,7,4,4,1,0,7,1,29,32,11,6,15,8,2950,1,1
0,1,1,0,f6p4nnma,23,1,3,1,0,3,1,6,2,8,3,2,4,2,4,2,1,3,14,1,13,13,10,20,12,0,0,5950,1,1,1,1,0,4,1,4,4,1,32,39,11,7,15,9,4050,0,0
0,1,1,0,f6p4nnma,23,1,3,1,0,3,1,6,2,8,3,2,4,2,4,2,1,3,15,2,17,14,3,20,20,0,0,4650,1,2,0.4,5,8,8,1,0,4,1,39,40,15,8,23,10,4050,0,0
0,1,1,0,u85452r1,26,1,4,2,1,3,1,2,7,2,5,3,2,3,2,1,3,1,1,1,14,12,16,13,12,0,0,9800,0,0,0,2,0,0,0,0,0,0,0,0,0,0,0,0,0,0,0
0,1,1,0,u85452r1,26,1,4,2,1,3,1,2,7,2,5,3,2,3,2,1,3,1,2,1,15,12,20,11,12,0,0,9500,0,0,0,3,0,0,0,0,0,0,2,2,0,0,0,0,200,0,0
0,1,1,0,u85452r1,26,1,4,2,1,3,1,2,7,2,5,3,2,3,2,1,3,1,3,1,13,13,1,15,12,0,0,9500,1,1,1,1,0,0,0,0,0,0,2,5,0,0,0,0,500,0,0
0,1,1,0,u85452r1,26,1,4,2,1,3,1,2,7,2,5,3,2,3,2,1,3,1,4,1,12,12,11,15,12,0,0,9500,0,0,0,0,0,0,0,0,0,0,5,6,0,0,0,0,500,0,0
0,1,1,0,u85452r1,26,1,4,2,1,3,1,2,7,2,5,3,2,3,2,1,3,1,5,1,11,11,20,14,12,0,0,9500,0,-1,-1,-1,0,0,0,0,0,0,6,6,0,0,0,0,500,0,0
0,1,1,0,u85452r1,26,1,4,2,1,3,1,2,7,2,5,3,2,3,2,1,3,1,6,1,16,16,8,18,12,0,0,9500,1,4,1,4,0,0,0,0,0,0,6,5,0,0,0,0,500,0,0
0,1,1,0,u85452r1,26,1,4,2,1,3,1,2,7,2,5,3,2,3,2,1,3,1,7,2,19,19,21,16,15,0,0,8500,1,7,1,7,3,3,1,0,0,0,5,9,0,0,3,1,500,0,0
0,1,1,0,u85452r1,26,1,4,2,1,3,1,2,7,2,5,3,2,3,2,1,3,1,8,1,13,13,16,16,12,0,0,8500,1,1,1,1,0,3,1,3,3,1,9,16,0,0,3,2,1500,0,0
0,1,1,0,u85452r1,26,1,4,2,1,3,1,2,7,2,5,3,2,3,2,1,3,1,9,1,20,20,18,18,12,1,400,8100,1,8,1,8,0,3,1,0,3,1,16,17,3,1,3,3,1500,0,0
0,1,1,0,u85452r1,26,1,4,2,1,3,1,2,7,2,5,3,2,3,2,1,3,1,10,2,14,14,18,15,13,0,0,7800,1,2,1,2,1,1,1,0,3,1,17,25,3,2,4,4,1900,1,1
0,1,1,0,u85452r1,26,1,4,2,1,3,1,2,7,2,5,3,2,3,2,1,3,1,11,1,15,15,18,13,12,0,0,7800,1,3,1,3,0,1,1,1,1,1,25,27,3,3,4,5,2200,0,0
0,1,1,0,u85452r1,26,1,4,2,1,3,1,2,7,2,5,3,2,3,2,1,3,1,12,1,17,17,5,19,12,0,0,7800,1,5,1,5,0,1,1,0,1,1,27,30,4,4,4,6,2200,0,0
0,1,1,0,u85452r1,26,1,4,2,1,3,1,2,7,2,5,3,2,3,2,1,3,1,13,2,16,16,13,15,15,0,0,7100,1,4,1,4,3,3,1,0,1,1,30,35,4,5,7,7,2200,0,0
0,1,1,0,u85452r1,26,1,4,2,1,3,1,2,7,2,5,3,2,3,2,1,3,1,14,1,12,12,16,12,12,0,0,7100,0,0,0,0,0,3,1,3,3,1,35,39,4,6,7,8,2900,0,0
0,1,1,0,u85452r1,26,1,4,2,1,3,1,2,7,2,5,3,2,3,2,1,3,1,15,2,18,18,12,18,18,0,0,5900,1,6,1,6,6,6,1,0,3,1,39,39,7,7,13,9,2900,0,0
0,1,1,0,8sv0q9hr,26,1,4,2,0,3,1,3,4,5,5,4,5,2,4,1,2,2,1,1,12,4,8,12,12,0,0,9200,0,-8,-8,0,0,0,0,0,0,0,0,0,0,0,0,0,0,0,0
0,1,1,0,8sv0q9hr,26,1,4,2,0,3,1,3,4,5,5,4,5,2,4,1,2,2,2,1,14,8,3,13,12,1,0,8600,0,-4,-2,2,0,0,0,0,0,0,0,0,0,0,0,0,800,0,0
0,1,1,0,8sv0q9hr,26,1,4,2,0,3,1,3,4,5,5,4,5,2,4,1,2,2,3,1,11,9,17,14,12,0,0,8400,0,-3,-3,-1,0,0,0,0,0,0,0,2,0,0,0,0,1400,0,0
0,1,1,0,8sv0q9hr,26,1,4,2,0,3,1,3,4,5,5,4,5,2,4,1,2,2,4,2,13,13,5,13,7,0,0,8400,1,1,1,1,0,0,0,0,0,0,2,1,0,0,0,0,1600,0,0
0,1,1,0,8sv0q9hr,26,1,4,2,0,3,1,3,4,5,5,4,5,2,4,1,2,2,5,2,15,12,5,15,8,0,0,8400,0,0,0,3,0,0,0,0,0,0,1,2,0,0,0,0,1600,0,0
0,1,1,0,8sv0q9hr,26,1,4,2,0,3,1,3,4,5,5,4,5,2,4,1,2,2,6,1,19,14,16,20,12,0,0,7900,1,2,0.285714285714286,7,0,0,0,0,0,0,2,5,0,0,0,0,1600,0,0
0,1,1,0,8sv0q9hr,26,1,4,2,0,3,1,3,4,5,5,4,5,2,4,1,2,2,7,1,13,14,14,20,12,1,100,7800,1,2,2,1,0,0,0,0,0,0,5,12,0,0,0,0,2100,0,0
0,1,1,0,8sv0q9hr,26,1,4,2,0,3,1,3,4,5,5,4,5,2,4,1,2,2,8,1,17,17,1,14,12,0,0,7800,1,5,1,5,0,0,0,0,0,0,12,13,0,0,0,0,2200,1,1
0,1,1,0,8sv0q9hr,26,1,4,2,0,3,1,3,4,5,5,4,5,2,4,1,2,2,9,1,16,14,17,19,12,0,0,7600,1,2,0.5,4,0,0,0,0,0,0,13,18,0,0,0,0,2200,0,0
0,1,1,0,8sv0q9hr,26,1,4,2,0,3,1,3,4,5,5,4,5,2,4,1,2,2,10,1,15,15,5,15,12,1,150,7450,1,3,1,3,0,0,0,0,0,0,18,22,0,0,0,0,2400,0,0
0,1,1,0,8sv0q9hr,26,1,4,2,0,3,1,3,4,5,5,4,5,2,4,1,2,2,11,2,16,14,5,17,12,0,0,7050,1,2,0.5,4,0,0,0,0,0,0,22,25,0,0,0,0,2550,1,1
0,1,1,0,8sv0q9hr,26,1,4,2,0,3,1,3,4,5,5,4,5,2,4,1,2,2,12,1,18,18,21,17,12,0,0,7050,1,6,1,6,0,0,0,0,0,0,25,29,0,0,0,0,2950,0,0
0,1,1,0,8sv0q9hr,26,1,4,2,0,3,1,3,4,5,5,4,5,2,4,1,2,2,13,1,12,12,1,18,12,0,0,7050,0,0,0,0,0,0,0,0,0,0,29,35,0,0,0,0,2950,0,0
0,1,1,0,8sv0q9hr,26,1,4,2,0,3,1,3,4,5,5,4,5,2,4,1,2,2,14,2,20,16,8,13,13,0,0,6150,1,4,0.5,8,1,1,1,0,0,0,35,35,0,0,1,1,2950,0,0
0,1,1,0,8sv0q9hr,26,1,4,2,0,3,1,3,4,5,5,4,5,2,4,1,2,2,15,1,14,14,11,13,12,0,0,6150,1,2,1,2,0,1,1,1,1,1,35,43,0,0,1,2,3850,0,0
0,1,1,0,zfneq00t,26,1,4,2,0,4,1,5,3,4,5,5,5,5,5,2,1,2,1,1,12,12,5,12,12,0,0,10000,0,0,0,0,0,0,0,0,0,0,0,0,0,0,0,0,0,0,0
0,1,1,0,zfneq00t,26,1,4,2,0,4,1,5,3,4,5,5,5,5,5,2,1,2,2,1,11,11,4,14,12,0,0,10000,0,-1,-1,-1,0,0,0,0,0,0,0,0,0,0,0,0,0,0,0
0,1,1,0,zfneq00t,26,1,4,2,0,4,1,5,3,4,5,5,5,5,5,2,1,2,3,1,14,12,21,12,12,0,0,9800,0,0,0,2,0,0,0,0,0,0,0,-1,0,0,0,0,0,0,0
0,1,1,0,zfneq00t,26,1,4,2,0,4,1,5,3,4,5,5,5,5,5,2,1,2,4,2,15,14,9,12,12,1,0,9500,1,2,0.666666666666667,3,0,0,0,0,0,0,-1,1,0,0,0,0,200,0,0
0,1,1,0,zfneq00t,26,1,4,2,0,4,1,5,3,4,5,5,5,5,5,2,1,2,5,2,13,12,13,12,12,1,0,9400,0,0,0,1,0,0,0,0,0,0,1,4,0,0,0,0,500,1,0
0,1,1,0,zfneq00t,26,1,4,2,0,4,1,5,3,4,5,5,5,5,5,2,1,2,6,1,19,12,7,16,12,0,0,8700,0,0,0,7,0,0,0,0,0,0,4,5,0,0,0,0,600,1,0
0,1,1,0,zfneq00t,26,1,4,2,0,4,1,5,3,4,5,5,5,5,5,2,1,2,7,1,18,12,15,20,12,1,0,8100,0,0,0,6,0,0,0,0,0,0,5,12,0,0,0,0,1300,0,0
0,1,1,0,zfneq00t,26,1,4,2,0,4,1,5,3,4,5,5,5,5,5,2,1,2,8,2,20,12,13,16,16,0,0,6900,0,0,0,8,4,4,1,0,0,0,12,18,0,0,4,1,1900,1,0
0,1,1,0,zfneq00t,26,1,4,2,0,4,1,5,3,4,5,5,5,5,5,2,1,2,9,1,17,12,7,12,12,0,0,6400,0,0,0,5,0,4,1,4,4,1,18,26,0,0,4,2,3100,0,0
0,1,1,0,zfneq00t,26,1,4,2,0,4,1,5,3,4,5,5,5,5,5,2,1,2,10,2,14,12,8,14,14,0,0,6000,0,0,0,2,2,2,1,0,4,1,26,31,4,1,6,3,3600,0,0
0,1,1,0,zfneq00t,26,1,4,2,0,4,1,5,3,4,5,5,5,5,5,2,1,2,11,2,15,12,1,15,15,0,0,5400,0,0,0,3,3,3,1,2,2,1,31,33,4,2,9,4,4000,0,0
0,1,1,0,zfneq00t,26,1,4,2,0,4,1,5,3,4,5,5,5,5,5,2,1,2,12,2,16,12,2,19,15,0,0,4700,0,0,0,4,3,3,1,3,3,1,33,36,6,3,12,5,4600,0,0
0,1,1,0,zfneq00t,26,1,4,2,0,4,1,5,3,4,5,5,5,5,5,2,1,2,13,1,12,12,5,14,12,0,0,4700,0,0,0,0,0,3,1,3,3,1,36,40,9,4,12,6,5300,0,0
0,1,1,0,zfneq00t,26,1,4,2,0,4,1,5,3,4,5,5,5,5,5,2,1,2,14,2,16,12,3,16,16,1,0,3900,0,0,0,4,4,4,1,0,3,1,40,40,12,5,16,7,5300,0,0
0,1,1,0,zfneq00t,26,1,4,2,0,4,1,5,3,4,5,5,5,5,5,2,1,2,15,2,13,12,10,14,14,1,0,3600,0,0,0,1,2,2,1,4,4,1,40,44,12,6,18,8,6100,1,0
0,1,1,0,85bpfchc,21,1,3,1,1,2,2,1,4,4,4,2,4,2,4,1,2,2,1,1,15,12,6,15,12,0,0,9700,0,0,0,3,0,0,0,0,0,0,0,0,0,0,0,0,0,0,0
0,1,1,0,85bpfchc,21,1,3,1,1,2,2,1,4,4,4,2,4,2,4,1,2,2,2,1,13,13,6,13,12,0,0,9700,1,1,1,1,0,0,0,0,0,0,3,3,0,0,0,0,300,0,0
0,1,1,0,85bpfchc,21,1,3,1,1,2,2,1,4,4,4,2,4,2,4,1,2,2,3,1,11,11,6,11,12,0,0,9700,0,-1,-1,-1,0,0,0,0,0,0,3,4,0,0,0,0,300,0,0
0,1,1,0,85bpfchc,21,1,3,1,1,2,2,1,4,4,4,2,4,2,4,1,2,2,4,2,12,12,1,12,11,0,0,9700,0,0,0,0,0,0,0,0,0,0,4,3,0,0,0,0,300,0,0
0,1,1,0,85bpfchc,21,1,3,1,1,2,2,1,4,4,4,2,4,2,4,1,2,2,5,1,14,14,21,14,12,0,0,9700,1,2,1,2,0,0,0,0,0,0,3,3,0,0,0,0,300,0,0
0,1,1,0,85bpfchc,21,1,3,1,1,2,2,1,4,4,4,2,4,2,4,1,2,2,6,2,20,20,17,18,18,0,0,8300,1,8,1,8,6,6,1,0,0,0,3,5,0,0,6,1,300,0,0
0,1,1,0,85bpfchc,21,1,3,1,1,2,2,1,4,4,4,2,4,2,4,1,2,2,7,2,14,14,4,16,12,0,0,8100,1,2,1,2,0,0,0,6,6,1,5,13,0,0,6,1,1700,0,0
0,1,1,0,85bpfchc,21,1,3,1,1,2,2,1,4,4,4,2,4,2,4,1,2,2,8,2,16,16,19,14,14,0,0,7500,1,4,1,4,2,2,1,0,0,0,13,15,6,1,8,2,1900,0,0
0,1,1,0,85bpfchc,21,1,3,1,1,2,2,1,4,4,4,2,4,2,4,1,2,2,9,2,13,12,3,13,13,1,0,7300,0,0,0,1,1,1,1,2,2,1,15,19,6,1,9,3,2500,0,0
0,1,1,0,85bpfchc,21,1,3,1,1,2,2,1,4,4,4,2,4,2,4,1,2,2,10,1,12,12,17,12,12,0,0,7300,0,0,0,0,0,1,1,1,1,1,19,20,8,2,9,4,2700,1,0
0,1,1,0,85bpfchc,21,1,3,1,1,2,2,1,4,4,4,2,4,2,4,1,2,2,11,2,17,17,16,16,8,0,0,7200,1,5,1,5,0,0,0,0,1,1,20,20,9,3,9,4,2700,0,0
0,1,1,0,85bpfchc,21,1,3,1,1,2,2,1,4,4,4,2,4,2,4,1,2,2,12,1,15,15,17,13,12,0,0,7200,1,3,1,3,0,0,0,0,0,0,20,25,9,4,9,4,2800,0,0
0,1,1,0,85bpfchc,21,1,3,1,1,2,2,1,4,4,4,2,4,2,4,1,2,2,13,1,16,16,20,18,12,0,0,7200,1,4,1,4,0,0,0,0,0,0,25,28,9,4,9,4,2800,0,0
0,1,1,0,85bpfchc,21,1,3,1,1,2,2,1,4,4,4,2,4,2,4,1,2,2,14,2,19,19,14,14,12,0,0,6500,1,7,1,7,0,0,0,0,0,0,28,32,9,4,9,4,2800,0,0
0,1,1,0,85bpfchc,21,1,3,1,1,2,2,1,4,4,4,2,4,2,4,1,2,2,15,1,18,18,9,18,12,0,0,6500,1,6,1,6,0,0,0,0,0,0,32,39,9,4,9,4,3500,0,0
0,1,1,0,ztsach6c,22,1,3,1,1,2,2,4,3,8,1,1,1,1,1,2,1,3,1,1,13,12,2,15,12,0,0,9900,0,0,0,1,0,0,0,0,0,0,0,0,0,0,0,0,0,0,0
0,1,1,0,ztsach6c,22,1,3,1,1,2,2,4,3,8,1,1,1,1,1,2,1,3,2,2,14,14,15,13,10,0,0,9900,1,2,1,2,0,0,0,0,0,0,1,1,0,0,0,0,100,0,0
0,1,1,0,ztsach6c,22,1,3,1,1,2,2,4,3,8,1,1,1,1,1,2,1,3,3,1,15,15,5,14,12,0,0,9900,1,3,1,3,0,0,0,0,0,0,1,3,0,0,0,0,100,0,0
0,1,1,0,ztsach6c,22,1,3,1,1,2,2,4,3,8,1,1,1,1,1,2,1,3,4,2,11,11,21,15,15,0,0,9700,0,-1,-1,-1,3,3,1,0,0,0,3,6,0,0,3,1,100,0,0
0,1,1,0,ztsach6c,22,1,3,1,1,2,2,4,3,8,1,1,1,1,1,2,1,3,5,1,12,12,11,13,12,0,0,9700,0,0,0,0,0,3,1,3,3,1,6,5,0,0,3,2,300,0,0
0,1,1,0,ztsach6c,22,1,3,1,1,2,2,4,3,8,1,1,1,1,1,2,1,3,6,2,12,12,15,13,13,1,0,9600,0,0,0,0,1,1,1,0,3,1,5,5,3,1,4,3,300,0,0
0,1,1,0,ztsach6c,22,1,3,1,1,2,2,4,3,8,1,1,1,1,1,2,1,3,7,1,20,20,18,12,12,1,400,9200,1,8,1,8,0,1,1,1,1,1,5,5,3,2,4,4,400,1,0
0,1,1,0,ztsach6c,22,1,3,1,1,2,2,4,3,8,1,1,1,1,1,2,1,3,8,1,16,16,11,20,12,0,0,9200,1,4,1,4,0,1,1,0,1,1,5,13,4,3,4,5,800,1,1
0,1,1,0,ztsach6c,22,1,3,1,1,2,2,4,3,8,1,1,1,1,1,2,1,3,9,1,19,19,8,16,12,0,0,9200,1,7,1,7,0,1,1,0,1,1,13,17,4,4,4,6,800,0,0
0,1,1,0,ztsach6c,22,1,3,1,1,2,2,4,3,8,1,1,1,1,1,2,1,3,10,1,16,16,7,15,12,0,0,9200,1,4,1,4,0,1,1,0,1,1,17,24,4,5,4,7,800,0,0
0,1,1,0,ztsach6c,22,1,3,1,1,2,2,4,3,8,1,1,1,1,1,2,1,3,11,1,14,14,2,13,12,0,0,9200,1,2,1,2,0,1,1,0,1,1,24,28,4,6,4,8,800,0,0
0,1,1,0,ztsach6c,22,1,3,1,1,2,2,4,3,8,1,1,1,1,1,2,1,3,12,2,13,13,19,18,18,0,0,8500,1,1,1,1,6,6,1,0,1,1,28,30,4,7,10,9,800,0,0
0,1,1,0,ztsach6c,22,1,3,1,1,2,2,4,3,8,1,1,1,1,1,2,1,3,13,1,15,15,9,16,12,0,0,8500,1,3,1,3,0,6,1,6,6,1,30,31,4,8,10,10,1500,0,0
0,1,1,0,ztsach6c,22,1,3,1,1,2,2,4,3,8,1,1,1,1,1,2,1,3,14,2,18,18,18,17,17,1,0,7400,1,6,1,6,5,5,1,0,6,1,31,34,10,9,15,11,1500,0,0
0,1,1,0,ztsach6c,22,1,3,1,1,2,2,4,3,8,1,1,1,1,1,2,1,3,15,2,17,17,3,20,20,0,0,6100,1,5,1,5,8,8,1,5,5,1,34,40,10,10,23,12,2600,1,0
0,1,1,0,ig4wadjz,22,1,3,1,1,2,2,1,3,5,4,5,3,3,5,1,1,2,1,1,14,14,19,14,12,0,0,10000,1,2,1,2,0,0,0,0,0,0,0,0,0,0,0,0,0,0,0
0,1,1,0,ig4wadjz,22,1,3,1,1,2,2,1,3,5,4,5,3,3,5,1,1,2,2,2,15,15,16,15,15,0,0,9400,1,3,1,3,3,3,1,0,0,0,2,2,0,0,0,0,0,0,0
0,1,1,0,ig4wadjz,22,1,3,1,1,2,2,1,3,5,4,5,3,3,5,1,1,2,3,2,13,12,20,13,13,1,0,9200,0,0,0,1,1,1,1,3,3,1,2,5,0,0,4,2,600,0,0
0,1,1,0,ig4wadjz,22,1,3,1,1,2,2,1,3,5,4,5,3,3,5,1,1,2,4,1,11,11,20,15,12,0,0,9200,0,-1,-1,-1,0,1,1,1,1,1,5,6,3,1,4,3,800,1,0
0,1,1,0,ig4wadjz,22,1,3,1,1,2,2,1,3,5,4,5,3,3,5,1,1,2,5,2,12,12,18,15,15,0,0,8900,0,0,0,0,3,3,1,0,1,1,6,5,4,2,7,4,800,0,0
0,1,1,0,ig4wadjz,22,1,3,1,1,2,2,1,3,5,4,5,3,3,5,1,1,2,6,2,16,14,4,14,8,1,0,8900,1,2,0.5,4,0,0,0,3,3,1,5,5,4,3,7,4,1100,0,0
0,1,1,0,ig4wadjz,22,1,3,1,1,2,2,1,3,5,4,5,3,3,5,1,1,2,7,2,20,18,10,13,14,1,0,7900,1,6,0.75,8,2,2,1,0,0,0,5,9,7,4,9,5,1100,1,0
0,1,1,0,ig4wadjz,22,1,3,1,1,2,2,1,3,5,4,5,3,3,5,1,1,2,8,2,19,19,17,20,20,1,0,6400,1,7,1,7,8,8,1,2,2,1,9,17,7,4,17,6,2100,1,0
0,1,1,0,ig4wadjz,22,1,3,1,1,2,2,1,3,5,4,5,3,3,5,1,1,2,9,1,12,12,5,13,12,1,0,6400,0,0,0,0,0,8,1,8,8,1,17,24,9,5,17,7,3600,1,0
0,1,1,0,ig4wadjz,22,1,3,1,1,2,2,1,3,5,4,5,3,3,5,1,1,2,10,1,18,18,3,15,12,1,300,6100,1,6,1,6,0,8,1,0,8,1,24,24,17,6,17,8,3600,1,0
0,1,1,0,ig4wadjz,22,1,3,1,1,2,2,1,3,5,4,5,3,3,5,1,1,2,11,1,16,13,15,17,12,0,0,5800,1,1,0.25,4,0,8,1,0,8,1,24,30,17,7,17,9,3900,1,1
0,1,1,0,ig4wadjz,22,1,3,1,1,2,2,1,3,5,4,5,3,3,5,1,1,2,12,1,17,15,1,16,12,1,150,5450,1,3,0.6,5,0,8,1,0,8,1,30,34,17,8,17,10,4200,0,0
0,1,1,0,ig4wadjz,22,1,3,1,1,2,2,1,3,5,4,5,3,3,5,1,1,2,13,1,13,12,3,12,12,1,0,5350,0,0,0,1,0,8,1,0,8,1,34,39,17,9,17,11,4550,1,1
0,1,1,0,ig4wadjz,22,1,3,1,1,2,2,1,3,5,4,5,3,3,5,1,1,2,14,1,14,12,12,19,12,0,0,5150,0,0,0,2,0,8,1,0,8,1,39,40,17,10,17,12,4650,1,0
0,1,1,0,ig4wadjz,22,1,3,1,1,2,2,1,3,5,4,5,3,3,5,1,1,2,15,1,15,12,18,16,12,0,0,4850,0,0,0,3,0,8,1,0,8,1,40,42,17,11,17,13,4850,0,0
0,1,1,0,atv1ny22,20,1,3,1,1,2,2,1,7,7,2,2,3,2,2,1,3,3,1,1,15,8,4,11,12,1,0,9300,0,-4,-1.33333333333333,3,0,0,0,0,0,0,0,0,0,0,0,0,0,0,0
0,1,1,0,atv1ny22,20,1,3,1,1,2,2,1,7,7,2,2,3,2,2,1,3,3,2,1,13,10,13,14,12,0,0,9000,0,-2,-2,1,0,0,0,0,0,0,3,3,0,0,0,0,700,0,0
0,1,1,0,atv1ny22,20,1,3,1,1,2,2,1,7,7,2,2,3,2,2,1,3,3,3,1,11,11,16,14,12,0,0,9000,0,-1,-1,-1,0,0,0,0,0,0,3,4,0,0,0,0,1000,0,0
0,1,1,0,atv1ny22,20,1,3,1,1,2,2,1,7,7,2,2,3,2,2,1,3,3,4,1,12,12,19,15,12,0,0,9000,0,0,0,0,0,0,0,0,0,0,4,3,0,0,0,0,1000,0,0
0,1,1,0,atv1ny22,20,1,3,1,1,2,2,1,7,7,2,2,3,2,2,1,3,3,5,1,14,12,19,13,12,0,0,8800,0,0,0,2,0,0,0,0,0,0,3,3,0,0,0,0,1000,0,0
0,1,1,0,atv1ny22,20,1,3,1,1,2,2,1,7,7,2,2,3,2,2,1,3,3,6,1,13,13,13,12,12,1,50,8750,1,1,1,1,0,0,0,0,0,0,3,5,0,0,0,0,1200,0,0
0,1,1,0,atv1ny22,20,1,3,1,1,2,2,1,7,7,2,2,3,2,2,1,3,3,7,2,20,12,11,18,12,0,0,7950,0,0,0,8,0,0,0,0,0,0,5,6,0,0,0,0,1250,1,1
0,1,1,0,atv1ny22,20,1,3,1,1,2,2,1,7,7,2,2,3,2,2,1,3,3,8,1,16,12,18,16,12,0,0,7550,0,0,0,4,0,0,0,0,0,0,6,14,0,0,0,0,2050,0,0
0,1,1,0,atv1ny22,20,1,3,1,1,2,2,1,7,7,2,2,3,2,2,1,3,3,9,1,12,12,21,18,12,0,0,7550,0,0,0,0,0,0,0,0,0,0,14,18,0,0,0,0,2450,0,0
0,1,1,0,atv1ny22,20,1,3,1,1,2,2,1,7,7,2,2,3,2,2,1,3,3,10,1,18,12,19,17,12,0,0,6950,0,0,0,6,0,0,0,0,0,0,18,18,0,0,0,0,2450,0,0
0,1,1,0,atv1ny22,20,1,3,1,1,2,2,1,7,7,2,2,3,2,2,1,3,3,11,2,17,17,14,16,13,0,0,6350,1,5,1,5,1,1,1,0,0,0,18,24,0,0,1,1,3050,0,0
0,1,1,0,atv1ny22,20,1,3,1,1,2,2,1,7,7,2,2,3,2,2,1,3,3,12,2,14,14,8,15,15,0,0,5850,1,2,1,2,3,3,1,1,1,1,24,29,0,0,4,2,3650,0,0
0,1,1,0,atv1ny22,20,1,3,1,1,2,2,1,7,7,2,2,3,2,2,1,3,3,13,1,16,16,19,16,12,0,0,5850,1,4,1,4,0,3,1,3,3,1,29,31,1,1,4,3,4150,0,0
0,1,1,0,atv1ny22,20,1,3,1,1,2,2,1,7,7,2,2,3,2,2,1,3,3,14,2,15,15,21,15,15,0,0,5250,1,3,1,3,3,3,1,0,3,1,31,35,4,2,7,4,4150,0,0
0,1,1,0,atv1ny22,20,1,3,1,1,2,2,1,7,7,2,2,3,2,2,1,3,3,15,2,19,19,6,18,18,0,0,3950,1,7,1,7,6,6,1,3,3,1,35,38,4,3,13,5,4750,0,0
0,1,1,0,79xm1f8d,23,1,3,1,1,2,2,4,3,8,4,4,5,3,4,2,1,3,1,2,13,13,9,14,12,0,0,9900,1,1,1,1,0,0,0,0,0,0,0,0,0,0,0,0,0,0,0
0,1,1,0,79xm1f8d,23,1,3,1,1,2,2,4,3,8,4,4,5,3,4,2,1,3,2,1,15,15,14,15,12,0,0,9900,1,3,1,3,0,0,0,0,0,0,1,1,0,0,0,0,100,0,0
0,1,1,0,79xm1f8d,23,1,3,1,1,2,2,4,3,8,4,4,5,3,4,2,1,3,3,2,14,14,15,11,11,0,0,9800,1,2,1,2,0,0,0,0,0,0,1,4,0,0,0,0,100,0,0
0,1,1,0,79xm1f8d,23,1,3,1,1,2,2,4,3,8,4,4,5,3,4,2,1,3,4,2,11,11,18,11,11,0,0,9800,0,-1,-1,-1,0,0,0,0,0,0,4,6,0,0,0,0,200,0,0
0,1,1,0,79xm1f8d,23,1,3,1,1,2,2,4,3,8,4,4,5,3,4,2,1,3,5,1,12,12,2,13,12,0,0,9800,0,0,0,0,0,0,0,0,0,0,6,5,0,0,0,0,200,0,0
0,1,1,0,79xm1f8d,23,1,3,1,1,2,2,4,3,8,4,4,5,3,4,2,1,3,6,2,20,20,10,19,14,0,0,8800,1,8,1,8,2,2,1,0,0,0,5,5,0,0,2,1,200,0,0
0,1,1,0,79xm1f8d,23,1,3,1,1,2,2,4,3,8,4,4,5,3,4,2,1,3,7,2,18,18,2,16,16,1,0,7800,1,6,1,6,4,4,1,2,2,1,5,13,0,0,6,2,1200,0,0
0,1,1,0,79xm1f8d,23,1,3,1,1,2,2,4,3,8,4,4,5,3,4,2,1,3,8,2,16,16,9,13,13,0,0,7300,1,4,1,4,1,1,1,4,4,1,13,19,2,1,7,3,2200,1,0
0,1,1,0,79xm1f8d,23,1,3,1,1,2,2,4,3,8,4,4,5,3,4,2,1,3,9,1,13,13,4,16,12,0,0,7300,1,1,1,1,0,1,1,1,1,1,19,23,6,2,7,4,2700,0,0
0,1,1,0,79xm1f8d,23,1,3,1,1,2,2,4,3,8,4,4,5,3,4,2,1,3,10,2,15,13,6,13,13,0,0,6900,1,1,0.333333333333333,3,1,1,1,0,1,1,23,24,7,3,8,5,2700,0,0
0,1,1,0,79xm1f8d,23,1,3,1,1,2,2,4,3,8,4,4,5,3,4,2,1,3,11,1,16,8,12,17,12,0,0,6100,0,-4,-1,4,0,1,1,1,1,1,24,27,7,4,8,6,3100,0,0
0,1,1,0,79xm1f8d,23,1,3,1,1,2,2,4,3,8,4,4,5,3,4,2,1,3,12,2,14,14,4,17,13,0,0,5800,1,2,1,2,1,1,1,0,1,1,27,31,8,5,9,7,3900,0,0
0,1,1,0,79xm1f8d,23,1,3,1,1,2,2,4,3,8,4,4,5,3,4,2,1,3,13,2,19,19,18,20,12,1,0,5100,1,7,1,7,0,0,0,1,1,1,31,33,8,6,9,7,4200,0,0
0,1,1,0,79xm1f8d,23,1,3,1,1,2,2,4,3,8,4,4,5,3,4,2,1,3,14,2,12,12,9,12,12,0,0,5100,0,0,0,0,0,0,0,0,0,0,33,40,9,7,9,7,4900,1,0
0,1,1,0,79xm1f8d,23,1,3,1,1,2,2,4,3,8,4,4,5,3,4,2,1,3,15,2,17,16,4,20,12,1,0,4600,1,4,0.8,5,0,0,0,0,0,0,40,40,9,7,9,7,4900,0,0
0,1,1,0,kgukuf5y,21,1,3,1,1,2,2,2,7,3,3,3,3,3,3,1,3,1,1,2,11,11,1,13,12,0,0,10000,0,-1,-1,-1,0,0,0,0,0,0,0,0,0,0,0,0,0,0,0
0,1,1,0,kgukuf5y,21,1,3,1,1,2,2,2,7,3,3,3,3,3,3,1,3,1,2,1,15,12,5,11,12,0,0,9700,0,0,0,3,0,0,0,0,0,0,-1,-1,0,0,0,0,0,0,0
0,1,1,0,kgukuf5y,21,1,3,1,1,2,2,2,7,3,3,3,3,3,3,1,3,1,3,2,14,14,10,11,9,0,0,9700,1,2,1,2,0,0,0,0,0,0,-1,2,0,0,0,0,300,0,0
0,1,1,0,kgukuf5y,21,1,3,1,1,2,2,2,7,3,3,3,3,3,3,1,3,1,4,2,12,12,12,12,12,0,0,9700,0,0,0,0,0,0,0,0,0,0,2,4,0,0,0,0,300,0,0
0,1,1,0,kgukuf5y,21,1,3,1,1,2,2,2,7,3,3,3,3,3,3,1,3,1,5,1,13,13,4,15,12,0,0,9700,1,1,1,1,0,0,0,0,0,0,4,4,0,0,0,0,300,0,0
0,1,1,0,kgukuf5y,21,1,3,1,1,2,2,2,7,3,3,3,3,3,3,1,3,1,6,1,18,18,12,20,12,0,0,9700,1,6,1,6,0,0,0,0,0,0,4,5,0,0,0,0,300,0,0
0,1,1,0,kgukuf5y,21,1,3,1,1,2,2,2,7,3,3,3,3,3,3,1,3,1,7,2,16,16,8,12,12,1,0,9300,1,4,1,4,0,0,0,0,0,0,5,11,0,0,0,0,300,0,0
0,1,1,0,kgukuf5y,21,1,3,1,1,2,2,2,7,3,3,3,3,3,3,1,3,1,8,1,20,20,14,19,12,1,400,8900,1,8,1,8,0,0,0,0,0,0,11,15,0,0,0,0,700,1,0
0,1,1,0,kgukuf5y,21,1,3,1,1,2,2,2,7,3,3,3,3,3,3,1,3,1,9,2,19,19,10,16,14,1,0,8000,1,7,1,7,2,2,1,0,0,0,15,23,0,0,2,1,1100,1,1
0,1,1,0,kgukuf5y,21,1,3,1,1,2,2,2,7,3,3,3,3,3,3,1,3,1,10,2,12,12,12,12,12,1,0,8000,0,0,0,0,0,0,0,2,2,1,23,30,0,0,2,1,2000,1,0
0,1,1,0,kgukuf5y,21,1,3,1,1,2,2,2,7,3,3,3,3,3,3,1,3,1,11,2,15,15,20,16,13,0,0,7600,1,3,1,3,1,1,1,0,0,0,30,30,2,1,3,2,2000,1,0
0,1,1,0,kgukuf5y,21,1,3,1,1,2,2,2,7,3,3,3,3,3,3,1,3,1,12,2,13,13,12,15,15,0,0,7200,1,1,1,1,3,3,1,1,1,1,30,33,2,1,6,3,2400,0,0
0,1,1,0,kgukuf5y,21,1,3,1,1,2,2,2,7,3,3,3,3,3,3,1,3,1,13,1,16,16,8,19,12,0,0,7200,1,4,1,4,0,3,1,3,3,1,33,34,3,2,6,4,2800,0,0
0,1,1,0,kgukuf5y,21,1,3,1,1,2,2,2,7,3,3,3,3,3,3,1,3,1,14,2,17,17,2,17,17,0,0,6200,1,5,1,5,5,5,1,0,3,1,34,38,6,3,11,5,2800,0,0
0,1,1,0,kgukuf5y,21,1,3,1,1,2,2,2,7,3,3,3,3,3,3,1,3,1,15,2,14,14,5,20,15,0,0,5700,1,2,1,2,3,3,1,5,5,1,38,43,6,4,14,6,3800,0,0
0,1,1,0,5c71z4dj,21,1,4,2,1,2,2,4,3,5,2,2,2,2,2,2,1,2,1,1,14,14,20,12,12,0,0,10000,1,2,1,2,0,0,0,0,0,0,0,0,0,0,0,0,0,0,0
0,1,1,0,5c71z4dj,21,1,4,2,1,2,2,4,3,5,2,2,2,2,2,2,1,2,2,1,12,12,2,11,12,1,0,10000,0,0,0,0,0,0,0,0,0,0,2,2,0,0,0,0,0,0,0
0,1,1,0,5c71z4dj,21,1,4,2,1,2,2,4,3,5,2,2,2,2,2,2,1,2,3,2,13,13,2,12,12,0,0,9900,1,1,1,1,0,0,0,0,0,0,2,2,0,0,0,0,0,0,0
0,1,1,0,5c71z4dj,21,1,4,2,1,2,2,4,3,5,2,2,2,2,2,2,1,2,4,1,11,11,16,11,12,0,0,9900,0,-1,-1,-1,0,0,0,0,0,0,2,3,0,0,0,0,100,0,0
0,1,1,0,5c71z4dj,21,1,4,2,1,2,2,4,3,5,2,2,2,2,2,2,1,2,5,1,15,15,14,12,12,0,0,9900,1,3,1,3,0,0,0,0,0,0,3,2,0,0,0,0,100,0,0
0,1,1,0,5c71z4dj,21,1,4,2,1,2,2,4,3,5,2,2,2,2,2,2,1,2,6,1,14,14,2,14,12,0,0,9900,1,2,1,2,0,0,0,0,0,0,2,5,0,0,0,0,100,0,0
0,1,1,0,5c71z4dj,21,1,4,2,1,2,2,4,3,5,2,2,2,2,2,2,1,2,7,2,12,12,13,20,20,0,0,9100,0,0,0,0,8,8,1,0,0,0,5,7,0,0,8,1,100,0,0
0,1,1,0,5c71z4dj,21,1,4,2,1,2,2,4,3,5,2,2,2,2,2,2,1,2,8,2,16,16,15,16,12,0,0,8700,1,4,1,4,0,0,0,8,8,1,7,7,0,0,8,1,900,0,0
0,1,1,0,5c71z4dj,21,1,4,2,1,2,2,4,3,5,2,2,2,2,2,2,1,2,9,2,18,18,9,20,20,0,0,7300,1,6,1,6,8,8,1,0,0,0,7,11,8,1,16,2,1300,0,0
0,1,1,0,5c71z4dj,21,1,4,2,1,2,2,4,3,5,2,2,2,2,2,2,1,2,10,1,15,13,9,14,12,0,0,7100,1,1,0.333333333333333,3,0,8,1,8,8,1,11,17,8,1,16,3,2700,0,0
0,1,1,0,5c71z4dj,21,1,4,2,1,2,2,4,3,5,2,2,2,2,2,2,1,2,11,2,13,13,9,15,15,0,0,6700,1,1,1,1,3,3,1,0,8,1,17,20,16,2,19,4,2900,0,0
0,1,1,0,5c71z4dj,21,1,4,2,1,2,2,4,3,5,2,2,2,2,2,2,1,2,12,2,19,20,19,18,18,0,0,5400,1,8,1.14285714285714,7,6,6,1,3,3,1,20,21,16,3,25,5,3300,0,0
0,1,1,0,5c71z4dj,21,1,4,2,1,2,2,4,3,5,2,2,2,2,2,2,1,2,13,1,20,12,16,19,12,0,0,4600,0,0,0,8,0,6,1,6,6,1,21,28,19,4,25,6,4600,0,0
0,1,1,0,5c71z4dj,21,1,4,2,1,2,2,4,3,5,2,2,2,2,2,2,1,2,14,1,17,17,13,18,12,0,0,4600,1,5,1,5,0,6,1,0,6,1,28,36,25,5,25,7,5400,0,0
0,1,1,0,5c71z4dj,21,1,4,2,1,2,2,4,3,5,2,2,2,2,2,2,1,2,15,2,16,16,14,15,12,0,0,4200,1,4,1,4,0,0,0,0,6,1,36,41,25,6,25,7,5400,0,0
0,1,1,0,a42mp3tc,23,1,3,1,0,1,2,3,7,9,1,1,5,3,5,1,3,3,1,2,14,12,14,14,14,0,0,9600,0,0,0,2,2,2,1,0,0,0,0,0,0,0,0,0,0,0,0
0,1,1,0,a42mp3tc,23,1,3,1,0,1,2,3,7,9,1,1,5,3,5,1,3,3,2,2,11,13,1,14,14,1,0,9500,1,1,1,-1,2,2,1,2,2,1,2,2,2,1,2,1,400,0,0
0,1,1,0,a42mp3tc,23,1,3,1,0,1,2,3,7,9,1,1,5,3,5,1,3,3,3,2,12,13,20,13,13,0,0,9400,1,1,1,0,1,1,1,2,2,1,2,1,2,1,5,3,500,0,0
0,1,1,0,a42mp3tc,23,1,3,1,0,1,2,3,7,9,1,1,5,3,5,1,3,3,4,2,15,16,15,12,12,0,0,9100,1,4,1.33333333333333,3,0,0,0,1,1,1,1,1,4,2,5,3,600,0,0
0,1,1,0,a42mp3tc,23,1,3,1,0,1,2,3,7,9,1,1,5,3,5,1,3,3,5,2,13,14,15,14,12,0,0,9000,1,2,2,1,0,0,0,0,0,0,1,4,5,3,5,3,900,0,0
0,1,1,0,a42mp3tc,23,1,3,1,0,1,2,3,7,9,1,1,5,3,5,1,3,3,6,2,12,12,5,16,10,0,0,9000,0,0,0,0,0,0,0,0,0,0,4,5,5,3,5,3,1000,0,0
0,1,1,0,a42mp3tc,23,1,3,1,0,1,2,3,7,9,1,1,5,3,5,1,3,3,7,1,15,15,20,17,12,1,150,8850,1,3,1,3,0,0,0,0,0,0,5,5,5,3,5,3,1000,0,0
0,1,1,0,a42mp3tc,23,1,3,1,0,1,2,3,7,9,1,1,5,3,5,1,3,3,8,1,14,14,12,16,12,0,0,8850,1,2,1,2,0,0,0,0,0,0,5,8,5,3,5,3,1150,1,1
0,1,1,0,a42mp3tc,23,1,3,1,0,1,2,3,7,9,1,1,5,3,5,1,3,3,9,1,19,19,20,13,12,0,0,8850,1,7,1,7,0,0,0,0,0,0,8,10,5,3,5,3,1150,0,0
0,1,1,0,a42mp3tc,23,1,3,1,0,1,2,3,7,9,1,1,5,3,5,1,3,3,10,2,17,17,15,18,12,1,0,8350,1,5,1,5,0,0,0,0,0,0,10,17,5,3,5,3,1150,0,0
0,1,1,0,a42mp3tc,23,1,3,1,0,1,2,3,7,9,1,1,5,3,5,1,3,3,11,2,13,13,7,18,15,0,0,7950,1,1,1,1,3,3,1,0,0,0,17,22,5,3,8,4,1650,1,0
0,1,1,0,a42mp3tc,23,1,3,1,0,1,2,3,7,9,1,1,5,3,5,1,3,3,12,1,18,18,18,19,12,0,0,7950,1,6,1,6,0,3,1,3,3,1,22,23,5,3,8,5,2050,0,0
0,1,1,0,a42mp3tc,23,1,3,1,0,1,2,3,7,9,1,1,5,3,5,1,3,3,13,2,16,16,15,16,16,0,0,7150,1,4,1,4,4,4,1,0,3,1,23,29,8,4,12,6,2050,0,0
0,1,1,0,a42mp3tc,23,1,3,1,0,1,2,3,7,9,1,1,5,3,5,1,3,3,14,2,20,20,4,13,12,0,0,6350,1,8,1,8,0,0,0,4,4,1,29,33,8,5,12,6,2850,0,0
0,1,1,0,a42mp3tc,23,1,3,1,0,1,2,3,7,9,1,1,5,3,5,1,3,3,15,1,16,16,20,14,12,0,0,6350,1,4,1,4,0,0,0,0,0,0,33,41,12,6,12,6,3650,0,0
0,1,1,0,kzby105a,21,1,3,1,0,4,1,3,10,9,5,5,5,2,5,1,3,3,1,2,12,12,18,14,14,0,0,9800,0,0,0,0,2,2,1,0,0,0,0,0,0,0,0,0,0,0,0
0,1,1,0,kzby105a,21,1,3,1,0,4,1,3,10,9,5,5,5,2,5,1,3,3,2,2,11,11,9,15,12,0,0,9800,0,-1,-1,-1,0,0,0,2,2,1,0,0,2,1,2,1,200,0,0
0,1,1,0,kzby105a,21,1,3,1,0,4,1,3,10,9,5,5,5,2,5,1,3,3,3,1,13,13,14,13,12,1,50,9750,1,1,1,1,0,0,0,0,0,0,0,-1,2,1,2,1,200,0,0
0,1,1,0,kzby105a,21,1,3,1,0,4,1,3,10,9,5,5,5,2,5,1,3,3,4,2,15,15,14,11,11,0,0,9550,1,3,1,3,0,0,0,0,0,0,-1,0,2,1,2,1,250,1,1
0,1,1,0,kzby105a,21,1,3,1,0,4,1,3,10,9,5,5,5,2,5,1,3,3,5,2,14,14,9,11,11,0,0,9450,1,2,1,2,0,0,0,0,0,0,0,3,2,1,2,1,450,0,0
0,1,1,0,kzby105a,21,1,3,1,0,4,1,3,10,9,5,5,5,2,5,1,3,3,6,2,20,18,21,14,14,0,0,8450,1,6,0.75,8,2,2,1,0,0,0,3,5,2,1,4,2,550,0,0
0,1,1,0,kzby105a,21,1,3,1,0,4,1,3,10,9,5,5,5,2,5,1,3,3,7,2,17,17,19,15,15,0,0,7650,1,5,1,5,3,3,1,2,2,1,5,13,2,1,7,3,1550,0,0
0,1,1,0,kzby105a,21,1,3,1,0,4,1,3,10,9,5,5,5,2,5,1,3,3,8,1,19,13,6,19,12,0,0,7050,1,1,0.142857142857143,7,0,3,1,3,3,1,13,18,4,2,7,4,2350,0,0
0,1,1,0,kzby105a,21,1,3,1,0,4,1,3,10,9,5,5,5,2,5,1,3,3,9,2,13,12,19,19,19,0,0,6250,0,0,0,1,7,7,1,0,3,1,18,25,7,3,14,5,2950,0,0
0,1,1,0,kzby105a,21,1,3,1,0,4,1,3,10,9,5,5,5,2,5,1,3,3,10,2,12,12,2,12,12,0,0,6250,0,0,0,0,0,0,0,7,7,1,25,26,7,4,14,5,3750,0,0
0,1,1,0,kzby105a,21,1,3,1,0,4,1,3,10,9,5,5,5,2,5,1,3,3,11,1,16,13,17,15,12,0,0,5950,1,1,0.25,4,0,0,0,0,0,0,26,26,14,5,14,5,3750,0,0
0,1,1,0,kzby105a,21,1,3,1,0,4,1,3,10,9,5,5,5,2,5,1,3,3,12,2,15,15,7,20,20,0,0,4850,1,3,1,3,8,8,1,0,0,0,26,30,14,5,22,6,4050,0,0
0,1,1,0,kzby105a,21,1,3,1,0,4,1,3,10,9,5,5,5,2,5,1,3,3,13,2,18,18,12,16,16,1,0,3850,1,6,1,6,4,4,1,8,8,1,30,33,14,5,26,7,5150,0,0
0,1,1,0,kzby105a,21,1,3,1,0,4,1,3,10,9,5,5,5,2,5,1,3,3,14,1,16,16,6,20,12,0,0,3850,1,4,1,4,0,4,1,4,4,1,33,39,22,6,26,8,6150,1,0
0,1,1,0,kzby105a,21,1,3,1,0,4,1,3,10,9,5,5,5,2,5,1,3,3,15,2,14,14,19,16,16,1,0,3250,1,2,1,2,4,4,1,0,4,1,39,43,26,7,30,9,6150,0,0
0,1,1,0,fu8pat97,24,1,3,1,1,1,2,6,4,7,2,2,4,1,4,2,2,3,1,2,13,13,7,11,11,0,0,10000,1,1,1,1,0,0,0,0,0,0,0,0,0,0,0,0,0,0,0
0,1,1,0,fu8pat97,24,1,3,1,1,1,2,6,4,7,2,2,4,1,4,2,2,3,2,2,11,11,7,13,13,0,0,10000,0,-1,-1,-1,1,1,1,0,0,0,1,1,0,0,0,0,0,0,0
0,1,1,0,fu8pat97,24,1,3,1,1,1,2,6,4,7,2,2,4,1,4,2,2,3,3,2,12,12,11,14,12,0,0,10000,0,0,0,0,0,0,0,1,1,1,1,0,0,0,1,1,0,0,0
0,1,1,0,fu8pat97,24,1,3,1,1,1,2,6,4,7,2,2,4,1,4,2,2,3,4,1,15,15,13,11,12,0,0,10000,1,3,1,3,0,0,0,0,0,0,0,0,1,1,1,1,0,0,0
0,1,1,0,fu8pat97,24,1,3,1,1,1,2,6,4,7,2,2,4,1,4,2,2,3,5,2,14,14,12,14,14,1,0,9600,1,2,1,2,2,2,1,0,0,0,0,3,1,1,3,2,0,0,0
0,1,1,0,fu8pat97,24,1,3,1,1,1,2,6,4,7,2,2,4,1,4,2,2,3,6,1,14,14,20,20,12,0,0,9600,1,2,1,2,0,2,1,2,2,1,3,5,1,1,3,3,400,1,0
0,1,1,0,fu8pat97,24,1,3,1,1,1,2,6,4,7,2,2,4,1,4,2,2,3,7,1,16,15,9,19,12,0,0,9500,1,3,0.75,4,0,2,1,0,2,1,5,7,3,2,3,4,400,0,0
0,1,1,0,fu8pat97,24,1,3,1,1,1,2,6,4,7,2,2,4,1,4,2,2,3,8,1,16,16,2,20,12,0,0,9500,1,4,1,4,0,2,1,0,2,1,7,11,3,3,3,5,500,0,0
0,1,1,0,fu8pat97,24,1,3,1,1,1,2,6,4,7,2,2,4,1,4,2,2,3,9,2,18,18,15,12,12,0,0,8900,1,6,1,6,0,0,0,0,2,1,11,15,3,4,3,5,500,0,0
0,1,1,0,fu8pat97,24,1,3,1,1,1,2,6,4,7,2,2,4,1,4,2,2,3,10,2,19,17,4,19,12,0,0,8200,1,5,0.714285714285714,7,0,0,0,0,0,0,15,21,3,5,3,5,1100,0,0
0,1,1,0,fu8pat97,24,1,3,1,1,1,2,6,4,7,2,2,4,1,4,2,2,3,11,1,13,13,11,15,12,0,0,8200,1,1,1,1,0,0,0,0,0,0,21,28,3,5,3,5,1800,0,0
0,1,1,0,fu8pat97,24,1,3,1,1,1,2,6,4,7,2,2,4,1,4,2,2,3,12,2,17,14,10,18,18,1,0,7100,1,2,0.4,5,6,6,1,0,0,0,28,29,3,5,9,6,1800,0,0
0,1,1,0,fu8pat97,24,1,3,1,1,1,2,6,4,7,2,2,4,1,4,2,2,3,13,1,12,12,2,18,12,0,0,7100,0,0,0,0,0,6,1,6,6,1,29,34,3,5,9,7,2900,1,0
0,1,1,0,fu8pat97,24,1,3,1,1,1,2,6,4,7,2,2,4,1,4,2,2,3,14,1,15,15,15,15,12,0,0,7100,1,3,1,3,0,6,1,0,6,1,34,34,9,6,9,8,2900,0,0
0,1,1,0,fu8pat97,24,1,3,1,1,1,2,6,4,7,2,2,4,1,4,2,2,3,15,1,20,20,7,16,12,0,0,7100,1,8,1,8,0,6,1,0,6,1,34,37,9,7,9,9,2900,0,0
0,1,2,1,nl39v558,25,1,4,2,0,2,2,3,0,0,4,4,3,3,3,1,1,1,1,2,14,14,11,15,15,0,0,9500,1,2,1,2,3,3,1,0,0,0,0,0,0,0,0,0,0,0,0
0,1,2,1,nl39v558,25,1,4,2,0,2,2,3,0,0,4,4,3,3,3,1,1,1,2,2,13,13,8,13,12,1,0,9400,1,1,1,1,0,0,0,3,3,1,2,2,3,1,3,1,500,0,0
0,1,2,1,nl39v558,25,1,4,2,0,2,2,3,0,0,4,4,3,3,3,1,1,1,3,2,11,11,12,13,13,0,0,9400,0,-1,-1,-1,1,1,1,0,0,0,2,3,3,1,4,2,600,0,0
0,1,2,1,nl39v558,25,1,4,2,0,2,2,3,0,0,4,4,3,3,3,1,1,1,4,2,15,15,4,12,12,1,0,9100,1,3,1,3,0,0,0,1,1,1,3,2,3,1,4,2,600,0,0
0,1,2,1,nl39v558,25,1,4,2,0,2,2,3,0,0,4,4,3,3,3,1,1,1,5,1,12,12,4,15,12,0,0,9100,0,0,0,0,0,0,0,0,0,0,2,5,4,2,4,2,900,1,0
0,1,2,1,nl39v558,25,1,4,2,0,2,2,3,0,0,4,4,3,3,3,1,1,1,6,1,16,16,12,19,12,0,0,9100,1,4,1,4,0,0,0,0,0,0,5,5,4,2,4,2,900,0,0
0,1,2,1,nl39v558,25,1,4,2,0,2,2,3,0,0,4,4,3,3,3,1,1,1,7,1,12,12,4,13,12,0,0,9100,0,0,0,0,0,0,0,0,0,0,5,9,4,2,4,2,900,0,0
0,1,2,1,nl39v558,25,1,4,2,0,2,2,3,0,0,4,4,3,3,3,1,1,1,8,1,14,14,2,13,12,0,0,9100,1,2,1,2,0,0,0,0,0,0,9,9,4,2,4,2,900,0,0
0,1,2,1,nl39v558,25,1,4,2,0,2,2,3,0,0,4,4,3,3,3,1,1,1,9,1,19,19,14,19,12,1,350,8750,1,7,1,7,0,0,0,0,0,0,9,11,4,2,4,2,900,0,0
0,1,2,1,nl39v558,25,1,4,2,0,2,2,3,0,0,4,4,3,3,3,1,1,1,10,1,18,18,8,19,12,1,300,8450,1,6,1,6,0,0,0,0,0,0,11,18,4,2,4,2,1250,1,1
0,1,2,1,nl39v558,25,1,4,2,0,2,2,3,0,0,4,4,3,3,3,1,1,1,11,2,15,15,12,16,16,0,0,7750,1,3,1,3,4,4,1,0,0,0,18,24,4,2,8,3,1550,1,1
0,1,2,1,nl39v558,25,1,4,2,0,2,2,3,0,0,4,4,3,3,3,1,1,1,12,1,16,16,12,15,12,0,0,7750,1,4,1,4,0,4,1,4,4,1,24,27,4,2,8,4,2250,0,0
0,1,2,1,nl39v558,25,1,4,2,0,2,2,3,0,0,4,4,3,3,3,1,1,1,13,2,17,17,9,16,12,0,0,7250,1,5,1,5,0,0,0,0,4,1,27,31,8,3,8,4,2250,0,0
0,1,2,1,nl39v558,25,1,4,2,0,2,2,3,0,0,4,4,3,3,3,1,1,1,14,2,20,20,13,17,17,0,0,5950,1,8,1,8,5,5,1,0,0,0,31,36,8,4,13,5,2750,0,0
0,1,2,1,nl39v558,25,1,4,2,0,2,2,3,0,0,4,4,3,3,3,1,1,1,15,2,13,13,2,16,16,0,0,5450,1,1,1,1,4,4,1,5,5,1,36,44,8,4,17,6,4050,0,0
0,1,2,1,ucrj416t,21,1,4,2,0,3,1,3,4,5,3,4,4,2,4,1,2,2,1,2,14,13,5,11,11,0,0,9900,1,1,0.5,2,0,0,0,0,0,0,0,0,0,0,0,0,0,0,0
0,1,2,1,ucrj416t,21,1,4,2,0,3,1,3,4,5,3,4,4,2,4,1,2,2,2,2,11,11,3,15,6,1,0,9900,0,-1,-1,-1,0,0,0,0,0,0,2,2,0,0,0,0,100,0,0
0,1,2,1,ucrj416t,21,1,4,2,0,3,1,3,4,5,3,4,4,2,4,1,2,2,3,2,13,12,7,15,15,0,0,9500,0,0,0,1,3,3,1,0,0,0,2,1,0,0,3,1,100,0,0
0,1,2,1,ucrj416t,21,1,4,2,0,3,1,3,4,5,3,4,4,2,4,1,2,2,4,2,12,12,12,12,12,0,0,9500,0,0,0,0,0,0,0,3,3,1,1,2,0,0,3,1,500,0,0
0,1,2,1,ucrj416t,21,1,4,2,0,3,1,3,4,5,3,4,4,2,4,1,2,2,5,1,15,13,10,14,12,0,0,9300,1,1,0.333333333333333,3,0,0,0,0,0,0,2,2,3,1,3,1,500,0,0
0,1,2,1,ucrj416t,21,1,4,2,0,3,1,3,4,5,3,4,4,2,4,1,2,2,6,2,18,13,13,18,18,0,0,8100,1,1,0.166666666666667,6,6,6,1,0,0,0,2,5,3,1,9,2,700,0,0
0,1,2,1,ucrj416t,21,1,4,2,0,3,1,3,4,5,3,4,4,2,4,1,2,2,7,2,15,15,6,14,14,0,0,7600,1,3,1,3,2,2,1,6,6,1,5,11,3,1,11,3,1900,0,0
0,1,2,1,ucrj416t,21,1,4,2,0,3,1,3,4,5,3,4,4,2,4,1,2,2,8,2,13,13,1,14,14,0,0,7300,1,1,1,1,2,2,1,2,2,1,11,14,9,2,13,4,2400,0,0
0,1,2,1,ucrj416t,21,1,4,2,0,3,1,3,4,5,3,4,4,2,4,1,2,2,9,1,19,19,8,16,12,0,0,7300,1,7,1,7,0,2,1,2,2,1,14,15,11,3,13,5,2700,0,0
0,1,2,1,ucrj416t,21,1,4,2,0,3,1,3,4,5,3,4,4,2,4,1,2,2,10,2,20,19,10,19,19,0,0,5800,1,7,0.875,8,7,7,1,0,2,1,15,22,13,4,20,6,2700,0,0
0,1,2,1,ucrj416t,21,1,4,2,0,3,1,3,4,5,3,4,4,2,4,1,2,2,11,1,17,17,8,18,12,0,0,5800,1,5,1,5,0,7,1,7,7,1,22,30,13,5,20,7,4200,0,0
0,1,2,1,ucrj416t,21,1,4,2,0,3,1,3,4,5,3,4,4,2,4,1,2,2,12,2,16,16,11,19,17,0,0,4900,1,4,1,4,5,5,1,0,7,1,30,35,20,6,25,8,4200,0,0
0,1,2,1,ucrj416t,21,1,4,2,0,3,1,3,4,5,3,4,4,2,4,1,2,2,13,2,14,14,5,16,16,1,0,4300,1,2,1,2,4,4,1,5,5,1,35,39,20,7,29,9,5100,0,0
0,1,2,1,ucrj416t,21,1,4,2,0,3,1,3,4,5,3,4,4,2,4,1,2,2,14,1,12,12,8,14,12,0,0,4300,0,0,0,0,0,4,1,4,4,1,39,41,25,8,29,10,5700,1,0
0,1,2,1,ucrj416t,21,1,4,2,0,3,1,3,4,5,3,4,4,2,4,1,2,2,15,1,16,16,1,13,12,1,200,4100,1,4,1,4,0,4,1,0,4,1,41,41,29,9,29,11,5700,0,0
0,1,2,1,u3grq4sw,21,1,4,2,1,2,2,2,3,3,2,2,4,2,4,1,1,1,1,2,13,7,14,13,12,1,0,9900,0,-5,-5,1,0,0,0,0,0,0,0,0,0,0,0,0,0,0,0
0,1,2,1,u3grq4sw,21,1,4,2,1,2,2,2,3,3,2,2,4,2,4,1,1,1,2,1,15,6,2,11,12,0,0,9000,0,-6,-2,3,0,0,0,0,0,0,1,1,0,0,0,0,100,0,0
0,1,2,1,u3grq4sw,21,1,4,2,1,2,2,2,3,3,2,2,4,2,4,1,1,1,3,1,12,7,10,13,12,0,0,8500,0,-5,-5,0,0,0,0,0,0,0,1,4,0,0,0,0,1000,0,0
0,1,2,1,u3grq4sw,21,1,4,2,1,2,2,2,3,3,2,2,4,2,4,1,1,1,4,2,14,11,8,12,12,0,0,8300,0,-1,-0.5,2,0,0,0,0,0,0,4,4,0,0,0,0,1500,0,0
0,1,2,1,u3grq4sw,21,1,4,2,1,2,2,2,3,3,2,2,4,2,4,1,1,1,5,1,11,10,12,11,12,0,0,8200,0,-2,-2,-1,0,0,0,0,0,0,4,6,0,0,0,0,1700,0,0
0,1,2,1,u3grq4sw,21,1,4,2,1,2,2,2,3,3,2,2,4,2,4,1,1,1,6,1,18,15,8,16,12,0,0,7900,1,3,0.5,6,0,0,0,0,0,0,6,5,0,0,0,0,1800,0,0
0,1,2,1,u3grq4sw,21,1,4,2,1,2,2,2,3,3,2,2,4,2,4,1,1,1,7,2,16,15,8,17,13,1,0,7400,1,3,0.75,4,1,1,1,0,0,0,5,11,0,0,1,1,2100,0,0
0,1,2,1,u3grq4sw,21,1,4,2,1,2,2,2,3,3,2,2,4,2,4,1,1,1,8,2,17,18,11,20,20,0,0,6100,1,6,1.2,5,8,8,1,1,1,1,11,15,0,0,9,2,2600,1,0
0,1,2,1,u3grq4sw,21,1,4,2,1,2,2,2,3,3,2,2,4,2,4,1,1,1,9,1,13,15,4,16,12,0,0,6100,1,3,3,1,0,8,1,8,8,1,15,20,1,1,9,3,3900,0,0
0,1,2,1,u3grq4sw,21,1,4,2,1,2,2,2,3,3,2,2,4,2,4,1,1,1,10,1,20,20,4,15,12,0,0,6100,1,8,1,8,0,8,1,0,8,1,20,21,9,2,9,4,3900,0,0
0,1,2,1,u3grq4sw,21,1,4,2,1,2,2,2,3,3,2,2,4,2,4,1,1,1,11,1,14,12,7,13,12,0,0,5900,0,0,0,2,0,8,1,0,8,1,21,29,9,3,9,5,3900,0,0
0,1,2,1,u3grq4sw,21,1,4,2,1,2,2,2,3,3,2,2,4,2,4,1,1,1,12,2,15,15,14,14,13,0,0,5500,1,3,1,3,1,1,1,0,8,1,29,31,9,4,10,6,4100,0,0
0,1,2,1,u3grq4sw,21,1,4,2,1,2,2,2,3,3,2,2,4,2,4,1,1,1,13,1,16,18,6,19,12,0,0,5500,1,6,1.5,4,0,1,1,1,1,1,31,34,9,5,10,7,4500,0,0
0,1,2,1,u3grq4sw,21,1,4,2,1,2,2,2,3,3,2,2,4,2,4,1,1,1,14,2,12,15,7,16,16,0,0,5100,1,3,3,0,4,4,1,0,1,1,34,38,10,6,14,8,4500,0,0
0,1,2,1,u3grq4sw,21,1,4,2,1,2,2,2,3,3,2,2,4,2,4,1,1,1,15,1,19,19,6,18,12,0,0,5100,1,7,1,7,0,4,1,4,4,1,38,38,10,7,14,9,4900,0,0
0,1,2,1,u0j5u30g,23,1,3,1,0,5,1,8,6,9,4,1,1,2,1,3,2,3,1,2,14,14,13,12,12,1,0,9800,1,2,1,2,0,0,0,0,0,0,0,0,0,0,0,0,0,0,0
0,1,2,1,u0j5u30g,23,1,3,1,0,5,1,8,6,9,4,1,1,2,1,3,2,3,2,2,13,13,7,13,13,1,0,9600,1,1,1,1,1,1,1,0,0,0,2,2,0,0,0,0,200,0,0
0,1,2,1,u0j5u30g,23,1,3,1,0,5,1,8,6,9,4,1,1,2,1,3,2,3,3,2,11,11,9,14,14,0,0,9500,0,-1,-1,-1,2,2,1,1,1,1,2,3,0,0,3,2,400,0,0
0,1,2,1,u0j5u30g,23,1,3,1,0,5,1,8,6,9,4,1,1,2,1,3,2,3,4,1,12,12,1,15,12,0,0,9500,0,0,0,0,0,2,1,2,2,1,3,2,1,1,3,3,500,0,0
0,1,2,1,u0j5u30g,23,1,3,1,0,5,1,8,6,9,4,1,1,2,1,3,2,3,5,2,15,15,1,12,12,0,0,9200,1,3,1,3,0,0,0,0,2,1,2,2,3,2,3,3,500,0,0
0,1,2,1,u0j5u30g,23,1,3,1,0,5,1,8,6,9,4,1,1,2,1,3,2,3,6,2,17,15,11,16,16,1,0,8300,1,3,0.6,5,4,4,1,0,0,0,2,5,3,3,7,4,800,0,0
0,1,2,1,u0j5u30g,23,1,3,1,0,5,1,8,6,9,4,1,1,2,1,3,2,3,7,2,13,13,1,12,12,0,0,8200,1,1,1,1,0,0,0,4,4,1,5,10,3,3,7,4,1700,1,0
0,1,2,1,u0j5u30g,23,1,3,1,0,5,1,8,6,9,4,1,1,2,1,3,2,3,8,2,20,20,10,16,16,0,0,7000,1,8,1,8,4,4,1,0,0,0,10,11,7,4,11,5,1800,0,0
0,1,2,1,u0j5u30g,23,1,3,1,0,5,1,8,6,9,4,1,1,2,1,3,2,3,9,2,16,16,3,13,15,0,0,6300,1,4,1,4,3,3,1,4,4,1,11,19,7,4,14,6,3000,0,0
0,1,2,1,u0j5u30g,23,1,3,1,0,5,1,8,6,9,4,1,1,2,1,3,2,3,10,2,15,13,3,20,20,0,0,5200,1,1,0.333333333333333,3,8,8,1,3,3,1,19,23,11,5,22,7,3700,0,0
0,1,2,1,u0j5u30g,23,1,3,1,0,5,1,8,6,9,4,1,1,2,1,3,2,3,11,2,14,14,13,16,14,0,0,4800,1,2,1,2,2,2,1,8,8,1,23,26,14,6,24,8,4800,0,0
0,1,2,1,u0j5u30g,23,1,3,1,0,5,1,8,6,9,4,1,1,2,1,3,2,3,12,1,19,19,15,13,12,1,350,4450,1,7,1,7,0,2,1,2,2,1,26,28,22,7,24,9,5200,0,0
0,1,2,1,u0j5u30g,23,1,3,1,0,5,1,8,6,9,4,1,1,2,1,3,2,3,13,2,16,16,15,19,16,1,0,3650,1,4,1,4,4,4,1,0,2,1,28,35,24,8,28,10,5550,1,1
0,1,2,1,u0j5u30g,23,1,3,1,0,5,1,8,6,9,4,1,1,2,1,3,2,3,14,2,18,18,14,20,20,0,0,2250,1,6,1,6,8,8,1,4,4,1,35,39,24,9,36,11,6350,1,0
0,1,2,1,u0j5u30g,23,1,3,1,0,5,1,8,6,9,4,1,1,2,1,3,2,3,15,1,12,10,8,15,12,1,0,2050,0,-2,-2,0,0,8,1,8,8,1,39,45,28,10,36,12,7750,0,0
0,1,2,1,zbszsu57,22,1,3,1,1,2,2,4,4,10,3,2,5,2,4,2,2,3,1,1,11,11,2,14,12,1,0,10000,0,-1,-1,-1,0,0,0,0,0,0,0,0,0,0,0,0,0,0,0
0,1,2,1,zbszsu57,22,1,3,1,1,2,2,4,4,10,3,2,5,2,4,2,2,3,2,2,13,13,12,15,14,0,0,9700,1,1,1,1,2,2,1,0,0,0,-1,-1,0,0,0,0,0,0,0
0,1,2,1,zbszsu57,22,1,3,1,1,2,2,4,4,10,3,2,5,2,4,2,2,3,3,2,12,12,10,13,13,0,0,9600,0,0,0,0,1,1,1,2,2,1,-1,0,0,0,3,2,300,0,0
0,1,2,1,zbszsu57,22,1,3,1,1,2,2,4,4,10,3,2,5,2,4,2,2,3,4,1,14,14,11,14,12,0,0,9600,1,2,1,2,0,1,1,1,1,1,0,0,2,1,3,3,400,0,0
0,1,2,1,zbszsu57,22,1,3,1,1,2,2,4,4,10,3,2,5,2,4,2,2,3,5,1,15,15,7,14,12,1,150,9450,1,3,1,3,0,1,1,0,1,1,0,2,3,2,3,4,400,0,0
0,1,2,1,zbszsu57,22,1,3,1,1,2,2,4,4,10,3,2,5,2,4,2,2,3,6,2,17,17,7,14,14,1,0,8750,1,5,1,5,2,2,1,0,1,1,2,5,3,3,5,5,550,1,1
0,1,2,1,zbszsu57,22,1,3,1,1,2,2,4,4,10,3,2,5,2,4,2,2,3,7,2,13,13,15,18,13,0,0,8550,1,1,1,1,1,1,1,2,2,1,5,10,3,4,6,6,1250,1,0
0,1,2,1,zbszsu57,22,1,3,1,1,2,2,4,4,10,3,2,5,2,4,2,2,3,8,2,14,14,10,16,16,0,0,7950,1,2,1,2,4,4,1,1,1,1,10,11,5,5,10,7,1450,0,0
0,1,2,1,zbszsu57,22,1,3,1,1,2,2,4,4,10,3,2,5,2,4,2,2,3,9,1,12,12,11,16,12,0,0,7950,0,0,0,0,0,4,1,4,4,1,11,13,6,6,10,8,2050,0,0
0,1,2,1,zbszsu57,22,1,3,1,1,2,2,4,4,10,3,2,5,2,4,2,2,3,10,2,15,15,12,12,12,0,0,7650,1,3,1,3,0,0,0,0,4,1,13,13,10,7,10,8,2050,0,0
0,1,2,1,zbszsu57,22,1,3,1,1,2,2,4,4,10,3,2,5,2,4,2,2,3,11,2,16,14,11,17,15,0,0,6950,1,2,0.5,4,3,3,1,0,0,0,13,16,10,8,13,9,2350,0,0
0,1,2,1,zbszsu57,22,1,3,1,1,2,2,4,4,10,3,2,5,2,4,2,2,3,12,2,18,15,7,20,20,1,0,5550,1,3,0.5,6,8,8,1,3,3,1,16,20,10,8,21,10,3050,0,0
0,1,2,1,zbszsu57,22,1,3,1,1,2,2,4,4,10,3,2,5,2,4,2,2,3,13,1,16,16,2,14,12,1,200,5350,1,4,1,4,0,8,1,8,8,1,20,26,13,9,21,11,4450,1,0
0,1,2,1,zbszsu57,22,1,3,1,1,2,2,4,4,10,3,2,5,2,4,2,2,3,14,2,19,19,10,17,17,1,0,4150,1,7,1,7,5,5,1,0,8,1,26,30,21,10,26,12,4650,1,1
0,1,2,1,zbszsu57,22,1,3,1,1,2,2,4,4,10,3,2,5,2,4,2,2,3,15,2,20,20,9,16,14,0,0,3150,1,8,1,8,2,2,1,5,5,1,30,37,21,11,28,13,5850,1,0
0,1,2,1,7gda5kw6,29,1,4,2,0,5,1,2,2,1,5,5,5,2,5,1,1,1,1,1,15,14,15,12,12,0,0,9900,1,2,0.666666666666667,3,0,0,0,0,0,0,0,0,0,0,0,0,0,0,0
0,1,2,1,7gda5kw6,29,1,4,2,0,5,1,2,2,1,5,5,5,2,5,1,1,1,2,1,14,14,14,15,12,0,0,9900,1,2,1,2,0,0,0,0,0,0,3,3,0,0,0,0,100,0,0
0,1,2,1,7gda5kw6,29,1,4,2,0,5,1,2,2,1,5,5,5,2,5,1,1,1,3,1,11,11,13,11,12,1,0,9900,0,-1,-1,-1,0,0,0,0,0,0,3,5,0,0,0,0,100,0,0
0,1,2,1,7gda5kw6,29,1,4,2,0,5,1,2,2,1,5,5,5,2,5,1,1,1,4,1,13,13,13,15,12,0,0,9900,1,1,1,1,0,0,0,0,0,0,5,4,0,0,0,0,100,1,0
0,1,2,1,7gda5kw6,29,1,4,2,0,5,1,2,2,1,5,5,5,2,5,1,1,1,5,2,12,12,13,13,12,0,0,9900,0,0,0,0,0,0,0,0,0,0,4,5,0,0,0,0,100,0,0
0,1,2,1,7gda5kw6,29,1,4,2,0,5,1,2,2,1,5,5,5,2,5,1,1,1,6,1,16,16,15,14,12,0,0,9900,1,4,1,4,0,0,0,0,0,0,5,5,0,0,0,0,100,0,0
0,1,2,1,7gda5kw6,29,1,4,2,0,5,1,2,2,1,5,5,5,2,5,1,1,1,7,1,14,14,2,15,12,0,0,9900,1,2,1,2,0,0,0,0,0,0,5,9,0,0,0,0,100,0,0
0,1,2,1,7gda5kw6,29,1,4,2,0,5,1,2,2,1,5,5,5,2,5,1,1,1,8,1,17,17,7,12,12,1,250,9650,1,5,1,5,0,0,0,0,0,0,9,11,0,0,0,0,100,0,0
0,1,2,1,7gda5kw6,29,1,4,2,0,5,1,2,2,1,5,5,5,2,5,1,1,1,9,2,16,16,8,16,16,1,0,8850,1,4,1,4,4,4,1,0,0,0,11,16,0,0,4,1,350,1,1
0,1,2,1,7gda5kw6,29,1,4,2,0,5,1,2,2,1,5,5,5,2,5,1,1,1,10,2,12,12,13,13,13,0,0,8750,0,0,0,0,1,1,1,4,4,1,16,20,0,0,5,2,1150,1,0
0,1,2,1,7gda5kw6,29,1,4,2,0,5,1,2,2,1,5,5,5,2,5,1,1,1,11,1,13,13,10,14,12,0,0,8750,1,1,1,1,0,1,1,1,1,1,20,20,4,1,5,3,1250,0,0
0,1,2,1,7gda5kw6,29,1,4,2,0,5,1,2,2,1,5,5,5,2,5,1,1,1,12,1,20,13,9,13,12,1,50,8000,1,1,0.125,8,0,1,1,0,1,1,20,21,5,2,5,4,1250,0,0
0,1,2,1,7gda5kw6,29,1,4,2,0,5,1,2,2,1,5,5,5,2,5,1,1,1,13,2,19,17,3,16,18,0,0,6700,1,5,0.714285714285714,7,6,6,1,0,1,1,21,29,5,3,11,5,2000,1,1
0,1,2,1,7gda5kw6,29,1,4,2,0,5,1,2,2,1,5,5,5,2,5,1,1,1,14,2,15,15,11,14,13,1,0,6300,1,3,1,3,1,1,1,6,6,1,29,36,5,4,12,6,3300,0,0
0,1,2,1,7gda5kw6,29,1,4,2,0,5,1,2,2,1,5,5,5,2,5,1,1,1,15,2,18,16,3,19,19,1,0,5000,1,4,0.666666666666667,6,7,7,1,1,1,1,36,39,11,5,19,7,3700,1,0
0,1,2,1,kq9i5tci,23,1,3,1,0,5,1,5,6,6,3,2,4,2,3,2,2,2,1,2,11,11,9,11,11,0,0,10000,0,-1,-1,-1,0,0,0,0,0,0,0,0,0,0,0,0,0,0,0
0,1,2,1,kq9i5tci,23,1,3,1,0,5,1,5,6,6,3,2,4,2,3,2,2,2,2,1,13,13,4,13,12,0,0,10000,1,1,1,1,0,0,0,0,0,0,-1,-1,0,0,0,0,0,0,0
0,1,2,1,kq9i5tci,23,1,3,1,0,5,1,5,6,6,3,2,4,2,3,2,2,2,3,1,15,15,2,13,12,1,150,9850,1,3,1,3,0,0,0,0,0,0,-1,0,0,0,0,0,0,0,0
0,1,2,1,kq9i5tci,23,1,3,1,0,5,1,5,6,6,3,2,4,2,3,2,2,2,4,2,12,12,15,15,12,0,0,9850,0,0,0,0,0,0,0,0,0,0,0,3,0,0,0,0,150,1,1
0,1,2,1,kq9i5tci,23,1,3,1,0,5,1,5,6,6,3,2,4,2,3,2,2,2,5,2,14,14,5,15,15,0,0,9350,1,2,1,2,3,3,1,0,0,0,3,3,0,0,3,1,150,0,0
0,1,2,1,kq9i5tci,23,1,3,1,0,5,1,5,6,6,3,2,4,2,3,2,2,2,6,1,14,14,5,17,12,0,0,9350,1,2,1,2,0,3,1,3,3,1,3,5,0,0,3,2,650,0,0
0,1,2,1,kq9i5tci,23,1,3,1,0,5,1,5,6,6,3,2,4,2,3,2,2,2,7,2,17,16,14,15,12,0,0,8850,1,4,0.8,5,0,0,0,0,3,1,5,7,3,1,3,2,650,0,0
0,1,2,1,kq9i5tci,23,1,3,1,0,5,1,5,6,6,3,2,4,2,3,2,2,2,8,2,12,12,6,17,17,0,0,8350,0,0,0,0,5,5,1,0,0,0,7,12,3,2,8,3,1150,0,0
0,1,2,1,kq9i5tci,23,1,3,1,0,5,1,5,6,6,3,2,4,2,3,2,2,2,9,1,16,17,10,12,12,0,0,8350,1,5,1.25,4,0,5,1,5,5,1,12,12,3,2,8,4,1650,0,0
0,1,2,1,kq9i5tci,23,1,3,1,0,5,1,5,6,6,3,2,4,2,3,2,2,2,10,1,19,19,11,13,12,0,0,8350,1,7,1,7,0,5,1,0,5,1,12,16,8,3,8,5,1650,0,0
0,1,2,1,kq9i5tci,23,1,3,1,0,5,1,5,6,6,3,2,4,2,3,2,2,2,11,2,13,13,3,14,12,0,0,8250,1,1,1,1,0,0,0,0,5,1,16,23,8,4,8,5,1650,0,0
0,1,2,1,kq9i5tci,23,1,3,1,0,5,1,5,6,6,3,2,4,2,3,2,2,2,12,1,20,20,5,18,12,0,0,8250,1,8,1,8,0,0,0,0,0,0,23,24,8,5,8,5,1750,0,0
0,1,2,1,kq9i5tci,23,1,3,1,0,5,1,5,6,6,3,2,4,2,3,2,2,2,13,1,15,15,13,16,12,0,0,8250,1,3,1,3,0,0,0,0,0,0,24,32,8,5,8,5,1750,0,0
0,1,2,1,kq9i5tci,23,1,3,1,0,5,1,5,6,6,3,2,4,2,3,2,2,2,14,1,16,16,3,12,12,0,0,8250,1,4,1,4,0,0,0,0,0,0,32,35,8,5,8,5,1750,0,0
0,1,2,1,kq9i5tci,23,1,3,1,0,5,1,5,6,6,3,2,4,2,3,2,2,2,15,1,18,18,11,12,12,0,0,8250,1,6,1,6,0,0,0,0,0,0,35,39,8,5,8,5,1750,0,0
0,1,2,1,yxji0cyl,22,1,3,1,1,2,2,2,4,6,3,2,4,1,2,1,2,2,1,1,14,12,12,14,12,0,0,9800,0,0,0,2,0,0,0,0,0,0,0,0,0,0,0,0,0,0,0
0,1,2,1,yxji0cyl,22,1,3,1,1,2,2,2,4,6,3,2,4,1,2,1,2,2,2,1,13,12,1,13,12,1,0,9700,0,0,0,1,0,0,0,0,0,0,2,2,0,0,0,0,200,0,0
0,1,2,1,yxji0cyl,22,1,3,1,1,2,2,2,4,6,3,2,4,1,2,1,2,2,3,2,15,15,14,12,12,0,0,9400,1,3,1,3,0,0,0,0,0,0,2,3,0,0,0,0,300,0,0
0,1,2,1,yxji0cyl,22,1,3,1,1,2,2,2,4,6,3,2,4,1,2,1,2,2,4,1,12,12,3,14,12,0,0,9400,0,0,0,0,0,0,0,0,0,0,3,6,0,0,0,0,600,0,0
0,1,2,1,yxji0cyl,22,1,3,1,1,2,2,2,4,6,3,2,4,1,2,1,2,2,5,1,11,11,11,13,12,0,0,9400,0,-1,-1,-1,0,0,0,0,0,0,6,6,0,0,0,0,600,0,0
0,1,2,1,yxji0cyl,22,1,3,1,1,2,2,2,4,6,3,2,4,1,2,1,2,2,6,1,16,16,10,18,12,0,0,9400,1,4,1,4,0,0,0,0,0,0,6,5,0,0,0,0,600,0,0
0,1,2,1,yxji0cyl,22,1,3,1,1,2,2,2,4,6,3,2,4,1,2,1,2,2,7,1,17,13,3,16,12,0,0,9000,1,1,0.2,5,0,0,0,0,0,0,5,9,0,0,0,0,600,0,0
0,1,2,1,yxji0cyl,22,1,3,1,1,2,2,2,4,6,3,2,4,1,2,1,2,2,8,2,12,12,15,20,20,0,0,8200,0,0,0,0,8,8,1,0,0,0,9,14,0,0,8,1,1000,0,0
0,1,2,1,yxji0cyl,22,1,3,1,1,2,2,2,4,6,3,2,4,1,2,1,2,2,9,2,16,16,2,19,19,0,0,7100,1,4,1,4,7,7,1,8,8,1,14,14,0,0,15,2,1800,0,0
0,1,2,1,yxji0cyl,22,1,3,1,1,2,2,2,4,6,3,2,4,1,2,1,2,2,10,2,19,19,1,18,18,0,0,5800,1,7,1,7,6,6,1,7,7,1,14,18,8,1,21,3,2900,0,0
0,1,2,1,yxji0cyl,22,1,3,1,1,2,2,2,4,6,3,2,4,1,2,1,2,2,11,2,18,18,2,17,17,0,0,4700,1,6,1,6,5,5,1,6,6,1,18,25,15,2,26,4,4200,0,0
0,1,2,1,yxji0cyl,22,1,3,1,1,2,2,2,4,6,3,2,4,1,2,1,2,2,12,1,20,20,9,13,12,0,0,4700,1,8,1,8,0,5,1,5,5,1,25,31,21,3,26,5,5300,0,0
0,1,2,1,yxji0cyl,22,1,3,1,1,2,2,2,4,6,3,2,4,1,2,1,2,2,13,1,13,13,10,13,12,1,50,4650,1,1,1,1,0,5,1,0,5,1,31,39,26,4,26,6,5300,0,0
0,1,2,1,yxji0cyl,22,1,3,1,1,2,2,2,4,6,3,2,4,1,2,1,2,2,14,2,14,14,2,12,12,0,0,4450,1,2,1,2,0,0,0,0,5,1,39,40,26,5,26,6,5350,1,1
0,1,2,1,yxji0cyl,22,1,3,1,1,2,2,2,4,6,3,2,4,1,2,1,2,2,15,2,15,15,4,12,10,0,0,4350,1,3,1,3,0,0,0,0,0,0,40,42,26,6,26,6,5550,0,0
0,1,2,1,pux5t2xr,21,1,3,1,1,2,2,8,0,6,3,2,5,4,4,3,1,2,1,1,11,11,7,11,12,1,0,10000,0,-1,-1,-1,0,0,0,0,0,0,0,0,0,0,0,0,0,0,0
0,1,2,1,pux5t2xr,21,1,3,1,1,2,2,8,0,6,3,2,5,4,4,3,1,2,2,1,15,13,13,14,12,0,0,9800,1,1,0.333333333333333,3,0,0,0,0,0,0,-1,-1,0,0,0,0,0,0,0
0,1,2,1,pux5t2xr,21,1,3,1,1,2,2,8,0,6,3,2,5,4,4,3,1,2,3,1,14,14,4,11,12,0,0,9800,1,2,1,2,0,0,0,0,0,0,-1,2,0,0,0,0,200,0,0
0,1,2,1,pux5t2xr,21,1,3,1,1,2,2,8,0,6,3,2,5,4,4,3,1,2,4,2,13,13,13,15,15,0,0,9400,1,1,1,1,3,3,1,0,0,0,2,4,0,0,3,1,200,0,0
0,1,2,1,pux5t2xr,21,1,3,1,1,2,2,8,0,6,3,2,5,4,4,3,1,2,5,1,12,12,14,14,12,0,0,9400,0,0,0,0,0,3,1,3,3,1,4,5,0,0,3,2,600,0,0
0,1,2,1,pux5t2xr,21,1,3,1,1,2,2,8,0,6,3,2,5,4,4,3,1,2,6,1,12,12,14,13,12,0,0,9400,0,0,0,0,0,3,1,0,3,1,5,5,3,1,3,3,600,0,0
0,1,2,1,pux5t2xr,21,1,3,1,1,2,2,8,0,6,3,2,5,4,4,3,1,2,7,2,14,13,13,12,12,0,0,9200,1,1,0.5,2,0,0,0,0,3,1,5,5,3,2,3,3,600,0,0
0,1,2,1,pux5t2xr,21,1,3,1,1,2,2,8,0,6,3,2,5,4,4,3,1,2,8,2,18,14,12,14,12,0,0,8600,1,2,0.333333333333333,6,0,0,0,0,0,0,5,7,3,3,3,3,800,0,0
0,1,2,1,pux5t2xr,21,1,3,1,1,2,2,8,0,6,3,2,5,4,4,3,1,2,9,2,15,15,13,15,13,0,0,8200,1,3,1,3,1,1,1,0,0,0,7,13,3,3,4,4,1400,0,0
0,1,2,1,pux5t2xr,21,1,3,1,1,2,2,8,0,6,3,2,5,4,4,3,1,2,10,1,17,14,15,15,12,0,0,7900,1,2,0.4,5,0,1,1,1,1,1,13,16,3,3,4,5,1800,0,0
0,1,2,1,pux5t2xr,21,1,3,1,1,2,2,8,0,6,3,2,5,4,4,3,1,2,11,1,20,14,14,17,12,0,0,7300,1,2,0.25,8,0,1,1,0,1,1,16,21,4,4,4,6,2100,0,0
0,1,2,1,pux5t2xr,21,1,3,1,1,2,2,8,0,6,3,2,5,4,4,3,1,2,12,2,13,10,6,20,13,0,0,7100,0,-2,-2,1,1,1,1,0,1,1,21,29,4,5,5,7,2700,0,0
0,1,2,1,pux5t2xr,21,1,3,1,1,2,2,8,0,6,3,2,5,4,4,3,1,2,13,1,16,12,1,17,12,0,0,6700,0,0,0,4,0,1,1,1,1,1,29,30,4,6,5,8,2900,0,0
0,1,2,1,pux5t2xr,21,1,3,1,1,2,2,8,0,6,3,2,5,4,4,3,1,2,14,2,19,16,15,12,12,0,0,6000,1,4,0.571428571428571,7,0,0,0,0,1,1,30,34,5,7,5,8,3300,0,0
0,1,2,1,pux5t2xr,21,1,3,1,1,2,2,8,0,6,3,2,5,4,4,3,1,2,15,1,16,14,5,20,12,0,0,5800,1,2,0.5,4,0,0,0,0,0,0,34,41,5,8,5,8,4000,0,0
0,1,2,1,abi0j9nq,23,1,3,1,0,2,2,1,3,6,4,5,5,4,2,1,1,2,1,2,15,12,11,15,15,0,0,9400,0,0,0,3,3,3,1,0,0,0,0,0,0,0,0,0,0,0,0
0,1,2,1,abi0j9nq,23,1,3,1,0,2,2,1,3,6,4,5,5,4,2,1,1,2,2,1,12,12,2,11,12,0,0,9400,0,0,0,0,0,3,1,3,3,1,3,3,3,1,3,1,600,0,0
0,1,2,1,abi0j9nq,23,1,3,1,0,2,2,1,3,6,4,5,5,4,2,1,1,2,3,2,13,13,3,12,7,0,0,9400,1,1,1,1,0,0,0,0,3,1,3,3,3,1,3,2,600,0,0
0,1,2,1,abi0j9nq,23,1,3,1,0,2,2,1,3,6,4,5,5,4,2,1,1,2,4,1,11,11,14,11,12,0,0,9400,0,-1,-1,-1,0,0,0,0,0,0,3,4,3,2,3,2,600,0,0
0,1,2,1,abi0j9nq,23,1,3,1,0,2,2,1,3,6,4,5,5,4,2,1,1,2,5,2,14,14,2,15,13,0,0,9100,1,2,1,2,1,1,1,0,0,0,4,3,3,2,4,3,600,0,0
0,1,2,1,abi0j9nq,23,1,3,1,0,2,2,1,3,6,4,5,5,4,2,1,1,2,6,2,18,14,8,16,16,1,0,8100,1,2,0.333333333333333,6,4,4,1,1,1,1,3,5,3,2,8,4,900,0,0
0,1,2,1,abi0j9nq,23,1,3,1,0,2,2,1,3,6,4,5,5,4,2,1,1,2,7,2,20,20,11,18,18,0,0,6700,1,8,1,8,6,6,1,4,4,1,5,11,4,3,14,5,1900,1,0
0,1,2,1,abi0j9nq,23,1,3,1,0,2,2,1,3,6,4,5,5,4,2,1,1,2,8,1,16,16,4,20,12,0,0,6700,1,4,1,4,0,6,1,6,6,1,11,19,8,4,14,6,3300,0,0
0,1,2,1,abi0j9nq,23,1,3,1,0,2,2,1,3,6,4,5,5,4,2,1,1,2,9,2,12,12,7,16,17,1,0,6200,0,0,0,0,5,5,1,0,6,1,19,23,14,5,19,7,3300,0,0
0,1,2,1,abi0j9nq,23,1,3,1,0,2,2,1,3,6,4,5,5,4,2,1,1,2,10,1,19,19,2,20,12,0,0,6200,1,7,1,7,0,5,1,5,5,1,23,23,14,6,19,8,3800,1,0
0,1,2,1,abi0j9nq,23,1,3,1,0,2,2,1,3,6,4,5,5,4,2,1,1,2,11,2,14,14,6,13,13,0,0,5900,1,2,1,2,1,1,1,0,5,1,23,30,19,7,20,9,3800,0,0
0,1,2,1,abi0j9nq,23,1,3,1,0,2,2,1,3,6,4,5,5,4,2,1,1,2,12,1,16,16,13,14,12,0,0,5900,1,4,1,4,0,1,1,1,1,1,30,32,19,8,20,10,4100,0,0
0,1,2,1,abi0j9nq,23,1,3,1,0,2,2,1,3,6,4,5,5,4,2,1,1,2,13,2,13,12,8,13,13,0,0,5700,0,0,0,1,1,1,1,0,1,1,32,36,20,9,21,11,4100,0,0
0,1,2,1,abi0j9nq,23,1,3,1,0,2,2,1,3,6,4,5,5,4,2,1,1,2,14,1,17,17,5,19,12,0,0,5700,1,5,1,5,0,1,1,1,1,1,36,37,20,10,21,12,4300,0,0
0,1,2,1,abi0j9nq,23,1,3,1,0,2,2,1,3,6,4,5,5,4,2,1,1,2,15,2,15,15,13,19,19,0,0,4700,1,3,1,3,7,7,1,0,1,1,37,42,21,11,28,13,4300,0,0
0,1,2,1,jzdhol7v,20,1,3,1,1,2,2,3,3,7,3,4,5,4,5,1,1,3,1,1,15,15,10,15,12,1,150,9850,1,3,1,3,0,0,0,0,0,0,0,0,0,0,0,0,0,0,0
0,1,2,1,jzdhol7v,20,1,3,1,1,2,2,3,3,7,3,4,5,4,5,1,1,3,2,1,12,13,15,13,12,0,0,9850,1,1,1,0,0,0,0,0,0,0,3,3,0,0,0,0,150,0,0
0,1,2,1,jzdhol7v,20,1,3,1,1,2,2,3,3,7,3,4,5,4,5,1,1,3,3,1,11,13,15,14,12,0,0,9850,1,1,1,-1,0,0,0,0,0,0,3,3,0,0,0,0,150,0,0
0,1,2,1,jzdhol7v,20,1,3,1,1,2,2,3,3,7,3,4,5,4,5,1,1,3,4,2,14,13,5,14,14,1,0,9450,1,1,0.5,2,2,2,1,0,0,0,3,2,0,0,2,1,150,0,0
0,1,2,1,jzdhol7v,20,1,3,1,1,2,2,3,3,7,3,4,5,4,5,1,1,3,5,2,13,13,8,11,11,0,0,9450,1,1,1,1,0,0,0,2,2,1,2,4,0,0,2,1,550,1,0
0,1,2,1,jzdhol7v,20,1,3,1,1,2,2,3,3,7,3,4,5,4,5,1,1,3,6,1,16,16,4,17,12,1,200,9250,1,4,1,4,0,0,0,0,0,0,4,5,2,1,2,1,550,0,0
0,1,2,1,jzdhol7v,20,1,3,1,1,2,2,3,3,7,3,4,5,4,5,1,1,3,7,1,18,18,10,20,12,1,300,8950,1,6,1,6,0,0,0,0,0,0,5,9,2,1,2,1,750,1,1
0,1,2,1,jzdhol7v,20,1,3,1,1,2,2,3,3,7,3,4,5,4,5,1,1,3,8,1,20,20,3,17,12,1,400,8550,1,8,1,8,0,0,0,0,0,0,9,15,2,1,2,1,1050,1,1
0,1,2,1,jzdhol7v,20,1,3,1,1,2,2,3,3,7,3,4,5,4,5,1,1,3,9,2,16,15,5,12,12,0,0,8150,1,3,0.75,4,0,0,0,0,0,0,15,23,2,1,2,1,1450,1,1
0,1,2,1,jzdhol7v,20,1,3,1,1,2,2,3,3,7,3,4,5,4,5,1,1,3,10,2,13,13,7,19,19,0,0,7350,1,1,1,1,7,7,1,0,0,0,23,27,2,1,9,2,1850,0,0
0,1,2,1,jzdhol7v,20,1,3,1,1,2,2,3,3,7,3,4,5,4,5,1,1,3,11,1,17,15,5,16,12,1,150,7000,1,3,0.6,5,0,7,1,7,7,1,27,28,2,1,9,3,2650,0,0
0,1,2,1,jzdhol7v,20,1,3,1,1,2,2,3,3,7,3,4,5,4,5,1,1,3,12,1,19,17,2,16,12,0,0,6800,1,5,0.714285714285714,7,0,7,1,0,7,1,28,33,9,2,9,4,3000,1,1
0,1,2,1,jzdhol7v,20,1,3,1,1,2,2,3,3,7,3,4,5,4,5,1,1,3,13,1,15,13,14,16,12,0,0,6600,1,1,0.333333333333333,3,0,7,1,0,7,1,33,40,9,3,9,5,3200,0,0
0,1,2,1,jzdhol7v,20,1,3,1,1,2,2,3,3,7,3,4,5,4,5,1,1,3,14,1,14,13,6,15,12,0,0,6500,1,1,0.5,2,0,7,1,0,7,1,40,43,9,4,9,6,3400,0,0
0,1,2,1,jzdhol7v,20,1,3,1,1,2,2,3,3,7,3,4,5,4,5,1,1,3,15,2,12,12,14,18,16,1,0,6100,0,0,0,0,4,4,1,0,7,1,43,45,9,5,13,7,3500,0,0
0,1,2,1,srje7gmy,26,1,3,1,0,5,1,7,5,6,5,2,5,2,5,3,2,2,1,2,14,12,8,14,12,0,0,9800,0,0,0,2,0,0,0,0,0,0,0,0,0,0,0,0,0,0,0
0,1,2,1,srje7gmy,26,1,3,1,0,5,1,7,5,6,5,2,5,2,5,3,2,2,2,1,15,14,5,13,12,0,0,9700,1,2,0.666666666666667,3,0,0,0,0,0,0,2,2,0,0,0,0,200,0,0
0,1,2,1,srje7gmy,26,1,3,1,0,5,1,7,5,6,5,2,5,2,5,3,2,2,3,1,13,13,1,11,12,0,0,9700,1,1,1,1,0,0,0,0,0,0,2,5,0,0,0,0,300,0,0
0,1,2,1,srje7gmy,26,1,3,1,0,5,1,7,5,6,5,2,5,2,5,3,2,2,4,1,12,12,2,12,12,0,0,9700,0,0,0,0,0,0,0,0,0,0,5,6,0,0,0,0,300,0,0
0,1,2,1,srje7gmy,26,1,3,1,0,5,1,7,5,6,5,2,5,2,5,3,2,2,5,2,11,11,3,11,10,0,0,9700,0,-1,-1,-1,0,0,0,0,0,0,6,6,0,0,0,0,300,0,0
0,1,2,1,srje7gmy,26,1,3,1,0,5,1,7,5,6,5,2,5,2,5,3,2,2,6,2,19,17,1,16,16,0,0,8600,1,5,0.714285714285714,7,4,4,1,0,0,0,6,5,0,0,4,1,300,0,0
0,1,2,1,srje7gmy,26,1,3,1,0,5,1,7,5,6,5,2,5,2,5,3,2,2,7,1,18,18,8,17,12,0,0,8600,1,6,1,6,0,4,1,4,4,1,5,12,0,0,4,2,1400,0,0
0,1,2,1,srje7gmy,26,1,3,1,0,5,1,7,5,6,5,2,5,2,5,3,2,2,8,1,14,12,9,18,12,0,0,8400,0,0,0,2,0,4,1,0,4,1,12,18,4,1,4,3,1400,0,0
0,1,2,1,srje7gmy,26,1,3,1,0,5,1,7,5,6,5,2,5,2,5,3,2,2,9,2,13,13,15,16,13,0,0,8200,1,1,1,1,1,1,1,0,4,1,18,20,4,2,5,4,1600,0,0
0,1,2,1,srje7gmy,26,1,3,1,0,5,1,7,5,6,5,2,5,2,5,3,2,2,10,1,12,12,5,15,12,0,0,8200,0,0,0,0,0,1,1,1,1,1,20,21,4,3,5,5,1800,0,0
0,1,2,1,srje7gmy,26,1,3,1,0,5,1,7,5,6,5,2,5,2,5,3,2,2,11,1,16,16,1,15,12,0,0,8200,1,4,1,4,0,1,1,0,1,1,21,21,5,4,5,6,1800,0,0
0,1,2,1,srje7gmy,26,1,3,1,0,5,1,7,5,6,5,2,5,2,5,3,2,2,12,2,15,14,1,16,16,0,0,7500,1,2,0.666666666666667,3,4,4,1,0,1,1,21,25,5,5,9,7,1800,0,0
0,1,2,1,srje7gmy,26,1,3,1,0,5,1,7,5,6,5,2,5,2,5,3,2,2,13,2,20,20,14,16,12,0,0,6700,1,8,1,8,0,0,0,4,4,1,25,28,5,6,9,7,2500,0,0
0,1,2,1,srje7gmy,26,1,3,1,0,5,1,7,5,6,5,2,5,2,5,3,2,2,14,1,16,16,3,12,12,0,0,6700,1,4,1,4,0,0,0,0,0,0,28,36,9,7,9,7,3300,0,0
0,1,2,1,srje7gmy,26,1,3,1,0,5,1,7,5,6,5,2,5,2,5,3,2,2,15,1,17,16,15,16,12,0,0,6600,1,4,0.8,5,0,0,0,0,0,0,36,40,9,7,9,7,3300,0,0
0,1,2,1,ktsuj3s8,21,1,3,1,0,2,2,3,6,7,2,4,4,2,3,1,2,3,1,1,12,12,4,14,12,0,0,10000,0,0,0,0,0,0,0,0,0,0,0,0,0,0,0,0,0,0,0
0,1,2,1,ktsuj3s8,21,1,3,1,0,2,2,3,6,7,2,4,4,2,3,1,2,3,2,2,14,14,9,15,13,1,0,9700,1,2,1,2,1,1,1,0,0,0,0,0,0,0,0,0,0,0,0
0,1,2,1,ktsuj3s8,21,1,3,1,0,2,2,3,6,7,2,4,4,2,3,1,2,3,3,2,11,11,6,11,11,0,0,9700,0,-1,-1,-1,0,0,0,1,1,1,0,2,0,0,1,1,300,0,0
0,1,2,1,ktsuj3s8,21,1,3,1,0,2,2,3,6,7,2,4,4,2,3,1,2,3,4,1,15,15,9,13,12,0,0,9700,1,3,1,3,0,0,0,0,0,0,2,1,1,1,1,1,300,0,0
0,1,2,1,ktsuj3s8,21,1,3,1,0,2,2,3,6,7,2,4,4,2,3,1,2,3,5,1,13,12,6,12,12,0,0,9600,0,0,0,1,0,0,0,0,0,0,1,4,1,1,1,1,300,0,0
0,1,2,1,ktsuj3s8,21,1,3,1,0,2,2,3,6,7,2,4,4,2,3,1,2,3,6,1,18,18,2,18,12,0,0,9600,1,6,1,6,0,0,0,0,0,0,4,5,1,1,1,1,400,0,0
0,1,2,1,ktsuj3s8,21,1,3,1,0,2,2,3,6,7,2,4,4,2,3,1,2,3,7,1,12,12,9,14,12,0,0,9600,0,0,0,0,0,0,0,0,0,0,5,11,1,1,1,1,400,0,0
0,1,2,1,ktsuj3s8,21,1,3,1,0,2,2,3,6,7,2,4,4,2,3,1,2,3,8,1,20,18,14,16,12,0,0,9400,1,6,0.75,8,0,0,0,0,0,0,11,11,1,1,1,1,400,0,0
0,1,2,1,ktsuj3s8,21,1,3,1,0,2,2,3,6,7,2,4,4,2,3,1,2,3,9,1,15,13,9,15,12,1,50,9150,1,1,0.333333333333333,3,0,0,0,0,0,0,11,19,1,1,1,1,600,0,0
0,1,2,1,ktsuj3s8,21,1,3,1,0,2,2,3,6,7,2,4,4,2,3,1,2,3,10,1,13,13,6,12,12,0,0,9150,1,1,1,1,0,0,0,0,0,0,19,22,1,1,1,1,850,1,1
0,1,2,1,ktsuj3s8,21,1,3,1,0,2,2,3,6,7,2,4,4,2,3,1,2,3,11,1,16,14,4,14,12,0,0,8950,1,2,0.5,4,0,0,0,0,0,0,22,23,1,1,1,1,850,0,0
0,1,2,1,ktsuj3s8,21,1,3,1,0,2,2,3,6,7,2,4,4,2,3,1,2,3,12,2,14,14,10,16,16,0,0,8350,1,2,1,2,4,4,1,0,0,0,23,27,1,1,5,2,1050,0,0
0,1,2,1,ktsuj3s8,21,1,3,1,0,2,2,3,6,7,2,4,4,2,3,1,2,3,13,2,16,15,7,15,15,0,0,7650,1,3,0.75,4,3,3,1,4,4,1,27,29,1,1,8,3,1650,0,0
0,1,2,1,ktsuj3s8,21,1,3,1,0,2,2,3,6,7,2,4,4,2,3,1,2,3,14,1,17,17,1,20,12,0,0,7650,1,5,1,5,0,3,1,3,3,1,29,33,5,2,8,4,2350,0,0
0,1,2,1,ktsuj3s8,21,1,3,1,0,2,2,3,6,7,2,4,4,2,3,1,2,3,15,1,19,19,10,15,12,0,0,7650,1,7,1,7,0,3,1,0,3,1,33,38,8,3,8,5,2350,0,0
0,1,2,1,6z6ugrl9,22,1,3,1,0,5,1,2,6,7,3,1,4,2,2,1,2,3,1,1,13,12,3,13,12,0,0,9900,0,0,0,1,0,0,0,0,0,0,0,0,0,0,0,0,0,0,0
0,1,2,1,6z6ugrl9,22,1,3,1,0,5,1,2,6,7,3,1,4,2,2,1,2,3,2,2,15,15,6,14,14,0,0,9400,1,3,1,3,2,2,1,0,0,0,1,1,0,0,0,0,100,0,0
0,1,2,1,6z6ugrl9,22,1,3,1,0,5,1,2,6,7,3,1,4,2,2,1,2,3,3,1,12,12,8,15,12,0,0,9400,0,0,0,0,0,2,1,2,2,1,1,4,0,0,2,2,600,0,0
0,1,2,1,6z6ugrl9,22,1,3,1,0,5,1,2,6,7,3,1,4,2,2,1,2,3,4,2,11,11,10,11,11,0,0,9400,0,-1,-1,-1,0,0,0,0,2,1,4,4,2,1,2,2,600,0,0
0,1,2,1,6z6ugrl9,22,1,3,1,0,5,1,2,6,7,3,1,4,2,2,1,2,3,5,1,14,13,15,11,12,0,0,9300,1,1,0.5,2,0,0,0,0,0,0,4,3,2,2,2,2,600,0,0
0,1,2,1,6z6ugrl9,22,1,3,1,0,5,1,2,6,7,3,1,4,2,2,1,2,3,6,2,13,13,9,12,12,0,0,9200,1,1,1,1,0,0,0,0,0,0,3,5,2,2,2,2,700,0,0
0,1,2,1,6z6ugrl9,22,1,3,1,0,5,1,2,6,7,3,1,4,2,2,1,2,3,7,1,15,12,7,17,12,0,0,8900,0,0,0,3,0,0,0,0,0,0,5,6,2,2,2,2,800,0,0
0,1,2,1,6z6ugrl9,22,1,3,1,0,5,1,2,6,7,3,1,4,2,2,1,2,3,8,2,16,16,13,20,18,0,0,7900,1,4,1,4,6,6,1,0,0,0,6,9,2,2,8,3,1100,0,0
0,1,2,1,6z6ugrl9,22,1,3,1,0,5,1,2,6,7,3,1,4,2,2,1,2,3,9,2,19,19,1,19,19,0,0,6500,1,7,1,7,7,7,1,6,6,1,9,13,2,2,15,4,2100,0,0
0,1,2,1,6z6ugrl9,22,1,3,1,0,5,1,2,6,7,3,1,4,2,2,1,2,3,10,2,12,12,7,19,19,0,0,5800,0,0,0,0,7,7,1,7,7,1,13,20,8,3,22,5,3500,0,0
0,1,2,1,6z6ugrl9,22,1,3,1,0,5,1,2,6,7,3,1,4,2,2,1,2,3,11,2,17,17,9,20,14,0,0,5100,1,5,1,5,2,2,1,7,7,1,20,20,15,4,24,6,4200,0,0
0,1,2,1,6z6ugrl9,22,1,3,1,0,5,1,2,6,7,3,1,4,2,2,1,2,3,12,1,14,13,3,15,12,0,0,5000,1,1,0.5,2,0,2,1,2,2,1,20,25,22,5,24,7,4900,0,0
0,1,2,1,6z6ugrl9,22,1,3,1,0,5,1,2,6,7,3,1,4,2,2,1,2,3,13,1,16,12,12,20,12,0,0,4600,0,0,0,4,0,2,1,0,2,1,25,27,24,6,24,8,5000,0,0
0,1,2,1,6z6ugrl9,22,1,3,1,0,5,1,2,6,7,3,1,4,2,2,1,2,3,14,1,20,20,4,18,12,0,0,4600,1,8,1,8,0,2,1,0,2,1,27,31,24,7,24,9,5400,0,0
0,1,2,1,6z6ugrl9,22,1,3,1,0,5,1,2,6,7,3,1,4,2,2,1,2,3,15,1,18,16,11,12,12,0,0,4400,1,4,0.666666666666667,6,0,2,1,0,2,1,31,39,24,8,24,10,5400,0,0
0,1,2,1,3nmcsbgv,21,1,3,1,0,2,2,2,4,5,3,2,3,2,1,1,2,2,1,2,12,11,6,15,14,0,0,9800,0,-1,-1,0,2,2,1,0,0,0,0,0,0,0,0,0,0,0,0
0,1,2,1,3nmcsbgv,21,1,3,1,0,2,2,2,4,5,3,2,3,2,1,1,2,2,2,2,13,13,11,12,13,0,0,9600,1,1,1,1,1,1,1,2,2,1,0,0,2,1,2,1,200,0,0
0,1,2,1,3nmcsbgv,21,1,3,1,0,2,2,2,4,5,3,2,3,2,1,1,2,2,3,2,14,14,11,11,13,0,0,9300,1,2,1,2,1,1,1,1,1,1,0,1,2,1,4,3,400,0,0
0,1,2,1,3nmcsbgv,21,1,3,1,0,2,2,2,4,5,3,2,3,2,1,1,2,2,4,1,15,12,7,12,12,0,0,9000,0,0,0,3,0,1,1,1,1,1,1,3,3,2,4,4,700,0,0
0,1,2,1,3nmcsbgv,21,1,3,1,0,2,2,2,4,5,3,2,3,2,1,1,2,2,5,2,11,11,14,14,13,0,0,9000,0,-1,-1,-1,1,1,1,0,1,1,3,6,4,3,5,5,1000,0,0
0,1,2,1,3nmcsbgv,21,1,3,1,0,2,2,2,4,5,3,2,3,2,1,1,2,2,6,2,14,14,6,16,16,1,0,8400,1,2,1,2,4,4,1,1,1,1,6,5,4,4,9,6,1000,0,0
0,1,2,1,3nmcsbgv,21,1,3,1,0,2,2,2,4,5,3,2,3,2,1,1,2,2,7,1,18,13,5,13,12,1,50,7850,1,1,0.166666666666667,6,0,4,1,4,4,1,5,7,5,5,9,7,1600,1,0
0,1,2,1,3nmcsbgv,21,1,3,1,0,2,2,2,4,5,3,2,3,2,1,1,2,2,8,1,20,20,8,12,12,0,0,7850,1,8,1,8,0,4,1,0,4,1,7,13,9,6,9,8,2150,1,1
0,1,2,1,3nmcsbgv,21,1,3,1,0,2,2,2,4,5,3,2,3,2,1,1,2,2,9,1,16,13,12,13,12,0,0,7550,1,1,0.25,4,0,4,1,0,4,1,13,21,9,7,9,9,2150,0,0
0,1,2,1,3nmcsbgv,21,1,3,1,0,2,2,2,4,5,3,2,3,2,1,1,2,2,10,2,15,17,9,17,14,0,0,7050,1,5,1.66666666666667,3,2,2,1,0,4,1,21,25,9,8,11,10,2450,0,0
0,1,2,1,3nmcsbgv,21,1,3,1,0,2,2,2,4,5,3,2,3,2,1,1,2,2,11,2,17,17,3,14,12,0,0,6550,1,5,1,5,0,0,0,2,2,1,25,28,9,9,11,10,2950,0,0
0,1,2,1,3nmcsbgv,21,1,3,1,0,2,2,2,4,5,3,2,3,2,1,1,2,2,12,2,13,16,4,19,19,1,0,5750,1,4,4,1,7,7,1,0,0,0,28,33,11,10,18,11,3450,0,0
0,1,2,1,3nmcsbgv,21,1,3,1,0,2,2,2,4,5,3,2,3,2,1,1,2,2,13,1,19,16,4,16,12,0,0,5450,1,4,0.571428571428571,7,0,7,1,7,7,1,33,34,11,10,18,12,4250,1,0
0,1,2,1,3nmcsbgv,21,1,3,1,0,2,2,2,4,5,3,2,3,2,1,1,2,2,14,1,12,12,9,19,12,0,0,5450,0,0,0,0,0,7,1,0,7,1,34,41,18,11,18,13,4550,0,0
0,1,2,1,3nmcsbgv,21,1,3,1,0,2,2,2,4,5,3,2,3,2,1,1,2,2,15,2,16,17,12,17,16,1,0,4650,1,5,1.25,4,4,4,1,0,7,1,41,41,18,12,22,14,4550,0,0
0,1,3,1,wsluzbio,22,1,4,2,1,2,2,10,5,5,3,3,4,2,4,3,2,2,1,2,11,10,4,12,12,0,0,10000,0,-2,-2,-1,0,0,0,0,0,0,0,0,0,0,0,0,0,0,0
0,1,3,1,wsluzbio,22,1,4,2,1,2,2,10,5,5,3,3,4,2,4,3,2,2,2,2,12,12,7,12,12,0,0,10000,0,0,0,0,0,0,0,0,0,0,-1,-1,0,0,0,0,0,0,0
0,1,3,1,wsluzbio,22,1,4,2,1,2,2,10,5,5,3,3,4,2,4,3,2,2,3,2,15,15,3,14,14,0,0,9500,1,3,1,3,2,2,1,0,0,0,-1,-1,0,0,2,1,0,0,0
0,1,3,1,wsluzbio,22,1,4,2,1,2,2,10,5,5,3,3,4,2,4,3,2,2,4,1,13,12,5,11,12,1,0,9400,0,0,0,1,0,2,1,2,2,1,-1,2,0,0,2,2,500,0,0
0,1,3,1,wsluzbio,22,1,4,2,1,2,2,10,5,5,3,3,4,2,4,3,2,2,5,1,14,14,2,12,12,0,0,9400,1,2,1,2,0,2,1,0,2,1,2,3,2,1,2,3,600,1,0
0,1,3,1,wsluzbio,22,1,4,2,1,2,2,10,5,5,3,3,4,2,4,3,2,2,6,1,12,12,7,16,12,0,0,9400,0,0,0,0,0,2,1,0,2,1,3,5,2,2,2,4,600,0,0
0,1,3,1,wsluzbio,22,1,4,2,1,2,2,10,5,5,3,3,4,2,4,3,2,2,7,1,15,13,8,16,12,0,0,9200,1,1,0.333333333333333,3,0,2,1,0,2,1,5,5,2,3,2,5,600,0,0
0,1,3,1,wsluzbio,22,1,4,2,1,2,2,10,5,5,3,3,4,2,4,3,2,2,8,1,19,19,2,19,12,0,0,9200,1,7,1,7,0,2,1,0,2,1,5,8,2,4,2,6,800,0,0
0,1,3,1,wsluzbio,22,1,4,2,1,2,2,10,5,5,3,3,4,2,4,3,2,2,9,1,17,5,3,19,12,0,0,8000,0,-7,-1.4,5,0,2,1,0,2,1,8,15,2,5,2,7,800,0,0
0,1,3,1,wsluzbio,22,1,4,2,1,2,2,10,5,5,3,3,4,2,4,3,2,2,10,1,18,18,2,15,12,1,300,7700,1,6,1,6,0,2,1,0,2,1,15,20,2,6,2,8,2000,0,0
0,1,3,1,wsluzbio,22,1,4,2,1,2,2,10,5,5,3,3,4,2,4,3,2,2,11,2,16,16,4,18,16,0,0,6900,1,4,1,4,4,4,1,0,2,1,20,26,2,7,6,9,2300,1,1
0,1,3,1,wsluzbio,22,1,4,2,1,2,2,10,5,5,3,3,4,2,4,3,2,2,12,1,16,16,2,18,12,1,200,6700,1,4,1,4,0,4,1,4,4,1,26,30,2,8,6,10,3100,0,0
0,1,3,1,wsluzbio,22,1,4,2,1,2,2,10,5,5,3,3,4,2,4,3,2,2,13,2,20,20,4,13,14,0,0,5700,1,8,1,8,2,2,1,0,4,1,30,34,6,9,8,11,3300,1,1
0,1,3,1,wsluzbio,22,1,4,2,1,2,2,10,5,5,3,3,4,2,4,3,2,2,14,2,14,14,2,16,16,0,0,5100,1,2,1,2,4,4,1,2,2,1,34,42,6,10,12,12,4300,0,0
0,1,3,1,wsluzbio,22,1,4,2,1,2,2,10,5,5,3,3,4,2,4,3,2,2,15,1,13,13,5,19,12,0,0,5100,1,1,1,1,0,4,1,4,4,1,42,44,8,11,12,13,4900,0,0
0,1,3,1,om26trdv,21,1,3,1,0,4,1,2,4,9,3,2,1,2,1,1,2,3,1,1,11,12,6,11,12,0,0,10000,0,0,0,-1,0,0,0,0,0,0,0,0,0,0,0,0,0,0,0
0,1,3,1,om26trdv,21,1,3,1,0,4,1,2,4,9,3,2,1,2,1,1,2,3,2,2,14,14,8,15,14,0,0,9600,1,2,1,2,2,2,1,0,0,0,-1,-1,0,0,0,0,0,0,0
0,1,3,1,om26trdv,21,1,3,1,0,4,1,2,4,9,3,2,1,2,1,1,2,3,3,2,15,15,7,14,14,0,0,9100,1,3,1,3,2,2,1,2,2,1,-1,1,0,0,4,2,400,0,0
0,1,3,1,om26trdv,21,1,3,1,0,4,1,2,4,9,3,2,1,2,1,1,2,3,4,1,13,14,6,14,12,0,0,9100,1,2,2,1,0,2,1,2,2,1,1,4,2,1,4,3,900,0,0
0,1,3,1,om26trdv,21,1,3,1,0,4,1,2,4,9,3,2,1,2,1,1,2,3,5,2,12,12,1,14,14,0,0,8900,0,0,0,0,2,2,1,0,2,1,4,5,4,2,6,4,900,0,0
0,1,3,1,om26trdv,21,1,3,1,0,4,1,2,4,9,3,2,1,2,1,1,2,3,6,1,17,17,3,15,12,0,0,8900,1,5,1,5,0,2,1,2,2,1,5,5,4,3,6,5,1100,0,0
0,1,3,1,om26trdv,21,1,3,1,0,4,1,2,4,9,3,2,1,2,1,1,2,3,7,1,20,20,6,16,12,0,0,8900,1,8,1,8,0,2,1,0,2,1,5,10,6,4,6,6,1100,0,0
0,1,3,1,om26trdv,21,1,3,1,0,4,1,2,4,9,3,2,1,2,1,1,2,3,8,2,19,19,1,19,19,0,0,7500,1,7,1,7,7,7,1,0,2,1,10,18,6,5,13,7,1100,0,0
0,1,3,1,om26trdv,21,1,3,1,0,4,1,2,4,9,3,2,1,2,1,1,2,3,9,2,14,16,5,16,13,1,0,7200,1,4,2,2,1,1,1,7,7,1,18,25,6,6,14,8,2500,0,0
0,1,3,1,om26trdv,21,1,3,1,0,4,1,2,4,9,3,2,1,2,1,1,2,3,10,2,15,16,1,18,18,1,0,6300,1,4,1.33333333333333,3,6,6,1,1,1,1,25,27,13,7,20,9,2800,1,0
0,1,3,1,om26trdv,21,1,3,1,0,4,1,2,4,9,3,2,1,2,1,1,2,3,11,1,12,19,7,19,12,0,0,6300,1,7,7,0,0,6,1,6,6,1,27,30,14,8,20,10,3700,1,0
0,1,3,1,om26trdv,21,1,3,1,0,4,1,2,4,9,3,2,1,2,1,1,2,3,12,2,18,18,1,16,16,0,0,5300,1,6,1,6,4,4,1,0,6,1,30,30,20,9,24,11,3700,0,0
0,1,3,1,om26trdv,21,1,3,1,0,4,1,2,4,9,3,2,1,2,1,1,2,3,13,2,13,14,8,14,14,0,0,5000,1,2,2,1,2,2,1,4,4,1,30,36,20,10,26,12,4700,0,0
0,1,3,1,om26trdv,21,1,3,1,0,4,1,2,4,9,3,2,1,2,1,1,2,3,14,1,16,16,1,14,12,0,0,5000,1,4,1,4,0,2,1,2,2,1,36,37,24,11,26,13,5000,0,0
0,1,3,1,om26trdv,21,1,3,1,0,4,1,2,4,9,3,2,1,2,1,1,2,3,15,2,16,16,6,19,14,0,0,4400,1,4,1,4,2,2,1,0,2,1,37,41,26,12,28,14,5000,0,0
0,1,3,1,9ersq5ll,27,1,3,1,0,5,1,2,9,9,3,2,4,3,2,1,3,3,1,2,12,12,8,14,13,0,0,9900,0,0,0,0,1,1,1,0,0,0,0,0,0,0,0,0,0,0,0
0,1,3,1,9ersq5ll,27,1,3,1,0,5,1,2,9,9,3,2,4,3,2,1,3,3,2,1,13,13,5,13,12,0,0,9900,1,1,1,1,0,1,1,1,1,1,0,0,1,1,1,1,100,0,0
0,1,3,1,9ersq5ll,27,1,3,1,0,5,1,2,9,9,3,2,4,3,2,1,3,3,3,1,14,14,1,15,12,0,0,9900,1,2,1,2,0,1,1,0,1,1,0,1,1,1,1,3,100,0,0
0,1,3,1,9ersq5ll,27,1,3,1,0,5,1,2,9,9,3,2,4,3,2,1,3,3,4,2,15,14,4,11,11,0,0,9700,1,2,0.666666666666667,3,0,0,0,0,1,1,1,3,1,2,1,3,100,0,0
0,1,3,1,9ersq5ll,27,1,3,1,0,5,1,2,9,9,3,2,4,3,2,1,3,3,5,2,11,12,7,15,15,0,0,9500,0,0,0,-1,3,3,1,0,0,0,3,6,1,3,4,4,300,0,0
0,1,3,1,9ersq5ll,27,1,3,1,0,5,1,2,9,9,3,2,4,3,2,1,3,3,6,2,15,15,2,17,17,0,0,8700,1,3,1,3,5,5,1,3,3,1,6,5,1,3,9,5,500,0,0
0,1,3,1,9ersq5ll,27,1,3,1,0,5,1,2,9,9,3,2,4,3,2,1,3,3,7,2,16,16,4,14,15,0,0,8000,1,4,1,4,3,3,1,5,5,1,5,8,4,4,12,6,1300,0,0
0,1,3,1,9ersq5ll,27,1,3,1,0,5,1,2,9,9,3,2,4,3,2,1,3,3,8,2,17,17,4,12,15,0,0,7200,1,5,1,5,3,3,1,3,3,1,8,12,9,5,15,7,2000,0,0
0,1,3,1,9ersq5ll,27,1,3,1,0,5,1,2,9,9,3,2,4,3,2,1,3,3,9,2,19,19,1,17,5,1,0,7200,1,7,1,7,0,0,0,3,3,1,12,17,12,6,15,7,2800,0,0
0,1,3,1,9ersq5ll,27,1,3,1,0,5,1,2,9,9,3,2,4,3,2,1,3,3,10,2,14,14,4,15,15,0,0,6700,1,2,1,2,3,3,1,0,0,0,17,24,15,7,18,8,2800,1,0
0,1,3,1,9ersq5ll,27,1,3,1,0,5,1,2,9,9,3,2,4,3,2,1,3,3,11,2,18,18,6,13,13,0,0,6000,1,6,1,6,1,1,1,3,3,1,24,26,15,7,19,9,3300,0,0
0,1,3,1,9ersq5ll,27,1,3,1,0,5,1,2,9,9,3,2,4,3,2,1,3,3,12,1,20,20,6,20,12,1,400,5600,1,8,1,8,0,1,1,1,1,1,26,32,18,8,19,10,4000,0,0
0,1,3,1,9ersq5ll,27,1,3,1,0,5,1,2,9,9,3,2,4,3,2,1,3,3,13,2,13,13,7,12,12,0,0,5500,1,1,1,1,0,0,0,0,1,1,32,40,19,9,19,10,4400,1,1
0,1,3,1,9ersq5ll,27,1,3,1,0,5,1,2,9,9,3,2,4,3,2,1,3,3,14,1,12,12,8,20,12,0,0,5500,0,0,0,0,0,0,0,0,0,0,40,41,19,10,19,10,4500,0,0
0,1,3,1,9ersq5ll,27,1,3,1,0,5,1,2,9,9,3,2,4,3,2,1,3,3,15,2,16,16,7,16,14,0,0,4900,1,4,1,4,2,2,1,0,0,0,41,41,19,10,21,11,4500,0,0
0,1,3,1,l4i9oxju,21,1,3,1,0,2,2,3,6,7,3,2,4,2,2,1,2,3,1,1,12,12,1,11,12,0,0,10000,0,0,0,0,0,0,0,0,0,0,0,0,0,0,0,0,0,0,0
0,1,3,1,l4i9oxju,21,1,3,1,0,2,2,3,6,7,3,2,4,2,2,1,2,3,2,2,15,12,6,12,13,0,0,9600,0,0,0,3,1,1,1,0,0,0,0,0,0,0,0,0,0,0,0
0,1,3,1,l4i9oxju,21,1,3,1,0,2,2,3,6,7,3,2,4,2,2,1,2,3,3,2,13,13,6,13,13,0,0,9400,1,1,1,1,1,1,1,1,1,1,0,3,0,0,2,2,400,0,0
0,1,3,1,l4i9oxju,21,1,3,1,0,2,2,3,6,7,3,2,4,2,2,1,2,3,4,1,11,11,3,15,12,0,0,9400,0,-1,-1,-1,0,1,1,1,1,1,3,4,1,1,2,3,600,0,0
0,1,3,1,l4i9oxju,21,1,3,1,0,2,2,3,6,7,3,2,4,2,2,1,2,3,5,2,14,13,8,12,13,0,0,9100,1,1,0.5,2,1,1,1,0,1,1,4,3,2,2,3,4,600,0,0
0,1,3,1,l4i9oxju,21,1,3,1,0,2,2,3,6,7,3,2,4,2,2,1,2,3,6,1,16,15,8,15,12,0,0,9000,1,3,0.75,4,0,1,1,1,1,1,3,5,2,3,3,5,900,0,0
0,1,3,1,l4i9oxju,21,1,3,1,0,2,2,3,6,7,3,2,4,2,2,1,2,3,7,1,14,15,3,16,12,1,150,8850,1,3,1.5,2,0,1,1,0,1,1,5,9,3,4,3,6,1000,0,0
0,1,3,1,l4i9oxju,21,1,3,1,0,2,2,3,6,7,3,2,4,2,2,1,2,3,8,1,12,15,3,17,12,0,0,8850,1,3,3,0,0,1,1,0,1,1,9,11,3,5,3,7,1150,1,1
0,1,3,1,l4i9oxju,21,1,3,1,0,2,2,3,6,7,3,2,4,2,2,1,2,3,9,2,19,16,6,14,14,0,0,7950,1,4,0.571428571428571,7,2,2,1,0,1,1,11,11,3,6,5,8,1150,0,0
0,1,3,1,l4i9oxju,21,1,3,1,0,2,2,3,6,7,3,2,4,2,2,1,2,3,10,1,15,15,3,14,12,0,0,7950,1,3,1,3,0,2,1,2,2,1,11,18,3,7,5,9,2050,0,0
0,1,3,1,l4i9oxju,21,1,3,1,0,2,2,3,6,7,3,2,4,2,2,1,2,3,11,1,18,16,1,16,12,0,0,7750,1,4,0.666666666666667,6,0,2,1,0,2,1,18,21,5,8,5,10,2050,0,0
0,1,3,1,l4i9oxju,21,1,3,1,0,2,2,3,6,7,3,2,4,2,2,1,2,3,12,1,20,17,8,17,12,0,0,7450,1,5,0.625,8,0,2,1,0,2,1,21,27,5,9,5,11,2250,0,0
0,1,3,1,l4i9oxju,21,1,3,1,0,2,2,3,6,7,3,2,4,2,2,1,2,3,13,1,13,14,1,20,12,0,0,7450,1,2,2,1,0,2,1,0,2,1,27,35,5,10,5,12,2550,0,0
0,1,3,1,l4i9oxju,21,1,3,1,0,2,2,3,6,7,3,2,4,2,2,1,2,3,14,1,17,17,5,15,12,1,250,7200,1,5,1,5,0,2,1,0,2,1,35,36,5,11,5,13,2550,0,0
0,1,3,1,l4i9oxju,21,1,3,1,0,2,2,3,6,7,3,2,4,2,2,1,2,3,15,2,16,17,8,18,17,0,0,6300,1,5,1.25,4,5,5,1,0,2,1,36,41,5,12,10,14,2800,1,1
0,1,3,1,6qaxzzrp,27,1,3,1,0,2,2,2,2,2,1,4,5,5,5,1,1,1,1,2,12,12,7,13,12,0,0,10000,0,0,0,0,0,0,0,0,0,0,0,0,0,0,0,0,0,0,0
0,1,3,1,6qaxzzrp,27,1,3,1,0,2,2,2,2,2,1,4,5,5,5,1,1,1,2,2,13,12,3,13,13,1,0,9800,0,0,0,1,1,1,1,0,0,0,0,0,0,0,0,0,0,0,0
0,1,3,1,6qaxzzrp,27,1,3,1,0,2,2,2,2,2,1,4,5,5,5,1,1,1,3,1,15,15,8,13,12,0,0,9800,1,3,1,3,0,1,1,1,1,1,0,1,0,0,1,2,200,0,0
0,1,3,1,6qaxzzrp,27,1,3,1,0,2,2,2,2,2,1,4,5,5,5,1,1,1,4,2,11,11,1,13,12,0,0,9800,0,-1,-1,-1,0,0,0,0,1,1,1,4,1,1,1,2,200,0,0
0,1,3,1,6qaxzzrp,27,1,3,1,0,2,2,2,2,2,1,4,5,5,5,1,1,1,5,1,14,12,6,15,12,1,0,9600,0,0,0,2,0,0,0,0,0,0,4,3,1,2,1,2,200,0,0
0,1,3,1,6qaxzzrp,27,1,3,1,0,2,2,2,2,2,1,4,5,5,5,1,1,1,6,2,18,12,6,18,15,0,0,8700,0,0,0,6,3,3,1,0,0,0,3,5,1,2,4,3,400,1,0
0,1,3,1,6qaxzzrp,27,1,3,1,0,2,2,2,2,2,1,4,5,5,5,1,1,1,7,2,14,12,7,18,16,0,0,8100,0,0,0,2,4,4,1,3,3,1,5,11,1,2,8,4,1300,0,0
0,1,3,1,6qaxzzrp,27,1,3,1,0,2,2,2,2,2,1,4,5,5,5,1,1,1,8,2,13,13,8,12,12,0,0,8000,1,1,1,1,0,0,0,4,4,1,11,13,4,3,8,4,1900,0,0
0,1,3,1,6qaxzzrp,27,1,3,1,0,2,2,2,2,2,1,4,5,5,5,1,1,1,9,1,16,13,2,14,12,1,50,7650,1,1,0.25,4,0,0,0,0,0,0,13,14,8,4,8,4,2000,0,0
0,1,3,1,6qaxzzrp,27,1,3,1,0,2,2,2,2,2,1,4,5,5,5,1,1,1,10,2,17,12,6,12,12,0,0,7150,0,0,0,5,0,0,0,0,0,0,14,18,8,4,8,4,2350,1,1
0,1,3,1,6qaxzzrp,27,1,3,1,0,2,2,2,2,2,1,4,5,5,5,1,1,1,11,1,20,20,8,16,12,1,400,6750,1,8,1,8,0,0,0,0,0,0,18,23,8,4,8,4,2850,0,0
0,1,3,1,6qaxzzrp,27,1,3,1,0,2,2,2,2,2,1,4,5,5,5,1,1,1,12,1,12,12,7,14,12,0,0,6750,0,0,0,0,0,0,0,0,0,0,23,31,8,4,8,4,3250,1,1
0,1,3,1,6qaxzzrp,27,1,3,1,0,2,2,2,2,2,1,4,5,5,5,1,1,1,13,1,16,15,6,15,12,0,0,6650,1,3,0.75,4,0,0,0,0,0,0,31,31,8,4,8,4,3250,0,0
0,1,3,1,6qaxzzrp,27,1,3,1,0,2,2,2,2,2,1,4,5,5,5,1,1,1,14,2,15,15,4,17,17,0,0,5850,1,3,1,3,5,5,1,0,0,0,31,35,8,4,13,5,3350,0,0
0,1,3,1,6qaxzzrp,27,1,3,1,0,2,2,2,2,2,1,4,5,5,5,1,1,1,15,2,19,16,1,13,13,0,0,5050,1,4,0.571428571428571,7,1,1,1,5,5,1,35,38,8,4,14,6,4150,0,0
0,1,3,1,keuzcds6,21,1,3,1,1,4,1,0,3,7,4,3,5,3,5,1,1,3,1,2,11,11,2,11,12,0,0,10000,0,-1,-1,-1,0,0,0,0,0,0,0,0,0,0,0,0,0,0,0
0,1,3,1,keuzcds6,21,1,3,1,1,4,1,0,3,7,4,3,5,3,5,1,1,3,2,1,12,13,4,15,12,0,0,10000,1,1,1,0,0,0,0,0,0,0,-1,-1,0,0,0,0,0,0,0
0,1,3,1,keuzcds6,21,1,3,1,1,4,1,0,3,7,4,3,5,3,5,1,1,3,3,1,13,13,4,13,12,0,0,10000,1,1,1,1,0,0,0,0,0,0,-1,-1,0,0,0,0,0,0,0
0,1,3,1,keuzcds6,21,1,3,1,1,4,1,0,3,7,4,3,5,3,5,1,1,3,4,2,14,14,2,13,14,0,0,9600,1,2,1,2,2,2,1,0,0,0,-1,0,0,0,2,1,0,0,0
0,1,3,1,keuzcds6,21,1,3,1,1,4,1,0,3,7,4,3,5,3,5,1,1,3,5,2,15,15,5,14,12,0,0,9300,1,3,1,3,0,0,0,2,2,1,0,2,0,0,2,1,400,0,0
0,1,3,1,keuzcds6,21,1,3,1,1,4,1,0,3,7,4,3,5,3,5,1,1,3,6,1,18,15,5,18,12,0,0,9000,1,3,0.5,6,0,0,0,0,0,0,2,5,2,1,2,1,700,0,0
0,1,3,1,keuzcds6,21,1,3,1,1,4,1,0,3,7,4,3,5,3,5,1,1,3,7,2,16,16,2,20,20,0,0,7800,1,4,1,4,8,8,1,0,0,0,5,11,2,1,10,2,1000,0,0
0,1,3,1,keuzcds6,21,1,3,1,1,4,1,0,3,7,4,3,5,3,5,1,1,3,8,2,16,12,7,15,14,0,0,7200,0,0,0,4,2,2,1,8,8,1,11,15,2,1,12,3,2200,0,0
0,1,3,1,keuzcds6,21,1,3,1,1,4,1,0,3,7,4,3,5,3,5,1,1,3,9,1,14,14,4,19,12,1,100,7100,1,2,1,2,0,2,1,2,2,1,15,19,10,2,12,4,2800,0,0
0,1,3,1,keuzcds6,21,1,3,1,1,4,1,0,3,7,4,3,5,3,5,1,1,3,10,1,12,12,5,17,12,0,0,7100,0,0,0,0,0,2,1,0,2,1,19,21,12,3,12,5,2900,1,1
0,1,3,1,keuzcds6,21,1,3,1,1,4,1,0,3,7,4,3,5,3,5,1,1,3,11,1,13,13,3,18,12,0,0,7100,1,1,1,1,0,2,1,0,2,1,21,21,12,4,12,6,2900,0,0
0,1,3,1,keuzcds6,21,1,3,1,1,4,1,0,3,7,4,3,5,3,5,1,1,3,12,2,20,12,3,20,20,0,0,5500,0,0,0,8,8,8,1,0,2,1,21,22,12,5,20,7,2900,0,0
0,1,3,1,keuzcds6,21,1,3,1,1,4,1,0,3,7,4,3,5,3,5,1,1,3,13,2,15,14,5,16,15,0,0,4900,1,2,0.666666666666667,3,3,3,1,8,8,1,22,30,12,6,23,8,4500,0,0
0,1,3,1,keuzcds6,21,1,3,1,1,4,1,0,3,7,4,3,5,3,5,1,1,3,14,2,17,17,7,20,16,0,0,4000,1,5,1,5,4,4,1,3,3,1,30,33,20,7,27,9,5100,0,0
0,1,3,1,keuzcds6,21,1,3,1,1,4,1,0,3,7,4,3,5,3,5,1,1,3,15,1,19,14,2,16,12,0,0,3500,1,2,0.285714285714286,7,0,4,1,4,4,1,33,38,23,8,27,10,6000,0,0
0,1,3,1,po1xmivv,21,1,3,1,1,2,2,3,5,5,4,2,5,3,3,1,2,2,1,1,13,12,5,12,12,1,0,9900,0,0,0,1,0,0,0,0,0,0,0,0,0,0,0,0,0,0,0
0,1,3,1,po1xmivv,21,1,3,1,1,2,2,3,5,5,4,2,5,3,3,1,2,2,2,1,12,12,1,12,12,0,0,9900,0,0,0,0,0,0,0,0,0,0,1,1,0,0,0,0,100,0,0
0,1,3,1,po1xmivv,21,1,3,1,1,2,2,3,5,5,4,2,5,3,3,1,2,2,3,1,14,14,2,15,12,0,0,9900,1,2,1,2,0,0,0,0,0,0,1,1,0,0,0,0,100,0,0
0,1,3,1,po1xmivv,21,1,3,1,1,2,2,3,5,5,4,2,5,3,3,1,2,2,4,1,11,11,8,11,12,1,0,9900,0,-1,-1,-1,0,0,0,0,0,0,1,3,0,0,0,0,100,0,0
0,1,3,1,po1xmivv,21,1,3,1,1,2,2,3,5,5,4,2,5,3,3,1,2,2,5,1,15,15,3,11,12,0,0,9900,1,3,1,3,0,0,0,0,0,0,3,2,0,0,0,0,100,1,0
0,1,3,1,po1xmivv,21,1,3,1,1,2,2,3,5,5,4,2,5,3,3,1,2,2,6,2,16,16,1,12,12,0,0,9500,1,4,1,4,0,0,0,0,0,0,2,5,0,0,0,0,100,0,0
0,1,3,1,po1xmivv,21,1,3,1,1,2,2,3,5,5,4,2,5,3,3,1,2,2,7,1,18,16,5,14,12,1,200,9100,1,4,0.666666666666667,6,0,0,0,0,0,0,5,9,0,0,0,0,500,0,0
0,1,3,1,po1xmivv,21,1,3,1,1,2,2,3,5,5,4,2,5,3,3,1,2,2,8,1,15,14,6,16,12,0,0,9000,1,2,0.666666666666667,3,0,0,0,0,0,0,9,15,0,0,0,0,900,1,1
0,1,3,1,po1xmivv,21,1,3,1,1,2,2,3,5,5,4,2,5,3,3,1,2,2,9,2,13,13,8,13,13,0,0,8800,1,1,1,1,1,1,1,0,0,0,15,18,0,0,1,1,1000,0,0
0,1,3,1,po1xmivv,21,1,3,1,1,2,2,3,5,5,4,2,5,3,3,1,2,2,10,2,17,16,8,19,18,0,0,7700,1,4,0.8,5,6,6,1,1,1,1,18,19,0,0,7,2,1200,0,0
0,1,3,1,po1xmivv,21,1,3,1,1,2,2,3,5,5,4,2,5,3,3,1,2,2,11,2,19,19,2,12,19,0,0,6300,1,7,1,7,7,7,1,6,6,1,19,24,1,1,14,3,2300,0,0
0,1,3,1,po1xmivv,21,1,3,1,1,2,2,3,5,5,4,2,5,3,3,1,2,2,12,2,14,13,5,12,12,0,0,6100,1,1,0.5,2,0,0,0,7,7,1,24,31,7,2,14,3,3700,0,0
0,1,3,1,po1xmivv,21,1,3,1,1,2,2,3,5,5,4,2,5,3,3,1,2,2,13,1,12,12,3,13,12,1,0,6100,0,0,0,0,0,0,0,0,0,0,31,33,14,3,14,3,3900,0,0
0,1,3,1,po1xmivv,21,1,3,1,1,2,2,3,5,5,4,2,5,3,3,1,2,2,14,1,20,16,6,17,12,1,200,5500,1,4,0.5,8,0,0,0,0,0,0,33,33,14,3,14,3,3900,1,0
0,1,3,1,po1xmivv,21,1,3,1,1,2,2,3,5,5,4,2,5,3,3,1,2,2,15,1,16,14,3,16,12,1,100,5200,1,2,0.5,4,0,0,0,0,0,0,33,41,14,3,14,3,4500,1,1
0,1,3,1,y0430isi,20,1,3,1,1,2,2,4,3,6,4,2,5,2,4,2,1,2,1,1,14,13,3,12,12,0,0,9900,1,1,0.5,2,0,0,0,0,0,0,0,0,0,0,0,0,0,0,0
0,1,3,1,y0430isi,20,1,3,1,1,2,2,4,3,6,4,2,5,2,4,2,1,2,2,1,15,14,2,14,12,0,0,9800,1,2,0.666666666666667,3,0,0,0,0,0,0,2,2,0,0,0,0,100,0,0
0,1,3,1,y0430isi,20,1,3,1,1,2,2,4,3,6,4,2,5,2,4,2,1,2,3,2,13,13,5,15,15,1,0,9400,1,1,1,1,3,3,1,0,0,0,2,5,0,0,3,1,200,0,0
0,1,3,1,y0430isi,20,1,3,1,1,2,2,4,3,6,4,2,5,2,4,2,1,2,4,2,11,11,7,11,11,0,0,9400,0,-1,-1,-1,0,0,0,3,3,1,5,6,0,0,3,1,600,1,0
0,1,3,1,y0430isi,20,1,3,1,1,2,2,4,3,6,4,2,5,2,4,2,1,2,5,1,12,13,4,14,12,0,0,9400,1,1,1,0,0,0,0,0,0,0,6,5,3,1,3,1,600,0,0
0,1,3,1,y0430isi,20,1,3,1,1,2,2,4,3,6,4,2,5,2,4,2,1,2,6,2,15,14,4,16,15,0,0,8800,1,2,0.666666666666667,3,3,3,1,0,0,0,5,5,3,1,6,2,600,0,0
0,1,3,1,y0430isi,20,1,3,1,1,2,2,4,3,6,4,2,5,2,4,2,1,2,7,2,16,16,1,15,13,0,0,8300,1,4,1,4,1,1,1,3,3,1,5,8,3,1,7,3,1200,0,0
0,1,3,1,y0430isi,20,1,3,1,1,2,2,4,3,6,4,2,5,2,4,2,1,2,8,1,12,12,5,13,12,0,0,8300,0,0,0,0,0,1,1,1,1,1,8,12,6,2,7,4,1700,0,0
0,1,3,1,y0430isi,20,1,3,1,1,2,2,4,3,6,4,2,5,2,4,2,1,2,9,1,13,13,7,13,12,0,0,8300,1,1,1,1,0,1,1,0,1,1,12,12,7,3,7,5,1700,0,0
0,1,3,1,y0430isi,20,1,3,1,1,2,2,4,3,6,4,2,5,2,4,2,1,2,10,1,19,18,7,17,12,1,300,7900,1,6,0.857142857142857,7,0,1,1,0,1,1,12,13,7,4,7,6,1700,0,0
0,1,3,1,y0430isi,20,1,3,1,1,2,2,4,3,6,4,2,5,2,4,2,1,2,11,2,16,16,5,20,20,0,0,6700,1,4,1,4,8,8,1,0,1,1,13,20,7,5,15,7,2100,1,1
0,1,3,1,y0430isi,20,1,3,1,1,2,2,4,3,6,4,2,5,2,4,2,1,2,12,2,17,17,4,20,17,0,0,5700,1,5,1,5,5,5,1,8,8,1,20,24,7,6,20,8,3300,0,0
0,1,3,1,y0430isi,20,1,3,1,1,2,2,4,3,6,4,2,5,2,4,2,1,2,13,1,14,14,2,13,12,0,0,5700,1,2,1,2,0,5,1,5,5,1,24,29,15,7,20,9,4300,0,0
0,1,3,1,y0430isi,20,1,3,1,1,2,2,4,3,6,4,2,5,2,4,2,1,2,14,2,20,18,3,12,12,1,0,4900,1,6,0.75,8,0,0,0,0,5,1,29,31,20,8,20,9,4300,0,0
0,1,3,1,y0430isi,20,1,3,1,1,2,2,4,3,6,4,2,5,2,4,2,1,2,15,1,18,17,4,16,12,0,0,4800,1,5,0.833333333333333,6,0,0,0,0,0,0,31,39,20,9,20,9,5100,1,0
0,0,4,0,yhcb2fxg,75,2,3,1,1,1,2,6,8,5,4,4,5,4,4,2,3,2,1,2,13,10,14,13,13,0,0,9800,0,-2,-2,1,1,1,1,0,0,0,0,0,0,0,0,0,0,0,0
0,0,4,0,yhcb2fxg,75,2,3,1,1,1,2,6,8,5,4,4,5,4,4,2,3,2,2,1,14,13,14,12,12,0,0,9700,1,1,0.5,2,0,1,1,1,1,1,1,1,1,1,1,1,200,0,0
0,0,4,0,yhcb2fxg,75,2,3,1,1,1,2,6,8,5,4,4,5,4,4,2,3,2,3,2,11,11,2,15,15,0,0,9500,0,-1,-1,-1,3,3,1,0,1,1,1,3,1,1,4,3,300,0,0
0,0,4,0,yhcb2fxg,75,2,3,1,1,1,2,6,8,5,4,4,5,4,4,2,3,2,4,2,15,12,14,11,11,0,0,9300,0,0,0,3,0,0,0,3,3,1,3,2,1,2,4,3,500,0,0
0,0,4,0,yhcb2fxg,75,2,3,1,1,1,2,6,8,5,4,4,5,4,4,2,3,2,5,1,12,12,2,12,12,0,0,9300,0,0,0,0,0,0,0,0,0,0,2,5,4,3,4,3,700,0,0
0,0,4,0,yhcb2fxg,75,2,3,1,1,1,2,6,8,5,4,4,5,4,4,2,3,2,6,2,18,18,9,17,17,0,0,8200,1,6,1,6,5,5,1,0,0,0,5,5,4,3,9,4,700,0,0
0,0,4,0,yhcb2fxg,75,2,3,1,1,1,2,6,8,5,4,4,5,4,4,2,3,2,7,2,14,14,6,20,21,1,0,7100,1,2,1,2,9,9,1,5,5,1,5,11,4,3,18,5,1800,0,0
0,0,4,0,yhcb2fxg,75,2,3,1,1,1,2,6,8,5,4,4,5,4,4,2,3,2,8,2,16,16,18,13,12,1,0,6700,1,4,1,4,0,0,0,9,9,1,11,13,9,4,18,5,2900,1,0
0,0,4,0,yhcb2fxg,75,2,3,1,1,1,2,6,8,5,4,4,5,4,4,2,3,2,9,1,13,13,4,15,12,1,50,6650,1,1,1,1,0,0,0,0,0,0,13,17,18,5,18,5,3300,1,0
0,0,4,0,yhcb2fxg,75,2,3,1,1,1,2,6,8,5,4,4,5,4,4,2,3,2,10,2,17,15,19,16,16,0,0,5750,1,3,0.6,5,4,4,1,0,0,0,17,18,18,5,22,6,3350,1,1
0,0,4,0,yhcb2fxg,75,2,3,1,1,1,2,6,8,5,4,4,5,4,4,2,3,2,11,2,16,16,18,17,12,0,0,5350,1,4,1,4,0,0,0,4,4,1,18,23,18,5,22,6,4250,0,0
0,0,4,0,yhcb2fxg,75,2,3,1,1,1,2,6,8,5,4,4,5,4,4,2,3,2,12,2,12,12,4,16,12,0,0,5350,0,0,0,0,0,0,0,0,0,0,23,27,22,6,22,6,4650,0,0
0,0,4,0,yhcb2fxg,75,2,3,1,1,1,2,6,8,5,4,4,5,4,4,2,3,2,13,1,20,12,4,17,12,0,0,4550,0,0,0,8,0,0,0,0,0,0,27,27,22,6,22,6,4650,0,0
0,0,4,0,yhcb2fxg,75,2,3,1,1,1,2,6,8,5,4,4,5,4,4,2,3,2,14,1,19,15,13,12,12,0,0,4150,1,3,0.428571428571429,7,0,0,0,0,0,0,27,35,22,6,22,6,5450,0,0
0,0,4,0,yhcb2fxg,75,2,3,1,1,1,2,6,8,5,4,4,5,4,4,2,3,2,15,1,15,15,13,16,12,1,150,4000,1,3,1,3,0,0,0,0,0,0,35,42,22,6,22,6,5850,0,0
0,0,4,0,0ywvxm8w,73,2,2,1,1,2,2,6,6,6,1,4,4,2,3,2,2,2,1,1,14,12,8,12,12,0,0,9800,0,0,0,2,0,0,0,0,0,0,0,0,0,0,0,0,0,0,0
0,0,4,0,0ywvxm8w,73,2,2,1,1,2,2,6,6,6,1,4,4,2,3,2,2,2,2,1,11,11,11,14,12,0,0,9800,0,-1,-1,-1,0,0,0,0,0,0,2,2,0,0,0,0,200,0,0
0,0,4,0,0ywvxm8w,73,2,2,1,1,2,2,6,6,6,1,4,4,2,3,2,2,2,3,1,15,15,1,11,12,1,150,9650,1,3,1,3,0,0,0,0,0,0,2,1,0,0,0,0,200,0,0
0,0,4,0,0ywvxm8w,73,2,2,1,1,2,2,6,6,6,1,4,4,2,3,2,2,2,4,2,13,12,18,11,11,0,0,9650,0,0,0,1,0,0,0,0,0,0,1,4,0,0,0,0,350,1,1
0,0,4,0,0ywvxm8w,73,2,2,1,1,2,2,6,6,6,1,4,4,2,3,2,2,2,5,2,12,12,1,12,12,0,0,9650,0,0,0,0,0,0,0,0,0,0,4,5,0,0,0,0,350,0,0
0,0,4,0,0ywvxm8w,73,2,2,1,1,2,2,6,6,6,1,4,4,2,3,2,2,2,6,1,16,16,15,16,12,0,0,9650,1,4,1,4,0,0,0,0,0,0,5,5,0,0,0,0,350,0,0
0,0,4,0,0ywvxm8w,73,2,2,1,1,2,2,6,6,6,1,4,4,2,3,2,2,2,7,2,19,19,12,13,12,0,0,8950,1,7,1,7,0,0,0,0,0,0,5,9,0,0,0,0,350,0,0
0,0,4,0,0ywvxm8w,73,2,2,1,1,2,2,6,6,6,1,4,4,2,3,2,2,2,8,1,12,12,17,19,12,0,0,8950,0,0,0,0,0,0,0,0,0,0,9,16,0,0,0,0,1050,0,0
0,0,4,0,0ywvxm8w,73,2,2,1,1,2,2,6,6,6,1,4,4,2,3,2,2,2,9,2,15,12,19,17,17,1,0,8150,0,0,0,3,5,5,1,0,0,0,16,16,0,0,5,1,1050,0,0
0,0,4,0,0ywvxm8w,73,2,2,1,1,2,2,6,6,6,1,4,4,2,3,2,2,2,10,1,13,12,12,19,12,0,0,8050,0,0,0,1,0,5,1,5,5,1,16,19,0,0,5,2,1850,1,0
0,0,4,0,0ywvxm8w,73,2,2,1,1,2,2,6,6,6,1,4,4,2,3,2,2,2,11,1,18,12,19,16,12,0,0,7450,0,0,0,6,0,5,1,0,5,1,19,20,5,1,5,3,1950,0,0
0,0,4,0,0ywvxm8w,73,2,2,1,1,2,2,6,6,6,1,4,4,2,3,2,2,2,12,1,17,8,18,20,12,1,0,6550,0,-4,-0.8,5,0,5,1,0,5,1,20,26,5,2,5,4,2550,0,0
0,0,4,0,0ywvxm8w,73,2,2,1,1,2,2,6,6,6,1,4,4,2,3,2,2,2,13,1,16,8,19,15,12,0,0,5750,0,-4,-1,4,0,5,1,0,5,1,26,31,5,3,5,5,3450,1,0
0,0,4,0,0ywvxm8w,73,2,2,1,1,2,2,6,6,6,1,4,4,2,3,2,2,2,14,2,20,12,12,16,12,0,0,4950,0,0,0,8,0,0,0,0,5,1,31,35,5,4,5,5,4250,0,0
0,0,4,0,0ywvxm8w,73,2,2,1,1,2,2,6,6,6,1,4,4,2,3,2,2,2,15,1,14,10,16,16,12,0,0,4550,0,-2,-1,2,0,0,0,0,0,0,35,43,5,5,5,5,5050,0,0
0,0,4,0,vwm9ncks,72,2,3,1,1,2,2,8,7,5,3,4,4,2,4,3,3,2,1,2,14,14,18,13,12,1,0,9800,1,2,1,2,0,0,0,0,0,0,0,0,0,0,0,0,0,0,0
0,0,4,0,vwm9ncks,72,2,3,1,1,2,2,8,7,5,3,4,4,2,4,3,3,2,2,2,12,12,10,14,1,0,0,9800,0,0,0,0,0,0,0,0,0,0,2,2,0,0,0,0,200,0,0
0,0,4,0,vwm9ncks,72,2,3,1,1,2,2,8,7,5,3,4,4,2,4,3,3,2,3,1,13,13,16,11,12,0,0,9800,1,1,1,1,0,0,0,0,0,0,2,2,0,0,0,0,200,0,0
0,0,4,0,vwm9ncks,72,2,3,1,1,2,2,8,7,5,3,4,4,2,4,3,3,2,4,2,11,11,10,11,11,0,0,9800,0,-1,-1,-1,0,0,0,0,0,0,2,3,0,0,0,0,200,0,0
0,0,4,0,vwm9ncks,72,2,3,1,1,2,2,8,7,5,3,4,4,2,4,3,3,2,5,2,15,15,10,12,12,0,0,9500,1,3,1,3,0,0,0,0,0,0,3,2,0,0,0,0,200,0,0
0,0,4,0,vwm9ncks,72,2,3,1,1,2,2,8,7,5,3,4,4,2,4,3,3,2,6,2,20,18,17,17,12,0,0,8700,1,6,0.75,8,0,0,0,0,0,0,2,5,0,0,0,0,500,0,0
0,0,4,0,vwm9ncks,72,2,3,1,1,2,2,8,7,5,3,4,4,2,4,3,3,2,7,2,17,18,15,20,20,1,0,7400,1,6,1.2,5,8,8,1,0,0,0,5,13,0,0,8,1,1300,0,0
0,0,4,0,vwm9ncks,72,2,3,1,1,2,2,8,7,5,3,4,4,2,4,3,3,2,8,1,18,18,4,12,12,0,0,7400,1,6,1,6,0,8,1,8,8,1,13,18,0,0,8,2,2600,1,0
0,0,4,0,vwm9ncks,72,2,3,1,1,2,2,8,7,5,3,4,4,2,4,3,3,2,9,2,16,18,12,12,12,0,0,7000,1,6,1.5,4,0,0,0,0,8,1,18,24,8,1,8,2,2600,0,0
0,0,4,0,vwm9ncks,72,2,3,1,1,2,2,8,7,5,3,4,4,2,4,3,3,2,10,1,13,15,7,18,12,0,0,7000,1,3,3,1,0,0,0,0,0,0,24,28,8,2,8,2,3000,0,0
0,0,4,0,vwm9ncks,72,2,3,1,1,2,2,8,7,5,3,4,4,2,4,3,3,2,11,2,12,16,4,19,12,0,0,7000,1,4,4,0,0,0,0,0,0,0,28,29,8,2,8,2,3000,0,0
0,0,4,0,vwm9ncks,72,2,3,1,1,2,2,8,7,5,3,4,4,2,4,3,3,2,12,2,15,18,10,16,16,0,0,6300,1,6,2,3,4,4,1,0,0,0,29,29,8,2,12,3,3000,0,0
0,0,4,0,vwm9ncks,72,2,3,1,1,2,2,8,7,5,3,4,4,2,4,3,3,2,13,2,16,16,17,14,14,0,0,5700,1,4,1,4,2,2,1,4,4,1,29,32,8,2,14,4,3700,0,0
0,0,4,0,vwm9ncks,72,2,3,1,1,2,2,8,7,5,3,4,4,2,4,3,3,2,14,1,19,19,5,16,12,0,0,5700,1,7,1,7,0,2,1,2,2,1,32,36,12,3,14,5,4300,0,0
0,0,4,0,vwm9ncks,72,2,3,1,1,2,2,8,7,5,3,4,4,2,4,3,3,2,15,2,14,16,10,15,15,0,0,5200,1,4,2,2,3,3,1,0,2,1,36,43,14,4,17,6,4300,0,0
0,0,4,0,lv3dx3ja,59,2,3,1,1,5,1,0,5,7,5,5,5,5,5,1,2,3,1,2,14,12,13,11,11,0,0,9900,0,0,0,2,0,0,0,0,0,0,0,0,0,0,0,0,0,0,0
0,0,4,0,lv3dx3ja,59,2,3,1,1,5,1,0,5,7,5,5,5,5,5,1,2,3,2,2,11,11,8,13,12,0,0,9900,0,-1,-1,-1,0,0,0,0,0,0,2,2,0,0,0,0,100,0,0
0,0,4,0,lv3dx3ja,59,2,3,1,1,5,1,0,5,7,5,5,5,5,5,1,2,3,3,2,13,13,17,13,13,0,0,9700,1,1,1,1,1,1,1,0,0,0,2,1,0,0,1,1,100,0,0
0,0,4,0,lv3dx3ja,59,2,3,1,1,5,1,0,5,7,5,5,5,5,5,1,2,3,4,1,15,12,12,14,12,0,0,9400,0,0,0,3,0,1,1,1,1,1,1,2,0,0,1,2,300,0,0
0,0,4,0,lv3dx3ja,59,2,3,1,1,5,1,0,5,7,5,5,5,5,5,1,2,3,5,2,12,12,15,15,15,0,0,9100,0,0,0,0,3,3,1,0,1,1,2,5,1,1,4,3,600,0,0
0,0,4,0,lv3dx3ja,59,2,3,1,1,5,1,0,5,7,5,5,5,5,5,1,2,3,6,1,20,12,12,14,12,0,0,8300,0,0,0,8,0,3,1,3,3,1,5,5,1,2,4,4,900,0,0
0,0,4,0,lv3dx3ja,59,2,3,1,1,5,1,0,5,7,5,5,5,5,5,1,2,3,7,2,16,12,8,13,20,0,0,7100,0,0,0,4,8,8,1,0,3,1,5,13,4,3,12,5,1700,0,0
0,0,4,0,lv3dx3ja,59,2,3,1,1,5,1,0,5,7,5,5,5,5,5,1,2,3,8,2,12,12,3,18,18,0,0,6500,0,0,0,0,6,6,1,8,8,1,13,17,4,4,18,6,2900,0,0
0,0,4,0,lv3dx3ja,59,2,3,1,1,5,1,0,5,7,5,5,5,5,5,1,2,3,9,2,15,15,1,13,13,0,0,6100,1,3,1,3,1,1,1,6,6,1,17,17,12,5,19,7,3500,0,0
0,0,4,0,lv3dx3ja,59,2,3,1,1,5,1,0,5,7,5,5,5,5,5,1,2,3,10,2,13,12,8,16,19,1,0,5300,0,0,0,1,7,7,1,1,1,1,17,20,18,6,26,8,3900,0,0
0,0,4,0,lv3dx3ja,59,2,3,1,1,5,1,0,5,7,5,5,5,5,5,1,2,3,11,1,19,12,3,12,12,1,0,4600,0,0,0,7,0,7,1,7,7,1,20,21,19,7,26,9,4700,1,0
0,0,4,0,lv3dx3ja,59,2,3,1,1,5,1,0,5,7,5,5,5,5,5,1,2,3,12,1,16,12,1,12,12,0,0,4200,0,0,0,4,0,7,1,0,7,1,21,28,26,8,26,10,5400,1,0
0,0,4,0,lv3dx3ja,59,2,3,1,1,5,1,0,5,7,5,5,5,5,5,1,2,3,13,2,17,12,1,20,12,0,0,3700,0,0,0,5,0,0,0,0,7,1,28,32,26,9,26,10,5800,0,0
0,0,4,0,lv3dx3ja,59,2,3,1,1,5,1,0,5,7,5,5,5,5,5,1,2,3,14,1,18,12,16,13,12,0,0,3100,0,0,0,6,0,0,0,0,0,0,32,37,26,10,26,10,6300,0,0
0,0,4,0,lv3dx3ja,59,2,3,1,1,5,1,0,5,7,5,5,5,5,5,1,2,3,15,1,14,12,17,15,12,0,0,2900,0,0,0,2,0,0,0,0,0,0,37,43,26,10,26,10,6900,0,0
0,0,4,0,sanbjnz6,65,2,4,2,1,2,2,5,5,7,2,2,5,2,4,2,2,3,1,2,13,13,7,15,12,0,0,9900,1,1,1,1,0,0,0,0,0,0,0,0,0,0,0,0,0,0,0
0,0,4,0,sanbjnz6,65,2,4,2,1,2,2,5,5,7,2,2,5,2,4,2,2,3,2,2,11,11,16,15,15,0,0,9700,0,-1,-1,-1,3,3,1,0,0,0,1,1,0,0,0,0,100,0,0
0,0,4,0,sanbjnz6,65,2,4,2,1,2,2,5,5,7,2,2,5,2,4,2,2,3,3,1,12,12,8,14,12,0,0,9700,0,0,0,0,0,3,1,3,3,1,1,0,0,0,3,2,300,0,0
0,0,4,0,sanbjnz6,65,2,4,2,1,2,2,5,5,7,2,2,5,2,4,2,2,3,4,1,15,13,8,15,12,0,0,9500,1,1,0.333333333333333,3,0,3,1,0,3,1,0,0,3,1,3,3,300,0,0
0,0,4,0,sanbjnz6,65,2,4,2,1,2,2,5,5,7,2,2,5,2,4,2,2,3,5,2,14,14,12,11,11,0,0,9400,1,2,1,2,0,0,0,0,3,1,0,3,3,2,3,3,500,0,0
0,0,4,0,sanbjnz6,65,2,4,2,1,2,2,5,5,7,2,2,5,2,4,2,2,3,6,1,19,14,16,18,12,1,100,8800,1,2,0.285714285714286,7,0,0,0,0,0,0,3,5,3,3,3,3,600,0,0
0,0,4,0,sanbjnz6,65,2,4,2,1,2,2,5,5,7,2,2,5,2,4,2,2,3,7,1,14,12,9,13,12,0,0,8600,0,0,0,2,0,0,0,0,0,0,5,12,3,3,3,3,1200,1,1
0,0,4,0,sanbjnz6,65,2,4,2,1,2,2,5,5,7,2,2,5,2,4,2,2,3,8,2,13,13,4,12,12,0,0,8500,1,1,1,1,0,0,0,0,0,0,12,14,3,3,3,3,1400,0,0
0,0,4,0,sanbjnz6,65,2,4,2,1,2,2,5,5,7,2,2,5,2,4,2,2,3,9,1,16,12,14,20,12,0,0,8100,0,0,0,4,0,0,0,0,0,0,14,15,3,3,3,3,1500,0,0
0,0,4,0,sanbjnz6,65,2,4,2,1,2,2,5,5,7,2,2,5,2,4,2,2,3,10,1,17,14,14,19,12,0,0,7800,1,2,0.4,5,0,0,0,0,0,0,15,19,3,3,3,3,1900,0,0
0,0,4,0,sanbjnz6,65,2,4,2,1,2,2,5,5,7,2,2,5,2,4,2,2,3,11,1,12,12,7,16,12,0,0,7800,0,0,0,0,0,0,0,0,0,0,19,24,3,3,3,3,2200,0,0
0,0,4,0,sanbjnz6,65,2,4,2,1,2,2,5,5,7,2,2,5,2,4,2,2,3,12,2,20,16,7,16,12,1,0,7000,1,4,0.5,8,0,0,0,0,0,0,24,24,3,3,3,3,2200,0,0
0,0,4,0,sanbjnz6,65,2,4,2,1,2,2,5,5,7,2,2,5,2,4,2,2,3,13,1,15,12,11,15,12,0,0,6700,0,0,0,3,0,0,0,0,0,0,24,32,3,3,3,3,3000,1,0
0,0,4,0,sanbjnz6,65,2,4,2,1,2,2,5,5,7,2,2,5,2,4,2,2,3,14,2,16,14,3,19,19,0,0,5600,1,2,0.5,4,7,7,1,0,0,0,32,35,3,3,10,4,3300,0,0
0,0,4,0,sanbjnz6,65,2,4,2,1,2,2,5,5,7,2,2,5,2,4,2,2,3,15,2,18,14,7,15,15,0,0,4700,1,2,0.333333333333333,6,3,3,1,7,7,1,35,39,3,3,13,5,4400,0,0
0,0,4,0,u287qq6x,75,2,3,1,0,5,1,10,7,10,2,3,1,3,2,3,3,3,1,2,14,15,19,13,13,0,0,9700,1,3,1.5,2,1,1,1,0,0,0,0,0,0,0,0,0,0,0,0
0,0,4,0,u287qq6x,75,2,3,1,0,5,1,10,7,10,2,3,1,3,2,3,3,3,2,1,15,16,19,11,12,1,200,9500,1,4,1.33333333333333,3,0,1,1,1,1,1,2,2,1,1,1,1,300,0,0
0,0,4,0,u287qq6x,75,2,3,1,0,5,1,10,7,10,2,3,1,3,2,3,3,3,3,1,13,12,19,15,12,0,0,9400,0,0,0,1,0,1,1,0,1,1,2,5,1,1,1,3,500,0,0
0,0,4,0,u287qq6x,75,2,3,1,0,5,1,10,7,10,2,3,1,3,2,3,3,3,4,2,12,12,19,14,14,0,0,9200,0,0,0,0,2,2,1,0,1,1,5,6,1,2,3,4,600,0,0
0,0,4,0,u287qq6x,75,2,3,1,0,5,1,10,7,10,2,3,1,3,2,3,3,3,5,1,11,15,11,15,12,1,150,9050,1,3,3,-1,0,2,1,2,2,1,6,6,1,3,3,5,800,0,0
0,0,4,0,u287qq6x,75,2,3,1,0,5,1,10,7,10,2,3,1,3,2,3,3,3,6,1,12,12,18,14,12,0,0,9050,0,0,0,0,0,2,1,0,2,1,6,5,3,4,3,6,950,1,1
0,0,4,0,u287qq6x,75,2,3,1,0,5,1,10,7,10,2,3,1,3,2,3,3,3,7,1,20,21,1,14,12,0,0,9050,1,9,1.125,8,0,2,1,0,2,1,5,5,3,5,3,7,950,0,0
0,0,4,0,u287qq6x,75,2,3,1,0,5,1,10,7,10,2,3,1,3,2,3,3,3,8,1,16,16,15,17,12,0,0,9050,1,4,1,4,0,2,1,0,2,1,5,13,3,6,3,8,950,0,0
0,0,4,0,u287qq6x,75,2,3,1,0,5,1,10,7,10,2,3,1,3,2,3,3,3,9,2,19,19,18,19,12,0,0,8350,1,7,1,7,0,0,0,0,2,1,13,17,3,7,3,8,950,0,0
0,0,4,0,u287qq6x,75,2,3,1,0,5,1,10,7,10,2,3,1,3,2,3,3,3,10,2,15,18,15,14,13,0,0,7950,1,6,2,3,1,1,1,0,0,0,17,24,3,8,4,9,1650,0,0
0,0,4,0,u287qq6x,75,2,3,1,0,5,1,10,7,10,2,3,1,3,2,3,3,3,11,2,13,15,1,16,16,0,0,7450,1,3,3,1,4,4,1,1,1,1,24,27,3,8,8,10,2050,0,0
0,0,4,0,u287qq6x,75,2,3,1,0,5,1,10,7,10,2,3,1,3,2,3,3,3,12,1,18,20,8,17,12,0,0,7450,1,8,1.33333333333333,6,0,4,1,4,4,1,27,28,4,9,8,11,2550,0,0
0,0,4,0,u287qq6x,75,2,3,1,0,5,1,10,7,10,2,3,1,3,2,3,3,3,13,1,16,18,8,12,12,1,300,7150,1,6,1.5,4,0,4,1,0,4,1,28,34,8,10,8,12,2550,0,0
0,0,4,0,u287qq6x,75,2,3,1,0,5,1,10,7,10,2,3,1,3,2,3,3,3,14,1,17,18,9,20,12,0,0,7150,1,6,1.2,5,0,4,1,0,4,1,34,38,8,11,8,13,2850,1,1
0,0,4,0,u287qq6x,75,2,3,1,0,5,1,10,7,10,2,3,1,3,2,3,3,3,15,2,14,15,12,18,12,1,0,6950,1,3,1.5,2,0,0,0,0,4,1,38,43,8,12,8,13,2850,0,0
0,0,4,0,bvjsi3gz,43,1,3,1,1,1,2,8,8,8,2,1,2,1,3,3,3,3,1,1,15,12,5,13,12,0,0,9700,0,0,0,3,0,0,0,0,0,0,0,0,0,0,0,0,0,0,0
0,0,4,0,bvjsi3gz,43,1,3,1,1,1,2,8,8,8,2,1,2,1,3,3,3,3,2,2,11,11,18,14,12,0,0,9700,0,-1,-1,-1,0,0,0,0,0,0,3,3,0,0,0,0,300,0,0
0,0,4,0,bvjsi3gz,43,1,3,1,1,1,2,8,8,8,2,1,2,1,3,3,3,3,3,2,14,14,14,14,14,0,0,9300,1,2,1,2,2,2,1,0,0,0,3,2,0,0,2,1,300,0,0
0,0,4,0,bvjsi3gz,43,1,3,1,1,1,2,8,8,8,2,1,2,1,3,3,3,3,4,1,12,12,17,14,12,1,0,9300,0,0,0,0,0,2,1,2,2,1,2,4,0,0,2,2,700,0,0
0,0,4,0,bvjsi3gz,43,1,3,1,1,1,2,8,8,8,2,1,2,1,3,3,3,3,5,2,13,13,16,13,13,0,0,9100,1,1,1,1,1,1,1,0,2,1,4,4,2,1,3,3,700,1,0
0,0,4,0,bvjsi3gz,43,1,3,1,1,1,2,8,8,8,2,1,2,1,3,3,3,3,6,2,20,18,11,18,12,0,0,8300,1,6,0.75,8,0,0,0,1,1,1,4,5,2,2,3,3,900,0,0
0,0,4,0,bvjsi3gz,43,1,3,1,1,1,2,8,8,8,2,1,2,1,3,3,3,3,7,1,14,14,16,17,12,0,0,8300,1,2,1,2,0,0,0,0,0,0,5,13,3,3,3,3,1700,0,0
0,0,4,0,bvjsi3gz,43,1,3,1,1,1,2,8,8,8,2,1,2,1,3,3,3,3,8,2,17,15,11,19,12,1,0,7800,1,3,0.6,5,0,0,0,0,0,0,13,15,3,3,3,3,1700,0,0
0,0,4,0,bvjsi3gz,43,1,3,1,1,1,2,8,8,8,2,1,2,1,3,3,3,3,9,2,13,13,17,16,12,0,0,7700,1,1,1,1,0,0,0,0,0,0,15,20,3,3,3,3,2200,1,0
0,0,4,0,bvjsi3gz,43,1,3,1,1,1,2,8,8,8,2,1,2,1,3,3,3,3,10,2,18,18,3,13,15,0,0,6800,1,6,1,6,3,3,1,0,0,0,20,21,3,3,6,4,2300,0,0
0,0,4,0,bvjsi3gz,43,1,3,1,1,1,2,8,8,8,2,1,2,1,3,3,3,3,11,2,16,14,5,12,12,0,0,6400,1,2,0.5,4,0,0,0,3,3,1,21,27,3,3,6,4,3200,0,0
0,0,4,0,bvjsi3gz,43,1,3,1,1,1,2,8,8,8,2,1,2,1,3,3,3,3,12,1,16,12,5,20,12,0,0,6000,0,0,0,4,0,0,0,0,0,0,27,31,6,4,6,4,3600,0,0
0,0,4,0,bvjsi3gz,43,1,3,1,1,1,2,8,8,8,2,1,2,1,3,3,3,3,13,1,19,15,10,14,12,0,0,5600,1,3,0.428571428571429,7,0,0,0,0,0,0,31,35,6,4,6,4,4000,0,0
0,0,4,0,bvjsi3gz,43,1,3,1,1,1,2,8,8,8,2,1,2,1,3,3,3,3,14,2,12,12,19,13,13,1,0,5500,0,0,0,0,1,1,1,0,0,0,35,42,6,4,7,5,4400,0,0
0,0,4,0,bvjsi3gz,43,1,3,1,1,1,2,8,8,8,2,1,2,1,3,3,3,3,15,1,15,15,5,18,12,1,150,5350,1,3,1,3,0,1,1,1,1,1,42,42,6,4,7,6,4500,1,0
0,0,4,0,uodyjoqm,68,2,4,2,1,3,1,5,10,8,5,4,5,5,4,2,3,3,1,2,12,9,2,14,12,0,0,10000,0,-3,-3,0,0,0,0,0,0,0,0,0,0,0,0,0,0,0,0
0,0,4,0,uodyjoqm,68,2,4,2,1,3,1,5,10,8,5,4,5,5,4,2,3,3,2,1,13,12,4,11,12,0,0,9900,0,0,0,1,0,0,0,0,0,0,0,0,0,0,0,0,0,0,0
0,0,4,0,uodyjoqm,68,2,4,2,1,3,1,5,10,8,5,4,5,5,4,2,3,3,3,2,14,14,5,12,12,0,0,9700,1,2,1,2,0,0,0,0,0,0,0,1,0,0,0,0,100,0,0
0,0,4,0,uodyjoqm,68,2,4,2,1,3,1,5,10,8,5,4,5,5,4,2,3,3,4,1,15,18,9,15,12,0,0,9700,1,6,2,3,0,0,0,0,0,0,1,3,0,0,0,0,300,0,0
0,0,4,0,uodyjoqm,68,2,4,2,1,3,1,5,10,8,5,4,5,5,4,2,3,3,5,1,11,13,14,15,12,0,0,9700,1,1,1,-1,0,0,0,0,0,0,3,6,0,0,0,0,300,0,0
0,0,4,0,uodyjoqm,68,2,4,2,1,3,1,5,10,8,5,4,5,5,4,2,3,3,6,2,19,22,10,12,12,1,0,9000,1,10,1.42857142857143,7,0,0,0,0,0,0,6,5,0,0,0,0,300,0,0
0,0,4,0,uodyjoqm,68,2,4,2,1,3,1,5,10,8,5,4,5,5,4,2,3,3,7,1,13,20,4,16,12,0,0,9000,1,8,8,1,0,0,0,0,0,0,5,12,0,0,0,0,1000,1,0
0,0,4,0,uodyjoqm,68,2,4,2,1,3,1,5,10,8,5,4,5,5,4,2,3,3,8,1,18,23,14,16,12,1,550,8450,1,11,1.83333333333333,6,0,0,0,0,0,0,12,13,0,0,0,0,1000,0,0
0,0,4,0,uodyjoqm,68,2,4,2,1,3,1,5,10,8,5,4,5,5,4,2,3,3,9,1,20,22,10,13,12,0,0,8450,1,10,1.25,8,0,0,0,0,0,0,13,19,0,0,0,0,1550,1,1
0,0,4,0,uodyjoqm,68,2,4,2,1,3,1,5,10,8,5,4,5,5,4,2,3,3,10,1,16,19,4,13,12,0,0,8450,1,7,1.75,4,0,0,0,0,0,0,19,27,0,0,0,0,1550,0,0
0,0,4,0,uodyjoqm,68,2,4,2,1,3,1,5,10,8,5,4,5,5,4,2,3,3,11,1,15,18,10,17,12,0,0,8450,1,6,2,3,0,0,0,0,0,0,27,31,0,0,0,0,1550,0,0
0,0,4,0,uodyjoqm,68,2,4,2,1,3,1,5,10,8,5,4,5,5,4,2,3,3,12,2,17,21,6,18,20,0,0,7150,1,9,1.8,5,8,8,1,0,0,0,31,34,0,0,8,1,1550,0,0
0,0,4,0,uodyjoqm,68,2,4,2,1,3,1,5,10,8,5,4,5,5,4,2,3,3,13,2,12,19,6,16,18,0,0,6550,1,7,7,0,6,6,1,8,8,1,34,39,0,0,14,2,2850,0,0
0,0,4,0,uodyjoqm,68,2,4,2,1,3,1,5,10,8,5,4,5,5,4,2,3,3,14,1,16,20,15,12,12,0,0,6550,1,8,2,4,0,6,1,6,6,1,39,39,8,1,14,3,3450,0,0
0,0,4,0,uodyjoqm,68,2,4,2,1,3,1,5,10,8,5,4,5,5,4,2,3,3,15,2,14,20,18,12,12,0,0,6350,1,8,4,2,0,0,0,0,6,1,39,43,14,2,14,3,3450,0,0
0,0,4,0,4ihwyjep,68,2,5,2,1,4,1,1,6,6,4,5,5,4,5,1,2,2,1,1,13,12,12,15,12,0,0,9900,0,0,0,1,0,0,0,0,0,0,0,0,0,0,0,0,0,0,0
0,0,4,0,4ihwyjep,68,2,5,2,1,4,1,1,6,6,4,5,5,4,5,1,2,2,2,1,14,14,15,11,12,0,0,9900,1,2,1,2,0,0,0,0,0,0,1,1,0,0,0,0,100,0,0
0,0,4,0,4ihwyjep,68,2,5,2,1,4,1,1,6,6,4,5,5,4,5,1,2,2,3,2,12,12,10,15,15,0,0,9600,0,0,0,0,3,3,1,0,0,0,1,3,0,0,3,1,100,0,0
0,0,4,0,4ihwyjep,68,2,5,2,1,4,1,1,6,6,4,5,5,4,5,1,2,2,4,2,15,12,8,15,18,0,0,8700,0,0,0,3,6,6,1,3,3,1,3,3,0,0,9,2,400,0,0
0,0,4,0,4ihwyjep,68,2,5,2,1,4,1,1,6,6,4,5,5,4,5,1,2,2,5,2,11,11,15,15,15,0,0,8500,0,-1,-1,-1,3,3,1,6,6,1,3,6,3,1,12,3,1300,0,0
0,0,4,0,4ihwyjep,68,2,5,2,1,4,1,1,6,6,4,5,5,4,5,1,2,2,6,1,17,17,1,18,12,0,0,8500,1,5,1,5,0,3,1,3,3,1,6,5,9,2,12,4,1500,0,0
0,0,4,0,4ihwyjep,68,2,5,2,1,4,1,1,6,6,4,5,5,4,5,1,2,2,7,2,13,13,5,14,12,0,0,8400,1,1,1,1,0,0,0,0,3,1,5,10,12,3,12,4,1500,0,0
0,0,4,0,4ihwyjep,68,2,5,2,1,4,1,1,6,6,4,5,5,4,5,1,2,2,8,2,16,16,10,20,20,0,0,7200,1,4,1,4,8,8,1,0,0,0,10,11,12,4,20,5,1600,0,0
0,0,4,0,4ihwyjep,68,2,5,2,1,4,1,1,6,6,4,5,5,4,5,1,2,2,9,1,15,12,16,12,12,0,0,6900,0,0,0,3,0,8,1,8,8,1,11,15,12,4,20,6,2800,0,0
0,0,4,0,4ihwyjep,68,2,5,2,1,4,1,1,6,6,4,5,5,4,5,1,2,2,10,1,12,12,11,12,12,0,0,6900,0,0,0,0,0,8,1,0,8,1,15,18,20,5,20,7,3100,0,0
0,0,4,0,4ihwyjep,68,2,5,2,1,4,1,1,6,6,4,5,5,4,5,1,2,2,11,1,16,16,13,18,12,0,0,6900,1,4,1,4,0,8,1,0,8,1,18,18,20,6,20,8,3100,0,0
0,0,4,0,4ihwyjep,68,2,5,2,1,4,1,1,6,6,4,5,5,4,5,1,2,2,12,2,14,14,11,16,12,0,0,6700,1,2,1,2,0,0,0,0,8,1,18,22,20,7,20,8,3100,0,0
0,0,4,0,4ihwyjep,68,2,5,2,1,4,1,1,6,6,4,5,5,4,5,1,2,2,13,1,18,18,19,15,12,0,0,6700,1,6,1,6,0,0,0,0,0,0,22,24,20,8,20,8,3300,0,0
0,0,4,0,4ihwyjep,68,2,5,2,1,4,1,1,6,6,4,5,5,4,5,1,2,2,14,2,20,20,6,17,18,0,0,5300,1,8,1,8,6,6,1,0,0,0,24,30,20,8,26,9,3300,0,0
0,0,4,0,4ihwyjep,68,2,5,2,1,4,1,1,6,6,4,5,5,4,5,1,2,2,15,2,19,19,15,13,13,0,0,4500,1,7,1,7,1,1,1,6,6,1,30,38,20,8,27,10,4700,0,0
0,0,4,0,sivtpvzq,62,2,2,1,1,2,2,6,10,10,2,2,4,4,4,2,3,3,1,2,13,12,17,12,12,1,0,9900,0,0,0,1,0,0,0,0,0,0,0,0,0,0,0,0,0,0,0
0,0,4,0,sivtpvzq,62,2,2,1,1,2,2,6,10,10,2,2,4,4,4,2,3,3,2,1,14,1,3,12,12,0,0,8600,0,-11,-5.5,2,0,0,0,0,0,0,1,1,0,0,0,0,100,0,0
0,0,4,0,sivtpvzq,62,2,2,1,1,2,2,6,10,10,2,2,4,4,4,2,3,3,3,1,15,15,9,12,12,1,150,8450,1,3,1,3,0,0,0,0,0,0,1,3,0,0,0,0,1400,0,0
0,0,4,0,sivtpvzq,62,2,2,1,1,2,2,6,10,10,2,2,4,4,4,2,3,3,4,1,11,11,3,11,12,0,0,8450,0,-1,-1,-1,0,0,0,0,0,0,3,6,0,0,0,0,1550,1,1
0,0,4,0,sivtpvzq,62,2,2,1,1,2,2,6,10,10,2,2,4,4,4,2,3,3,5,1,12,12,3,15,12,1,0,8450,0,0,0,0,0,0,0,0,0,0,6,5,0,0,0,0,1550,0,0
0,0,4,0,sivtpvzq,62,2,2,1,1,2,2,6,10,10,2,2,4,4,4,2,3,3,6,1,12,12,8,19,12,1,0,8450,0,0,0,0,0,0,0,0,0,0,5,5,0,0,0,0,1550,1,0
0,0,4,0,sivtpvzq,62,2,2,1,1,2,2,6,10,10,2,2,4,4,4,2,3,3,7,1,19,19,17,13,12,0,0,8450,1,7,1,7,0,0,0,0,0,0,5,5,0,0,0,0,1550,1,0
0,0,4,0,sivtpvzq,62,2,2,1,1,2,2,6,10,10,2,2,4,4,4,2,3,3,8,1,20,20,9,16,12,0,0,8450,1,8,1,8,0,0,0,0,0,0,5,12,0,0,0,0,1550,0,0
0,0,4,0,sivtpvzq,62,2,2,1,1,2,2,6,10,10,2,2,4,4,4,2,3,3,9,2,13,13,8,20,22,0,0,7350,1,1,1,1,10,10,1,0,0,0,12,20,0,0,10,1,1550,0,0
0,0,4,0,sivtpvzq,62,2,2,1,1,2,2,6,10,10,2,2,4,4,4,2,3,3,10,2,18,18,19,16,16,0,0,6350,1,6,1,6,4,4,1,10,10,1,20,21,0,0,14,2,2650,0,0
0,0,4,0,sivtpvzq,62,2,2,1,1,2,2,6,10,10,2,2,4,4,4,2,3,3,11,2,17,17,8,15,18,0,0,5250,1,5,1,5,6,6,1,4,4,1,21,27,10,1,20,3,3650,0,0
0,0,4,0,sivtpvzq,62,2,2,1,1,2,2,6,10,10,2,2,4,4,4,2,3,3,12,1,16,16,3,15,12,0,0,5250,1,4,1,4,0,6,1,6,6,1,27,32,14,2,20,4,4750,0,0
0,0,4,0,sivtpvzq,62,2,2,1,1,2,2,6,10,10,2,2,4,4,4,2,3,3,13,2,14,14,7,19,15,0,0,4750,1,2,1,2,3,3,1,0,6,1,32,36,20,3,23,5,4750,0,0
0,0,4,0,sivtpvzq,62,2,2,1,1,2,2,6,10,10,2,2,4,4,4,2,3,3,14,1,16,16,14,14,12,0,0,4750,1,4,1,4,0,3,1,3,3,1,36,38,20,4,23,6,5250,0,0
0,0,4,0,sivtpvzq,62,2,2,1,1,2,2,6,10,10,2,2,4,4,4,2,3,3,15,1,15,15,3,14,12,0,0,4750,1,3,1,3,0,3,1,0,3,1,38,42,23,5,23,7,5250,0,0
0,0,4,0,hofzc0r7,57,2,3,1,1,1,2,2,1,2,2,4,2,4,5,1,1,1,1,1,12,12,15,12,12,0,0,10000,0,0,0,0,0,0,0,0,0,0,0,0,0,0,0,0,0,0,0
0,0,4,0,hofzc0r7,57,2,3,1,1,1,2,2,1,2,2,4,2,4,5,1,1,1,2,2,14,12,2,11,11,0,0,9900,0,0,0,2,0,0,0,0,0,0,0,0,0,0,0,0,0,0,0
0,0,4,0,hofzc0r7,57,2,3,1,1,1,2,2,1,2,2,4,2,4,5,1,1,1,3,1,11,11,2,15,12,0,0,9900,0,-1,-1,-1,0,0,0,0,0,0,0,2,0,0,0,0,100,0,0
0,0,4,0,hofzc0r7,57,2,3,1,1,1,2,2,1,2,2,4,2,4,5,1,1,1,4,1,13,13,13,15,12,0,0,9900,1,1,1,1,0,0,0,0,0,0,2,1,0,0,0,0,100,0,0
0,0,4,0,hofzc0r7,57,2,3,1,1,1,2,2,1,2,2,4,2,4,5,1,1,1,5,2,15,12,6,11,15,1,0,9300,0,0,0,3,3,3,1,0,0,0,1,2,0,0,3,1,100,0,0
0,0,4,0,hofzc0r7,57,2,3,1,1,1,2,2,1,2,2,4,2,4,5,1,1,1,6,1,18,12,7,20,12,0,0,8700,0,0,0,6,0,3,1,3,3,1,2,5,0,0,3,2,700,1,0
0,0,4,0,hofzc0r7,57,2,3,1,1,1,2,2,1,2,2,4,2,4,5,1,1,1,7,2,14,12,14,16,16,1,0,8100,0,0,0,2,4,4,1,0,3,1,5,11,3,1,7,3,1300,0,0
0,0,4,0,hofzc0r7,57,2,3,1,1,1,2,2,1,2,2,4,2,4,5,1,1,1,8,1,19,12,7,17,12,0,0,7400,0,0,0,7,0,4,1,4,4,1,11,13,3,2,7,4,1900,1,0
0,0,4,0,hofzc0r7,57,2,3,1,1,1,2,2,1,2,2,4,2,4,5,1,1,1,9,2,17,12,15,19,19,0,0,6200,0,0,0,5,7,7,1,0,4,1,13,20,7,3,14,5,2600,0,0
0,0,4,0,hofzc0r7,57,2,3,1,1,1,2,2,1,2,2,4,2,4,5,1,1,1,10,2,12,12,9,12,12,1,0,6200,0,0,0,0,0,0,0,7,7,1,20,25,7,4,14,5,3800,0,0
0,0,4,0,hofzc0r7,57,2,3,1,1,1,2,2,1,2,2,4,2,4,5,1,1,1,11,2,16,12,12,16,12,1,0,5800,0,0,0,4,0,0,0,0,0,0,25,25,14,5,14,5,3800,1,0
0,0,4,0,hofzc0r7,57,2,3,1,1,1,2,2,1,2,2,4,2,4,5,1,1,1,12,1,16,12,9,14,12,0,0,5400,0,0,0,4,0,0,0,0,0,0,25,29,14,5,14,5,4200,1,0
0,0,4,0,hofzc0r7,57,2,3,1,1,1,2,2,1,2,2,4,2,4,5,1,1,1,13,2,15,12,5,15,12,0,0,5100,0,0,0,3,0,0,0,0,0,0,29,33,14,5,14,5,4600,0,0
0,0,4,0,hofzc0r7,57,2,3,1,1,1,2,2,1,2,2,4,2,4,5,1,1,1,14,1,20,12,18,15,12,1,0,4300,0,0,0,8,0,0,0,0,0,0,33,36,14,5,14,5,4900,0,0
0,0,4,0,hofzc0r7,57,2,3,1,1,1,2,2,1,2,2,4,2,4,5,1,1,1,15,2,13,12,19,12,12,0,0,4200,0,0,0,1,0,0,0,0,0,0,36,44,14,5,14,5,5700,1,0
0,0,4,0,pijtxera,46,1,4,2,1,4,1,2,0,2,4,4,5,4,4,1,1,1,1,2,15,12,9,13,12,0,0,9700,0,0,0,3,0,0,0,0,0,0,0,0,0,0,0,0,0,0,0
0,0,4,0,pijtxera,46,1,4,2,1,4,1,2,0,2,4,4,5,4,4,1,1,1,2,2,13,12,19,11,11,0,0,9700,0,0,0,1,0,0,0,0,0,0,3,3,0,0,0,0,300,0,0
0,0,4,0,pijtxera,46,1,4,2,1,4,1,2,0,2,4,4,5,4,4,1,1,1,3,1,12,12,15,13,12,0,0,9700,0,0,0,0,0,0,0,0,0,0,3,4,0,0,0,0,300,0,0
0,0,4,0,pijtxera,46,1,4,2,1,4,1,2,0,2,4,4,5,4,4,1,1,1,4,2,14,12,4,15,12,0,0,9500,0,0,0,2,0,0,0,0,0,0,4,4,0,0,0,0,300,0,0
0,0,4,0,pijtxera,46,1,4,2,1,4,1,2,0,2,4,4,5,4,4,1,1,1,5,1,11,11,5,14,12,0,0,9500,0,-1,-1,-1,0,0,0,0,0,0,4,6,0,0,0,0,500,0,0
0,0,4,0,pijtxera,46,1,4,2,1,4,1,2,0,2,4,4,5,4,4,1,1,1,6,2,14,12,4,20,12,0,0,9300,0,0,0,2,0,0,0,0,0,0,6,5,0,0,0,0,500,0,0
0,0,4,0,pijtxera,46,1,4,2,1,4,1,2,0,2,4,4,5,4,4,1,1,1,7,1,13,12,2,19,12,0,0,9200,0,0,0,1,0,0,0,0,0,0,5,7,0,0,0,0,700,0,0
0,0,4,0,pijtxera,46,1,4,2,1,4,1,2,0,2,4,4,5,4,4,1,1,1,8,2,20,12,13,19,15,0,0,8100,0,0,0,8,3,3,1,0,0,0,7,8,0,0,3,1,800,0,0
0,0,4,0,pijtxera,46,1,4,2,1,4,1,2,0,2,4,4,5,4,4,1,1,1,9,1,12,12,3,16,12,0,0,8100,0,0,0,0,0,3,1,3,3,1,8,16,0,0,3,2,1900,0,0
0,0,4,0,pijtxera,46,1,4,2,1,4,1,2,0,2,4,4,5,4,4,1,1,1,10,2,19,12,2,13,12,1,0,7400,0,0,0,7,0,0,0,0,3,1,16,16,3,1,3,2,1900,0,0
0,0,4,0,pijtxera,46,1,4,2,1,4,1,2,0,2,4,4,5,4,4,1,1,1,11,1,16,12,11,16,12,0,0,7000,0,0,0,4,0,0,0,0,0,0,16,23,3,2,3,2,2600,1,0
0,0,4,0,pijtxera,46,1,4,2,1,4,1,2,0,2,4,4,5,4,4,1,1,1,12,2,15,12,15,15,15,0,0,6400,0,0,0,3,3,3,1,0,0,0,23,27,3,2,6,3,3000,0,0
0,0,4,0,pijtxera,46,1,4,2,1,4,1,2,0,2,4,4,5,4,4,1,1,1,13,2,17,12,13,13,12,0,0,5900,0,0,0,5,0,0,0,3,3,1,27,30,3,2,6,3,3600,0,0
0,0,4,0,pijtxera,46,1,4,2,1,4,1,2,0,2,4,4,5,4,4,1,1,1,14,1,16,12,2,20,12,0,0,5500,0,0,0,4,0,0,0,0,0,0,30,35,6,3,6,3,4100,0,0
0,0,4,0,pijtxera,46,1,4,2,1,4,1,2,0,2,4,4,5,4,4,1,1,1,15,1,18,12,6,14,12,0,0,4900,0,0,0,6,0,0,0,0,0,0,35,39,6,3,6,3,4500,0,0
0,0,4,0,uy351iy9,21,1,2,1,1,2,2,5,5,8,5,4,5,3,1,2,2,3,1,1,11,11,4,14,12,1,0,10000,0,-1,-1,-1,0,0,0,0,0,0,0,0,0,0,0,0,0,0,0
0,0,4,0,uy351iy9,21,1,2,1,1,2,2,5,5,8,5,4,5,3,1,2,2,3,2,2,12,12,17,11,11,0,0,10000,0,0,0,0,0,0,0,0,0,0,-1,-1,0,0,0,0,0,0,0
0,0,4,0,uy351iy9,21,1,2,1,1,2,2,5,5,8,5,4,5,3,1,2,2,3,3,1,14,12,18,12,12,0,0,9800,0,0,0,2,0,0,0,0,0,0,-1,-1,0,0,0,0,0,0,0
0,0,4,0,uy351iy9,21,1,2,1,1,2,2,5,5,8,5,4,5,3,1,2,2,3,4,2,15,14,11,13,13,0,0,9400,1,2,0.666666666666667,3,1,1,1,0,0,0,-1,1,0,0,1,1,200,0,0
0,0,4,0,uy351iy9,21,1,2,1,1,2,2,5,5,8,5,4,5,3,1,2,2,3,5,1,13,13,17,15,12,0,0,9400,1,1,1,1,0,1,1,1,1,1,1,4,0,0,1,2,600,0,0
0,0,4,0,uy351iy9,21,1,2,1,1,2,2,5,5,8,5,4,5,3,1,2,2,3,6,1,20,16,19,14,12,0,0,9000,1,4,0.5,8,0,1,1,0,1,1,4,5,1,1,1,3,600,0,0
0,0,4,0,uy351iy9,21,1,2,1,1,2,2,5,5,8,5,4,5,3,1,2,2,3,7,1,17,17,19,19,12,0,0,9000,1,5,1,5,0,1,1,0,1,1,5,13,1,2,1,4,1000,0,0
0,0,4,0,uy351iy9,21,1,2,1,1,2,2,5,5,8,5,4,5,3,1,2,2,3,8,1,19,15,12,20,12,0,0,8600,1,3,0.428571428571429,7,0,1,1,0,1,1,13,18,1,3,1,5,1000,0,0
0,0,4,0,uy351iy9,21,1,2,1,1,2,2,5,5,8,5,4,5,3,1,2,2,3,9,1,15,15,17,16,12,0,0,8600,1,3,1,3,0,1,1,0,1,1,18,25,1,4,1,6,1400,0,0
0,0,4,0,uy351iy9,21,1,2,1,1,2,2,5,5,8,5,4,5,3,1,2,2,3,10,1,16,12,16,20,12,1,0,8200,0,0,0,4,0,1,1,0,1,1,25,28,1,5,1,7,1400,0,0
0,0,4,0,uy351iy9,21,1,2,1,1,2,2,5,5,8,5,4,5,3,1,2,2,3,11,2,18,18,9,16,16,0,0,7200,1,6,1,6,4,4,1,0,1,1,28,32,1,6,5,8,1800,1,0
0,0,4,0,uy351iy9,21,1,2,1,1,2,2,5,5,8,5,4,5,3,1,2,2,3,12,1,14,14,19,18,12,0,0,7200,1,2,1,2,0,4,1,4,4,1,32,38,1,7,5,9,2800,0,0
0,0,4,0,uy351iy9,21,1,2,1,1,2,2,5,5,8,5,4,5,3,1,2,2,3,13,1,13,12,12,17,12,0,0,7100,0,0,0,1,0,4,1,0,4,1,38,40,5,8,5,10,2800,0,0
0,0,4,0,uy351iy9,21,1,2,1,1,2,2,5,5,8,5,4,5,3,1,2,2,3,14,2,12,12,1,19,15,0,0,6800,0,0,0,0,3,3,1,0,4,1,40,41,5,9,8,11,2900,0,0
0,0,4,0,uy351iy9,21,1,2,1,1,2,2,5,5,8,5,4,5,3,1,2,2,3,15,2,16,16,1,15,15,0,0,6100,1,4,1,4,3,3,1,3,3,1,41,41,5,10,11,12,3200,0,0
0,0,4,0,dunch37i,25,1,3,1,0,5,1,6,10,10,2,1,3,1,3,2,3,3,1,1,13,13,1,13,12,0,0,10000,1,1,1,1,0,0,0,0,0,0,0,0,0,0,0,0,0,0,0
0,0,4,0,dunch37i,25,1,3,1,0,5,1,6,10,10,2,1,3,1,3,2,3,3,2,2,12,12,1,14,13,1,0,9900,0,0,0,0,1,1,1,0,0,0,1,1,0,0,0,0,0,0,0
0,0,4,0,dunch37i,25,1,3,1,0,5,1,6,10,10,2,1,3,1,3,2,3,3,3,1,14,14,7,14,12,0,0,9900,1,2,1,2,0,1,1,1,1,1,1,1,0,0,1,2,100,0,0
0,0,4,0,dunch37i,25,1,3,1,0,5,1,6,10,10,2,1,3,1,3,2,3,3,4,1,11,11,1,15,12,0,0,9900,0,-1,-1,-1,0,1,1,0,1,1,1,3,1,1,1,3,100,0,0
0,0,4,0,dunch37i,25,1,3,1,0,5,1,6,10,10,2,1,3,1,3,2,3,3,5,2,15,15,8,11,13,1,0,9500,1,3,1,3,1,1,1,0,1,1,3,2,1,2,2,4,100,0,0
0,0,4,0,dunch37i,25,1,3,1,0,5,1,6,10,10,2,1,3,1,3,2,3,3,6,2,18,18,11,18,12,0,0,8900,1,6,1,6,0,0,0,1,1,1,2,5,1,3,2,4,500,1,0
0,0,4,0,dunch37i,25,1,3,1,0,5,1,6,10,10,2,1,3,1,3,2,3,3,7,1,16,16,11,14,12,0,0,8900,1,4,1,4,0,0,0,0,0,0,5,11,2,4,2,4,1100,0,0
0,0,4,0,dunch37i,25,1,3,1,0,5,1,6,10,10,2,1,3,1,3,2,3,3,8,2,16,16,8,18,23,1,0,7400,1,4,1,4,11,11,1,0,0,0,11,15,2,4,13,5,1100,0,0
0,0,4,0,dunch37i,25,1,3,1,0,5,1,6,10,10,2,1,3,1,3,2,3,3,9,2,20,20,5,16,12,0,0,6600,1,8,1,8,0,0,0,11,11,1,15,19,2,4,13,5,2600,1,0
0,0,4,0,dunch37i,25,1,3,1,0,5,1,6,10,10,2,1,3,1,3,2,3,3,10,2,19,19,5,17,14,1,0,5700,1,7,1,7,2,2,1,0,0,0,19,27,13,5,15,6,3400,0,0
0,0,4,0,dunch37i,25,1,3,1,0,5,1,6,10,10,2,1,3,1,3,2,3,3,11,1,17,17,17,16,12,0,0,5700,1,5,1,5,0,2,1,2,2,1,27,34,13,5,15,7,4300,1,0
0,0,4,0,dunch37i,25,1,3,1,0,5,1,6,10,10,2,1,3,1,3,2,3,3,12,1,13,13,17,12,12,0,0,5700,1,1,1,1,0,2,1,0,2,1,34,39,15,6,15,8,4300,0,0
0,0,4,0,dunch37i,25,1,3,1,0,5,1,6,10,10,2,1,3,1,3,2,3,3,13,2,15,15,15,16,16,0,0,5000,1,3,1,3,4,4,1,0,2,1,39,40,15,7,19,9,4300,0,0
0,0,4,0,dunch37i,25,1,3,1,0,5,1,6,10,10,2,1,3,1,3,2,3,3,14,2,14,14,10,16,16,0,0,4400,1,2,1,2,4,4,1,4,4,1,40,43,15,8,23,10,5000,0,0
0,0,4,0,dunch37i,25,1,3,1,0,5,1,6,10,10,2,1,3,1,3,2,3,3,15,2,12,12,5,18,14,0,0,4200,0,0,0,0,2,2,1,4,4,1,43,45,19,9,25,11,5600,0,0
0,0,4,0,qyqbk1yv,25,1,3,1,1,5,1,6,7,9,2,3,3,3,2,2,3,3,1,2,12,12,11,12,12,0,0,10000,0,0,0,0,0,0,0,0,0,0,0,0,0,0,0,0,0,0,0
0,0,4,0,qyqbk1yv,25,1,3,1,1,5,1,6,7,9,2,3,3,3,2,2,3,3,2,2,11,11,9,14,14,1,0,9900,0,-1,-1,-1,2,2,1,0,0,0,0,0,0,0,0,0,0,0,0
0,0,4,0,qyqbk1yv,25,1,3,1,1,5,1,6,7,9,2,3,3,3,2,2,3,3,3,2,13,12,12,12,12,0,0,9800,0,0,0,1,0,0,0,2,2,1,0,-1,0,0,2,1,100,0,0
0,0,4,0,qyqbk1yv,25,1,3,1,1,5,1,6,7,9,2,3,3,3,2,2,3,3,4,2,14,14,16,12,12,0,0,9600,1,2,1,2,0,0,0,0,0,0,-1,0,2,1,2,1,200,0,0
0,0,4,0,qyqbk1yv,25,1,3,1,1,5,1,6,7,9,2,3,3,3,2,2,3,3,5,1,15,15,4,12,12,0,0,9600,1,3,1,3,0,0,0,0,0,0,0,2,2,1,2,1,400,0,0
0,0,4,0,qyqbk1yv,25,1,3,1,1,5,1,6,7,9,2,3,3,3,2,2,3,3,6,2,16,16,2,16,16,0,0,8800,1,4,1,4,4,4,1,0,0,0,2,5,2,1,6,2,400,0,0
0,0,4,0,qyqbk1yv,25,1,3,1,1,5,1,6,7,9,2,3,3,3,2,2,3,3,7,1,20,20,3,17,12,0,0,8800,1,8,1,8,0,4,1,4,4,1,5,9,2,1,6,3,1200,0,0
0,0,4,0,qyqbk1yv,25,1,3,1,1,5,1,6,7,9,2,3,3,3,2,2,3,3,8,2,17,15,6,16,16,0,0,7900,1,3,0.6,5,4,4,1,0,4,1,9,17,6,2,10,4,1200,0,0
0,0,4,0,qyqbk1yv,25,1,3,1,1,5,1,6,7,9,2,3,3,3,2,2,3,3,9,1,19,19,11,17,12,0,0,7900,1,7,1,7,0,4,1,4,4,1,17,22,6,3,10,5,2100,0,0
0,0,4,0,qyqbk1yv,25,1,3,1,1,5,1,6,7,9,2,3,3,3,2,2,3,3,10,1,14,13,6,15,12,0,0,7800,1,1,0.5,2,0,4,1,0,4,1,22,29,10,4,10,6,2100,0,0
0,0,4,0,qyqbk1yv,25,1,3,1,1,5,1,6,7,9,2,3,3,3,2,2,3,3,11,2,18,18,16,15,15,0,0,6900,1,6,1,6,3,3,1,0,4,1,29,31,10,5,13,7,2200,0,0
0,0,4,0,qyqbk1yv,25,1,3,1,1,5,1,6,7,9,2,3,3,3,2,2,3,3,12,1,15,15,12,15,12,0,0,6900,1,3,1,3,0,3,1,3,3,1,31,37,10,6,13,8,3100,0,0
0,0,4,0,qyqbk1yv,25,1,3,1,1,5,1,6,7,9,2,3,3,3,2,2,3,3,13,1,16,16,14,15,12,0,0,6900,1,4,1,4,0,3,1,0,3,1,37,40,13,7,13,9,3100,0,0
0,0,4,0,qyqbk1yv,25,1,3,1,1,5,1,6,7,9,2,3,3,3,2,2,3,3,14,2,12,12,8,16,20,0,0,6100,0,0,0,0,8,8,1,0,3,1,40,44,13,8,21,10,3100,0,0
0,0,4,0,qyqbk1yv,25,1,3,1,1,5,1,6,7,9,2,3,3,3,2,2,3,3,15,1,13,13,9,19,12,0,0,6100,1,1,1,1,0,8,1,8,8,1,44,44,13,9,21,11,3900,0,0
0,0,4,0,f84q8s30,72,2,3,1,1,2,2,2,6,6,2,5,2,3,4,1,2,2,1,1,14,12,11,12,12,0,0,9800,0,0,0,2,0,0,0,0,0,0,0,0,0,0,0,0,0,0,0
0,0,4,0,f84q8s30,72,2,3,1,1,2,2,2,6,6,2,5,2,3,4,1,2,2,2,1,15,15,5,11,12,1,150,9650,1,3,1,3,0,0,0,0,0,0,2,2,0,0,0,0,200,0,0
0,0,4,0,f84q8s30,72,2,3,1,1,2,2,2,6,6,2,5,2,3,4,1,2,2,3,2,11,11,3,13,13,1,0,9650,0,-1,-1,-1,1,1,1,0,0,0,2,5,0,0,1,1,350,0,0
0,0,4,0,f84q8s30,72,2,3,1,1,2,2,2,6,6,2,5,2,3,4,1,2,2,4,1,12,12,15,14,12,0,0,9650,0,0,0,0,0,1,1,1,1,1,5,4,0,0,1,2,350,1,0
0,0,4,0,f84q8s30,72,2,3,1,1,2,2,2,6,6,2,5,2,3,4,1,2,2,5,1,13,13,7,13,12,0,0,9650,1,1,1,1,0,1,1,0,1,1,4,4,1,1,1,3,350,0,0
0,0,4,0,f84q8s30,72,2,3,1,1,2,2,2,6,6,2,5,2,3,4,1,2,2,6,2,18,18,5,19,14,0,0,8850,1,6,1,6,2,2,1,0,1,1,4,5,1,2,3,4,350,0,0
0,0,4,0,f84q8s30,72,2,3,1,1,2,2,2,6,6,2,5,2,3,4,1,2,2,7,2,17,17,7,14,14,1,0,8150,1,5,1,5,2,2,1,2,2,1,5,11,1,3,5,5,1150,0,0
0,0,4,0,f84q8s30,72,2,3,1,1,2,2,2,6,6,2,5,2,3,4,1,2,2,8,1,14,14,19,20,12,0,0,8150,1,2,1,2,0,2,1,2,2,1,11,16,3,4,5,6,1850,1,0
0,0,4,0,f84q8s30,72,2,3,1,1,2,2,2,6,6,2,5,2,3,4,1,2,2,9,2,12,12,9,15,12,0,0,8150,0,0,0,0,0,0,0,0,2,1,16,18,5,5,5,6,1850,0,0
0,0,4,0,f84q8s30,72,2,3,1,1,2,2,2,6,6,2,5,2,3,4,1,2,2,10,2,20,20,13,16,12,0,0,7350,1,8,1,8,0,0,0,0,0,0,18,18,5,6,5,6,1850,0,0
0,0,4,0,f84q8s30,72,2,3,1,1,2,2,2,6,6,2,5,2,3,4,1,2,2,11,1,15,15,15,18,12,0,0,7350,1,3,1,3,0,0,0,0,0,0,18,26,5,6,5,6,2650,0,0
0,0,4,0,f84q8s30,72,2,3,1,1,2,2,2,6,6,2,5,2,3,4,1,2,2,12,1,16,16,5,20,12,0,0,7350,1,4,1,4,0,0,0,0,0,0,26,29,5,6,5,6,2650,0,0
0,0,4,0,f84q8s30,72,2,3,1,1,2,2,2,6,6,2,5,2,3,4,1,2,2,13,2,19,17,18,16,12,0,0,6650,1,5,0.714285714285714,7,0,0,0,0,0,0,29,33,5,6,5,6,2650,0,0
0,0,4,0,f84q8s30,72,2,3,1,1,2,2,2,6,6,2,5,2,3,4,1,2,2,14,2,13,13,4,18,12,0,0,6550,1,1,1,1,0,0,0,0,0,0,33,40,5,6,5,6,3350,0,0
0,0,4,0,f84q8s30,72,2,3,1,1,2,2,2,6,6,2,5,2,3,4,1,2,2,15,2,16,16,2,14,10,0,0,6350,1,4,1,4,0,0,0,0,0,0,40,41,5,6,5,6,3450,0,0
0,0,4,0,1ag2igc4,54,2,3,1,1,2,2,0,2,6,5,5,5,5,5,1,1,2,1,1,12,12,10,13,12,0,0,10000,0,0,0,0,0,0,0,0,0,0,0,0,0,0,0,0,0,0,0
0,0,4,0,1ag2igc4,54,2,3,1,1,2,2,0,2,6,5,5,5,5,5,1,1,2,2,1,11,11,13,12,12,0,0,10000,0,-1,-1,-1,0,0,0,0,0,0,0,0,0,0,0,0,0,0,0
0,0,4,0,1ag2igc4,54,2,3,1,1,2,2,0,2,6,5,5,5,5,5,1,1,2,3,1,13,13,4,13,12,0,0,10000,1,1,1,1,0,0,0,0,0,0,0,-1,0,0,0,0,0,0,0
0,0,4,0,1ag2igc4,54,2,3,1,1,2,2,0,2,6,5,5,5,5,5,1,1,2,4,2,14,14,7,12,12,0,0,9800,1,2,1,2,0,0,0,0,0,0,-1,0,0,0,0,0,0,0,0
0,0,4,0,1ag2igc4,54,2,3,1,1,2,2,0,2,6,5,5,5,5,5,1,1,2,5,2,15,15,13,13,13,0,0,9400,1,3,1,3,1,1,1,0,0,0,0,2,0,0,1,1,200,0,0
0,0,4,0,1ag2igc4,54,2,3,1,1,2,2,0,2,6,5,5,5,5,5,1,1,2,6,1,17,12,3,20,12,1,0,8900,0,0,0,5,0,1,1,1,1,1,2,5,0,0,1,2,600,0,0
0,0,4,0,1ag2igc4,54,2,3,1,1,2,2,0,2,6,5,5,5,5,5,1,1,2,7,2,13,18,10,19,19,1,0,8100,1,6,6,1,7,7,1,0,1,1,5,10,1,1,8,3,1100,1,0
0,0,4,0,1ag2igc4,54,2,3,1,1,2,2,0,2,6,5,5,5,5,5,1,1,2,8,2,19,12,2,12,12,0,0,7400,0,0,0,7,0,0,0,7,7,1,10,11,1,2,8,3,1900,1,0
0,0,4,0,1ag2igc4,54,2,3,1,1,2,2,0,2,6,5,5,5,5,5,1,1,2,9,1,16,12,7,13,12,1,0,7000,0,0,0,4,0,0,0,0,0,0,11,18,8,3,8,3,2600,0,0
0,0,4,0,1ag2igc4,54,2,3,1,1,2,2,0,2,6,5,5,5,5,5,1,1,2,10,1,18,18,18,16,12,0,0,7000,1,6,1,6,0,0,0,0,0,0,18,22,8,3,8,3,3000,1,0
0,0,4,0,1ag2igc4,54,2,3,1,1,2,2,0,2,6,5,5,5,5,5,1,1,2,11,2,16,16,14,17,17,1,0,6100,1,4,1,4,5,5,1,0,0,0,22,28,8,3,13,4,3000,0,0
0,0,4,0,1ag2igc4,54,2,3,1,1,2,2,0,2,6,5,5,5,5,5,1,1,2,12,2,12,12,14,13,13,1,0,6000,0,0,0,0,1,1,1,5,5,1,28,32,8,3,14,5,3900,1,0
0,0,4,0,1ag2igc4,54,2,3,1,1,2,2,0,2,6,5,5,5,5,5,1,1,2,13,1,14,14,3,16,12,1,100,5900,1,2,1,2,0,1,1,1,1,1,32,32,13,4,14,6,4000,1,0
0,0,4,0,1ag2igc4,54,2,3,1,1,2,2,0,2,6,5,5,5,5,5,1,1,2,14,1,20,16,16,13,12,0,0,5500,1,4,0.5,8,0,1,1,0,1,1,32,34,14,5,14,7,4100,1,1
0,0,4,0,1ag2igc4,54,2,3,1,1,2,2,0,2,6,5,5,5,5,5,1,1,2,15,2,15,15,4,14,12,0,0,5200,1,3,1,3,0,0,0,0,1,1,34,42,14,6,14,7,4500,0,0
0,0,4,0,b2xaxyas,41,1,4,2,0,1,2,10,10,10,2,5,4,4,5,3,3,3,1,1,13,12,3,14,12,0,0,9900,0,0,0,1,0,0,0,0,0,0,0,0,0,0,0,0,0,0,0
0,0,4,0,b2xaxyas,41,1,4,2,0,1,2,10,10,10,2,5,4,4,5,3,3,3,2,1,14,12,7,11,12,0,0,9700,0,0,0,2,0,0,0,0,0,0,1,1,0,0,0,0,100,0,0
0,0,4,0,b2xaxyas,41,1,4,2,0,1,2,10,10,10,2,5,4,4,5,3,3,3,3,2,12,12,13,14,12,1,0,9700,0,0,0,0,0,0,0,0,0,0,1,3,0,0,0,0,300,0,0
0,0,4,0,b2xaxyas,41,1,4,2,0,1,2,10,10,10,2,5,4,4,5,3,3,3,4,1,11,11,2,13,12,0,0,9700,0,-1,-1,-1,0,0,0,0,0,0,3,3,0,0,0,0,300,1,0
0,0,4,0,b2xaxyas,41,1,4,2,0,1,2,10,10,10,2,5,4,4,5,3,3,3,5,1,15,12,19,12,12,0,0,9400,0,0,0,3,0,0,0,0,0,0,3,2,0,0,0,0,300,0,0
0,0,4,0,b2xaxyas,41,1,4,2,0,1,2,10,10,10,2,5,4,4,5,3,3,3,6,2,14,14,6,12,12,0,0,9200,1,2,1,2,0,0,0,0,0,0,2,5,0,0,0,0,600,0,0
0,0,4,0,b2xaxyas,41,1,4,2,0,1,2,10,10,10,2,5,4,4,5,3,3,3,7,1,18,12,1,14,12,0,0,8600,0,0,0,6,0,0,0,0,0,0,5,7,0,0,0,0,800,0,0
0,0,4,0,b2xaxyas,41,1,4,2,0,1,2,10,10,10,2,5,4,4,5,3,3,3,8,1,13,12,1,16,12,0,0,8500,0,0,0,1,0,0,0,0,0,0,7,13,0,0,0,0,1400,0,0
0,0,4,0,b2xaxyas,41,1,4,2,0,1,2,10,10,10,2,5,4,4,5,3,3,3,9,1,19,12,6,19,12,1,0,7800,0,0,0,7,0,0,0,0,0,0,13,14,0,0,0,0,1500,0,0
0,0,4,0,b2xaxyas,41,1,4,2,0,1,2,10,10,10,2,5,4,4,5,3,3,3,10,2,16,12,17,18,18,0,0,6800,0,0,0,4,6,6,1,0,0,0,14,21,0,0,6,1,2200,1,0
0,0,4,0,b2xaxyas,41,1,4,2,0,1,2,10,10,10,2,5,4,4,5,3,3,3,11,1,17,12,1,16,12,1,0,6300,0,0,0,5,0,6,1,6,6,1,21,25,0,0,6,2,3200,0,0
0,0,4,0,b2xaxyas,41,1,4,2,0,1,2,10,10,10,2,5,4,4,5,3,3,3,12,2,20,12,2,17,8,0,0,5900,0,0,0,8,0,0,0,0,6,1,25,30,6,1,6,2,3700,1,0
0,0,4,0,b2xaxyas,41,1,4,2,0,1,2,10,10,10,2,5,4,4,5,3,3,3,13,1,16,12,16,19,12,0,0,5500,0,0,0,4,0,0,0,0,0,0,30,38,6,2,6,2,4100,0,0
0,0,4,0,b2xaxyas,41,1,4,2,0,1,2,10,10,10,2,5,4,4,5,3,3,3,14,2,15,12,11,20,12,0,0,5200,0,0,0,3,0,0,0,0,0,0,38,42,6,2,6,2,4500,0,0
0,0,4,0,b2xaxyas,41,1,4,2,0,1,2,10,10,10,2,5,4,4,5,3,3,3,15,1,12,12,8,14,12,0,0,5200,0,0,0,0,0,0,0,0,0,0,42,45,6,2,6,2,4800,0,0
0,0,4,0,3coewrra,53,2,4,2,1,3,1,10,10,10,3,3,3,3,3,3,3,3,1,1,13,13,6,14,12,0,0,10000,1,1,1,1,0,0,0,0,0,0,0,0,0,0,0,0,0,0,0
0,0,4,0,3coewrra,53,2,4,2,1,3,1,10,10,10,3,3,3,3,3,3,3,3,2,1,11,11,12,13,12,0,0,10000,0,-1,-1,-1,0,0,0,0,0,0,1,1,0,0,0,0,0,0,0
0,0,4,0,3coewrra,53,2,4,2,1,3,1,10,10,10,3,3,3,3,3,3,3,3,3,2,15,15,6,13,12,0,0,9700,1,3,1,3,0,0,0,0,0,0,1,0,0,0,0,0,0,0,0
0,0,4,0,3coewrra,53,2,4,2,1,3,1,10,10,10,3,3,3,3,3,3,3,3,4,1,14,14,6,12,12,1,100,9600,1,2,1,2,0,0,0,0,0,0,0,3,0,0,0,0,300,0,0
0,0,4,0,3coewrra,53,2,4,2,1,3,1,10,10,10,3,3,3,3,3,3,3,3,5,2,12,12,18,15,12,0,0,9600,0,0,0,0,0,0,0,0,0,0,3,5,0,0,0,0,400,1,1
0,0,4,0,3coewrra,53,2,4,2,1,3,1,10,10,10,3,3,3,3,3,3,3,3,6,2,14,12,13,20,16,0,0,9000,0,0,0,2,4,4,1,0,0,0,5,5,0,0,4,1,400,0,0
0,0,4,0,3coewrra,53,2,4,2,1,3,1,10,10,10,3,3,3,3,3,3,3,3,7,2,19,19,13,17,17,0,0,7800,1,7,1,7,5,5,1,4,4,1,5,7,0,0,9,2,1000,0,0
0,0,4,0,3coewrra,53,2,4,2,1,3,1,10,10,10,3,3,3,3,3,3,3,3,8,2,20,20,16,14,14,0,0,6800,1,8,1,8,2,2,1,5,5,1,7,14,4,1,11,3,2200,0,0
0,0,4,0,3coewrra,53,2,4,2,1,3,1,10,10,10,3,3,3,3,3,3,3,3,9,1,17,17,2,15,12,0,0,6800,1,5,1,5,0,2,1,2,2,1,14,22,9,2,11,4,3200,0,0
0,0,4,0,3coewrra,53,2,4,2,1,3,1,10,10,10,3,3,3,3,3,3,3,3,10,1,16,16,10,18,12,0,0,6800,1,4,1,4,0,2,1,0,2,1,22,27,11,3,11,5,3200,0,0
0,0,4,0,3coewrra,53,2,4,2,1,3,1,10,10,10,3,3,3,3,3,3,3,3,11,2,16,16,2,18,12,0,0,6400,1,4,1,4,0,0,0,0,2,1,27,31,11,4,11,5,3200,0,0
0,0,4,0,3coewrra,53,2,4,2,1,3,1,10,10,10,3,3,3,3,3,3,3,3,12,2,18,18,13,14,14,0,0,5600,1,6,1,6,2,2,1,0,0,0,31,35,11,5,13,6,3600,0,0
0,0,4,0,3coewrra,53,2,4,2,1,3,1,10,10,10,3,3,3,3,3,3,3,3,13,2,15,15,9,18,18,0,0,4700,1,3,1,3,6,6,1,2,2,1,35,41,11,5,19,7,4400,0,0
0,0,4,0,3coewrra,53,2,4,2,1,3,1,10,10,10,3,3,3,3,3,3,3,3,14,1,13,13,7,12,12,0,0,4700,1,1,1,1,0,6,1,6,6,1,41,44,13,6,19,8,5300,0,0
0,0,4,0,3coewrra,53,2,4,2,1,3,1,10,10,10,3,3,3,3,3,3,3,3,15,1,12,12,11,13,12,0,0,4700,0,0,0,0,0,6,1,0,6,1,44,45,19,7,19,9,5300,0,0
1,0,5,1,sc1swib2,65,2,5,2,1,3,1,10,10,10,3,2,1,3,1,3,3,3,1,1,12,12,2,11,12,0,0,10000,0,0,0,0,0,0,0,0,0,0,0,0,0,0,0,0,0,0,0
1,0,5,1,sc1swib2,65,2,5,2,1,3,1,10,10,10,3,2,1,3,1,3,3,3,2,1,13,10,6,15,12,0,0,9700,0,-2,-2,1,0,0,0,0,0,0,0,0,0,0,0,0,0,0,0
1,0,5,1,sc1swib2,65,2,5,2,1,3,1,10,10,10,3,2,1,3,1,3,3,3,3,1,11,11,3,13,12,1,0,9700,0,-1,-1,-1,0,0,0,0,0,0,0,1,0,0,0,0,300,0,0
1,0,5,1,sc1swib2,65,2,5,2,1,3,1,10,10,10,3,2,1,3,1,3,3,3,4,1,14,12,13,13,12,0,0,9500,0,0,0,2,0,0,0,0,0,0,1,0,0,0,0,0,300,1,0
1,0,5,1,sc1swib2,65,2,5,2,1,3,1,10,10,10,3,2,1,3,1,3,3,3,5,1,15,15,2,14,12,0,0,9500,1,3,1,3,0,0,0,0,0,0,0,2,0,0,0,0,500,0,0
1,0,5,1,sc1swib2,65,2,5,2,1,3,1,10,10,10,3,2,1,3,1,3,3,3,6,1,18,18,3,18,12,0,0,9500,1,6,1,6,0,0,0,0,0,0,2,5,0,0,0,0,500,0,0
1,0,5,1,sc1swib2,65,2,5,2,1,3,1,10,10,10,3,2,1,3,1,3,3,3,7,1,20,20,7,17,12,0,0,9500,1,8,1,8,0,0,0,0,0,0,5,11,0,0,0,0,500,0,0
1,0,5,1,sc1swib2,65,2,5,2,1,3,1,10,10,10,3,2,1,3,1,3,3,3,8,1,14,14,4,17,12,0,0,9500,1,2,1,2,0,0,0,0,0,0,11,19,0,0,0,0,500,0,0
1,0,5,1,sc1swib2,65,2,5,2,1,3,1,10,10,10,3,2,1,3,1,3,3,3,9,2,19,19,3,19,18,0,0,8200,1,7,1,7,6,6,1,0,0,0,19,21,0,0,6,1,500,0,0
1,0,5,1,sc1swib2,65,2,5,2,1,3,1,10,10,10,3,2,1,3,1,3,3,3,10,1,12,13,8,13,12,1,50,8150,1,1,1,0,0,6,1,6,6,1,21,28,0,0,6,2,1800,0,0
1,0,5,1,sc1swib2,65,2,5,2,1,3,1,10,10,10,3,2,1,3,1,3,3,3,11,2,17,17,10,12,12,0,0,7650,1,5,1,5,0,0,0,0,6,1,28,28,6,1,6,2,1850,1,1
1,0,5,1,sc1swib2,65,2,5,2,1,3,1,10,10,10,3,2,1,3,1,3,3,3,12,1,16,16,8,19,12,0,0,7650,1,4,1,4,0,0,0,0,0,0,28,33,6,2,6,2,2350,0,0
1,0,5,1,sc1swib2,65,2,5,2,1,3,1,10,10,10,3,2,1,3,1,3,3,3,13,1,15,15,7,20,12,0,0,7650,1,3,1,3,0,0,0,0,0,0,33,37,6,2,6,2,2350,0,0
1,0,5,1,sc1swib2,65,2,5,2,1,3,1,10,10,10,3,2,1,3,1,3,3,3,14,2,13,13,4,19,16,1,0,7150,1,1,1,1,4,4,1,0,0,0,37,40,6,2,10,3,2350,0,0
1,0,5,1,sc1swib2,65,2,5,2,1,3,1,10,10,10,3,2,1,3,1,3,3,3,15,1,18,18,13,18,12,0,0,7150,1,6,1,6,0,4,1,4,4,1,40,41,6,2,10,4,2850,1,0
1,0,5,1,2kuf47ww,59,2,4,2,0,2,2,5,5,5,5,5,5,5,5,2,2,2,1,2,11,11,1,12,12,0,0,10000,0,-1,-1,-1,0,0,0,0,0,0,0,0,0,0,0,0,0,0,0
1,0,5,1,2kuf47ww,59,2,4,2,0,2,2,5,5,5,5,5,5,5,5,2,2,2,2,2,13,12,13,14,12,1,0,9900,0,0,0,1,0,0,0,0,0,0,-1,-1,0,0,0,0,0,0,0
1,0,5,1,2kuf47ww,59,2,4,2,0,2,2,5,5,5,5,5,5,5,5,2,2,2,3,2,12,12,7,14,14,0,0,9700,0,0,0,0,2,2,1,0,0,0,-1,0,0,0,2,1,100,0,0
1,0,5,1,2kuf47ww,59,2,4,2,0,2,2,5,5,5,5,5,5,5,5,2,2,2,4,1,15,15,8,11,12,0,0,9700,1,3,1,3,0,2,1,2,2,1,0,0,0,0,2,2,300,0,0
1,0,5,1,2kuf47ww,59,2,4,2,0,2,2,5,5,5,5,5,5,5,5,2,2,2,5,2,14,14,1,15,15,0,0,9200,1,2,1,2,3,3,1,0,2,1,0,3,2,1,5,3,300,0,0
1,0,5,1,2kuf47ww,59,2,4,2,0,2,2,5,5,5,5,5,5,5,5,2,2,2,6,2,15,15,9,14,11,1,0,9000,1,3,1,3,0,0,0,3,3,1,3,5,2,2,5,3,800,0,0
1,0,5,1,2kuf47ww,59,2,4,2,0,2,2,5,5,5,5,5,5,5,5,2,2,2,7,2,18,16,6,12,8,0,0,8800,1,4,0.666666666666667,6,0,0,0,0,0,0,5,8,5,3,5,3,1000,1,0
1,0,5,1,2kuf47ww,59,2,4,2,0,2,2,5,5,5,5,5,5,5,5,2,2,2,8,2,12,12,10,13,12,0,0,8800,0,0,0,0,0,0,0,0,0,0,8,14,5,3,5,3,1200,0,0
1,0,5,1,2kuf47ww,59,2,4,2,0,2,2,5,5,5,5,5,5,5,5,2,2,2,9,2,20,20,1,19,19,0,0,7300,1,8,1,8,7,7,1,0,0,0,14,14,5,3,12,4,1200,0,0
1,0,5,1,2kuf47ww,59,2,4,2,0,2,2,5,5,5,5,5,5,5,5,2,2,2,10,2,14,12,6,16,12,0,0,7100,0,0,0,2,0,0,0,7,7,1,14,22,5,3,12,4,2700,0,0
1,0,5,1,2kuf47ww,59,2,4,2,0,2,2,5,5,5,5,5,5,5,5,2,2,2,11,1,17,12,7,12,12,0,0,6600,0,0,0,5,0,0,0,0,0,0,22,24,12,4,12,4,2900,0,0
1,0,5,1,2kuf47ww,59,2,4,2,0,2,2,5,5,5,5,5,5,5,5,2,2,2,12,2,18,12,9,13,13,1,0,5900,0,0,0,6,1,1,1,0,0,0,24,29,12,4,13,5,3400,0,0
1,0,5,1,2kuf47ww,59,2,4,2,0,2,2,5,5,5,5,5,5,5,5,2,2,2,13,2,19,12,13,14,17,0,0,4700,0,0,0,7,5,5,1,1,1,1,29,35,12,4,18,6,4100,1,0
1,0,5,1,2kuf47ww,59,2,4,2,0,2,2,5,5,5,5,5,5,5,5,2,2,2,14,2,13,12,7,18,18,0,0,4000,0,0,0,1,6,6,1,5,5,1,35,42,13,5,24,7,5300,0,0
1,0,5,1,2kuf47ww,59,2,4,2,0,2,2,5,5,5,5,5,5,5,5,2,2,2,15,2,16,12,8,16,14,1,0,3400,0,0,0,4,2,2,1,6,6,1,42,43,18,6,26,8,6000,0,0
1,0,5,1,83rh5w58,44,1,3,1,0,2,2,10,8,10,3,3,5,2,1,3,3,3,1,2,15,13,4,11,10,0,0,9900,1,1,0.333333333333333,3,0,0,0,0,0,0,0,0,0,0,0,0,0,0,0
1,0,5,1,83rh5w58,44,1,3,1,0,2,2,10,8,10,3,3,5,2,1,3,3,3,2,1,12,12,12,13,12,0,0,9900,0,0,0,0,0,0,0,0,0,0,3,3,0,0,0,0,100,0,0
1,0,5,1,83rh5w58,44,1,3,1,0,2,2,10,8,10,3,3,5,2,1,3,3,3,3,2,13,13,1,11,11,0,0,9900,1,1,1,1,0,0,0,0,0,0,3,3,0,0,0,0,100,0,0
1,0,5,1,83rh5w58,44,1,3,1,0,2,2,10,8,10,3,3,5,2,1,3,3,3,4,1,11,11,4,13,12,0,0,9900,0,-1,-1,-1,0,0,0,0,0,0,3,4,0,0,0,0,100,0,0
1,0,5,1,83rh5w58,44,1,3,1,0,2,2,10,8,10,3,3,5,2,1,3,3,3,5,2,14,14,13,12,12,0,0,9700,1,2,1,2,0,0,0,0,0,0,4,3,0,0,0,0,100,0,0
1,0,5,1,83rh5w58,44,1,3,1,0,2,2,10,8,10,3,3,5,2,1,3,3,3,6,2,18,12,1,18,18,0,0,8500,0,0,0,6,6,6,1,0,0,0,3,5,0,0,6,1,300,0,0
1,0,5,1,83rh5w58,44,1,3,1,0,2,2,10,8,10,3,3,5,2,1,3,3,3,7,1,18,18,1,20,12,0,0,8500,1,6,1,6,0,6,1,6,6,1,5,11,0,0,6,2,1500,0,0
1,0,5,1,83rh5w58,44,1,3,1,0,2,2,10,8,10,3,3,5,2,1,3,3,3,8,2,16,14,13,20,15,0,0,7800,1,2,0.5,4,3,3,1,0,6,1,11,17,6,1,9,3,1500,0,0
1,0,5,1,83rh5w58,44,1,3,1,0,2,2,10,8,10,3,3,5,2,1,3,3,3,9,1,19,18,1,19,12,0,0,7700,1,6,0.857142857142857,7,0,3,1,3,3,1,17,21,6,2,9,4,2200,0,0
1,0,5,1,83rh5w58,44,1,3,1,0,2,2,10,8,10,3,3,5,2,1,3,3,3,10,1,13,12,13,13,12,0,0,7600,0,0,0,1,0,3,1,0,3,1,21,28,9,3,9,5,2300,0,0
1,0,5,1,83rh5w58,44,1,3,1,0,2,2,10,8,10,3,3,5,2,1,3,3,3,11,1,15,15,13,12,12,0,0,7600,1,3,1,3,0,3,1,0,3,1,28,29,9,4,9,6,2400,0,0
1,0,5,1,83rh5w58,44,1,3,1,0,2,2,10,8,10,3,3,5,2,1,3,3,3,12,2,17,15,4,13,12,1,0,7100,1,3,0.6,5,0,0,0,0,3,1,29,32,9,5,9,6,2400,0,0
1,0,5,1,83rh5w58,44,1,3,1,0,2,2,10,8,10,3,3,5,2,1,3,3,3,13,2,20,20,10,17,12,0,0,6300,1,8,1,8,0,0,0,0,0,0,32,37,9,6,9,6,2900,1,0
1,0,5,1,83rh5w58,44,1,3,1,0,2,2,10,8,10,3,3,5,2,1,3,3,3,14,2,12,12,5,14,12,0,0,6300,0,0,0,0,0,0,0,0,0,0,37,45,9,6,9,6,3700,0,0
1,0,5,1,83rh5w58,44,1,3,1,0,2,2,10,8,10,3,3,5,2,1,3,3,3,15,2,14,14,4,14,12,0,0,6100,1,2,1,2,0,0,0,0,0,0,45,45,9,6,9,6,3700,0,0
1,0,5,1,xzyy5o3u,53,2,4,2,0,3,1,10,10,10,2,5,5,3,5,3,3,3,1,1,11,10,3,15,12,0,0,9900,0,-2,-2,-1,0,0,0,0,0,0,0,0,0,0,0,0,0,0,0
1,0,5,1,xzyy5o3u,53,2,4,2,0,3,1,10,10,10,2,5,5,3,5,3,3,3,2,2,12,10,12,13,8,0,0,9900,0,-2,-2,0,0,0,0,0,0,0,-1,-1,0,0,0,0,100,0,0
1,0,5,1,xzyy5o3u,53,2,4,2,0,3,1,10,10,10,2,5,5,3,5,3,3,3,3,1,15,12,8,13,12,0,0,9600,0,0,0,3,0,0,0,0,0,0,-1,-1,0,0,0,0,100,0,0
1,0,5,1,xzyy5o3u,53,2,4,2,0,3,1,10,10,10,2,5,5,3,5,3,3,3,4,2,13,13,3,11,11,0,0,9600,1,1,1,1,0,0,0,0,0,0,-1,2,0,0,0,0,400,0,0
1,0,5,1,xzyy5o3u,53,2,4,2,0,3,1,10,10,10,2,5,5,3,5,3,3,3,5,1,14,13,12,12,12,0,0,9500,1,1,0.5,2,0,0,0,0,0,0,2,3,0,0,0,0,400,0,0
1,0,5,1,xzyy5o3u,53,2,4,2,0,3,1,10,10,10,2,5,5,3,5,3,3,3,6,1,18,18,6,13,12,0,0,9500,1,6,1,6,0,0,0,0,0,0,3,5,0,0,0,0,500,0,0
1,0,5,1,xzyy5o3u,53,2,4,2,0,3,1,10,10,10,2,5,5,3,5,3,3,3,7,2,16,13,5,15,11,0,0,9200,1,1,0.25,4,0,0,0,0,0,0,5,11,0,0,0,0,500,0,0
1,0,5,1,xzyy5o3u,53,2,4,2,0,3,1,10,10,10,2,5,5,3,5,3,3,3,8,2,17,15,1,14,14,0,0,8500,1,3,0.6,5,2,2,1,0,0,0,11,15,0,0,2,1,800,0,0
1,0,5,1,xzyy5o3u,53,2,4,2,0,3,1,10,10,10,2,5,5,3,5,3,3,3,9,1,20,20,9,18,12,0,0,8500,1,8,1,8,0,2,1,2,2,1,15,20,0,0,2,2,1500,0,0
1,0,5,1,xzyy5o3u,53,2,4,2,0,3,1,10,10,10,2,5,5,3,5,3,3,3,10,1,12,10,10,20,12,0,0,8300,0,-2,-2,0,0,2,1,0,2,1,20,28,2,1,2,3,1500,0,0
1,0,5,1,xzyy5o3u,53,2,4,2,0,3,1,10,10,10,2,5,5,3,5,3,3,3,11,2,18,18,5,20,12,0,0,7700,1,6,1,6,0,0,0,0,2,1,28,28,2,2,2,3,1700,0,0
1,0,5,1,xzyy5o3u,53,2,4,2,0,3,1,10,10,10,2,5,5,3,5,3,3,3,12,1,13,12,3,17,12,0,0,7600,0,0,0,1,0,0,0,0,0,0,28,34,2,3,2,3,2300,0,0
1,0,5,1,xzyy5o3u,53,2,4,2,0,3,1,10,10,10,2,5,5,3,5,3,3,3,13,2,15,12,6,18,12,0,0,7300,0,0,0,3,0,0,0,0,0,0,34,35,2,3,2,3,2400,0,0
1,0,5,1,xzyy5o3u,53,2,4,2,0,3,1,10,10,10,2,5,5,3,5,3,3,3,14,1,19,16,1,13,12,0,0,7000,1,4,0.571428571428571,7,0,0,0,0,0,0,35,38,2,3,2,3,2700,0,0
1,0,5,1,xzyy5o3u,53,2,4,2,0,3,1,10,10,10,2,5,5,3,5,3,3,3,15,1,14,12,3,14,12,0,0,6800,0,0,0,2,0,0,0,0,0,0,38,45,2,3,2,3,3000,0,0
1,0,5,1,ka0t9y1t,54,2,4,2,0,4,1,5,4,5,4,4,4,4,4,2,2,2,1,2,14,12,7,12,12,0,0,9800,0,0,0,2,0,0,0,0,0,0,0,0,0,0,0,0,0,0,0
1,0,5,1,ka0t9y1t,54,2,4,2,0,4,1,5,4,5,4,4,4,4,4,2,2,2,2,2,15,12,11,15,12,1,0,9500,0,0,0,3,0,0,0,0,0,0,2,2,0,0,0,0,200,0,0
1,0,5,1,ka0t9y1t,54,2,4,2,0,4,1,5,4,5,4,4,4,4,4,2,2,2,3,1,12,10,12,15,12,0,0,9300,0,-2,-2,0,0,0,0,0,0,0,2,5,0,0,0,0,500,0,0
1,0,5,1,ka0t9y1t,54,2,4,2,0,4,1,5,4,5,4,4,4,4,4,2,2,2,4,1,11,11,10,14,12,0,0,9300,0,-1,-1,-1,0,0,0,0,0,0,5,5,0,0,0,0,700,0,0
1,0,5,1,ka0t9y1t,54,2,4,2,0,4,1,5,4,5,4,4,4,4,4,2,2,2,5,2,13,12,9,15,11,0,0,9300,0,0,0,1,0,0,0,0,0,0,5,4,0,0,0,0,700,0,0
1,0,5,1,ka0t9y1t,54,2,4,2,0,4,1,5,4,5,4,4,4,4,4,2,2,2,6,2,18,12,12,17,15,0,0,8400,0,0,0,6,3,3,1,0,0,0,4,5,0,0,3,1,700,0,0
1,0,5,1,ka0t9y1t,54,2,4,2,0,4,1,5,4,5,4,4,4,4,4,2,2,2,7,1,15,11,4,16,12,1,0,8000,0,-1,-0.333333333333333,3,0,3,1,3,3,1,5,11,0,0,3,2,1600,0,0
1,0,5,1,ka0t9y1t,54,2,4,2,0,4,1,5,4,5,4,4,4,4,4,2,2,2,8,1,17,13,7,15,12,0,0,7600,1,1,0.2,5,0,3,1,0,3,1,11,14,3,1,3,3,2000,1,0
1,0,5,1,ka0t9y1t,54,2,4,2,0,4,1,5,4,5,4,4,4,4,4,2,2,2,9,1,12,10,6,18,12,0,0,7400,0,-2,-2,0,0,3,1,0,3,1,14,19,3,2,3,4,2400,0,0
1,0,5,1,ka0t9y1t,54,2,4,2,0,4,1,5,4,5,4,4,4,4,4,2,2,2,10,2,16,12,9,19,19,0,0,6300,0,0,0,4,7,7,1,0,3,1,19,19,3,3,10,5,2600,0,0
1,0,5,1,ka0t9y1t,54,2,4,2,0,4,1,5,4,5,4,4,4,4,4,2,2,2,11,1,20,12,4,18,12,0,0,5500,0,0,0,8,0,7,1,7,7,1,19,23,3,4,10,6,3700,0,0
1,0,5,1,ka0t9y1t,54,2,4,2,0,4,1,5,4,5,4,4,4,4,4,2,2,2,12,2,13,10,11,17,11,0,0,5500,0,-2,-2,1,0,0,0,0,7,1,23,31,10,5,10,6,4500,0,0
1,0,5,1,ka0t9y1t,54,2,4,2,0,4,1,5,4,5,4,4,4,4,4,2,2,2,13,1,18,12,12,16,12,1,0,4900,0,0,0,6,0,0,0,0,0,0,31,32,10,6,10,6,4500,0,0
1,0,5,1,ka0t9y1t,54,2,4,2,0,4,1,5,4,5,4,4,4,4,4,2,2,2,14,1,14,12,3,12,12,0,0,4700,0,0,0,2,0,0,0,0,0,0,32,38,10,6,10,6,5100,1,0
1,0,5,1,ka0t9y1t,54,2,4,2,0,4,1,5,4,5,4,4,4,4,4,2,2,2,15,1,19,14,10,14,12,0,0,4200,1,2,0.285714285714286,7,0,0,0,0,0,0,38,40,10,6,10,6,5300,0,0
1,0,5,1,rdtn9zl8,47,1,3,1,0,2,2,5,5,6,2,4,5,4,5,2,2,2,1,2,11,10,8,14,14,0,0,9900,0,-2,-2,-1,2,2,1,0,0,0,0,0,0,0,0,0,0,0,0
1,0,5,1,rdtn9zl8,47,1,3,1,0,2,2,5,5,6,2,4,5,4,5,2,2,2,2,2,15,12,1,13,10,0,0,9800,0,0,0,3,0,0,0,2,2,1,-1,-1,2,1,2,1,100,0,0
1,0,5,1,rdtn9zl8,47,1,3,1,0,2,2,5,5,6,2,4,5,4,5,2,2,2,3,1,14,14,9,12,12,0,0,9800,1,2,1,2,0,0,0,0,0,0,-1,2,2,1,2,1,200,0,0
1,0,5,1,rdtn9zl8,47,1,3,1,0,2,2,5,5,6,2,4,5,4,5,2,2,2,4,1,13,13,5,11,12,0,0,9800,1,1,1,1,0,0,0,0,0,0,2,4,2,1,2,1,200,0,0
1,0,5,1,rdtn9zl8,47,1,3,1,0,2,2,5,5,6,2,4,5,4,5,2,2,2,5,1,12,12,10,11,12,0,0,9800,0,0,0,0,0,0,0,0,0,0,4,5,2,1,2,1,200,0,0
1,0,5,1,rdtn9zl8,47,1,3,1,0,2,2,5,5,6,2,4,5,4,5,2,2,2,6,2,13,12,4,18,18,0,0,9100,0,0,0,1,6,6,1,0,0,0,5,5,2,1,8,2,200,0,0
1,0,5,1,rdtn9zl8,47,1,3,1,0,2,2,5,5,6,2,4,5,4,5,2,2,2,7,1,12,8,2,18,12,1,0,8700,0,-4,-4,0,0,6,1,6,6,1,5,6,2,1,8,3,900,0,0
1,0,5,1,rdtn9zl8,47,1,3,1,0,2,2,5,5,6,2,4,5,4,5,2,2,2,8,1,17,12,9,15,12,1,0,8200,0,0,0,5,0,6,1,0,6,1,6,6,8,2,8,4,1300,1,0
1,0,5,1,rdtn9zl8,47,1,3,1,0,2,2,5,5,6,2,4,5,4,5,2,2,2,9,2,18,18,5,12,10,0,0,7800,1,6,1,6,0,0,0,0,6,1,6,11,8,3,8,4,1800,1,0
1,0,5,1,rdtn9zl8,47,1,3,1,0,2,2,5,5,6,2,4,5,4,5,2,2,2,10,1,16,12,2,14,12,0,0,7400,0,0,0,4,0,0,0,0,0,0,11,17,8,4,8,4,2200,0,0
1,0,5,1,rdtn9zl8,47,1,3,1,0,2,2,5,5,6,2,4,5,4,5,2,2,2,11,1,20,16,9,12,12,1,200,6800,1,4,0.5,8,0,0,0,0,0,0,17,21,8,4,8,4,2600,0,0
1,0,5,1,rdtn9zl8,47,1,3,1,0,2,2,5,5,6,2,4,5,4,5,2,2,2,12,2,15,12,7,14,14,1,0,6300,0,0,0,3,2,2,1,0,0,0,21,29,8,4,10,5,3200,1,1
1,0,5,1,rdtn9zl8,47,1,3,1,0,2,2,5,5,6,2,4,5,4,5,2,2,2,13,1,18,12,4,15,12,0,0,5700,0,0,0,6,0,2,1,2,2,1,29,32,8,4,10,6,3700,1,0
1,0,5,1,rdtn9zl8,47,1,3,1,0,2,2,5,5,6,2,4,5,4,5,2,2,2,14,2,14,14,8,15,13,0,0,5400,1,2,1,2,1,1,1,0,2,1,32,38,10,5,11,7,4300,0,0
1,0,5,1,rdtn9zl8,47,1,3,1,0,2,2,5,5,6,2,4,5,4,5,2,2,2,15,2,19,12,12,18,15,0,0,4400,0,0,0,7,3,3,1,1,1,1,38,40,10,6,14,8,4600,0,0
1,0,5,1,1cuymmqm,72,2,3,1,1,3,1,7,10,10,4,1,4,4,4,3,3,3,1,1,12,12,5,14,12,0,0,10000,0,0,0,0,0,0,0,0,0,0,0,0,0,0,0,0,0,0,0
1,0,5,1,1cuymmqm,72,2,3,1,1,3,1,7,10,10,4,1,4,4,4,3,3,3,2,2,13,12,8,12,12,0,0,9900,0,0,0,1,0,0,0,0,0,0,0,0,0,0,0,0,0,0,0
1,0,5,1,1cuymmqm,72,2,3,1,1,3,1,7,10,10,4,1,4,4,4,3,3,3,3,1,14,14,2,12,12,0,0,9900,1,2,1,2,0,0,0,0,0,0,0,1,0,0,0,0,100,0,0
1,0,5,1,1cuymmqm,72,2,3,1,1,3,1,7,10,10,4,1,4,4,4,3,3,3,4,2,11,11,12,11,10,0,0,9900,0,-1,-1,-1,0,0,0,0,0,0,1,3,0,0,0,0,100,0,0
1,0,5,1,1cuymmqm,72,2,3,1,1,3,1,7,10,10,4,1,4,4,4,3,3,3,5,2,15,15,11,12,14,1,0,9400,1,3,1,3,2,2,1,0,0,0,3,2,0,0,2,1,100,0,0
1,0,5,1,1cuymmqm,72,2,3,1,1,3,1,7,10,10,4,1,4,4,4,3,3,3,6,1,13,13,11,14,12,0,0,9400,1,1,1,1,0,2,1,2,2,1,2,5,0,0,2,2,600,1,0
1,0,5,1,1cuymmqm,72,2,3,1,1,3,1,7,10,10,4,1,4,4,4,3,3,3,7,2,17,17,1,20,20,0,0,8100,1,5,1,5,8,8,1,0,2,1,5,6,2,1,10,3,600,0,0
1,0,5,1,1cuymmqm,72,2,3,1,1,3,1,7,10,10,4,1,4,4,4,3,3,3,8,2,15,15,5,17,13,1,0,7700,1,3,1,3,1,1,1,8,8,1,6,11,2,2,11,4,1900,0,0
1,0,5,1,1cuymmqm,72,2,3,1,1,3,1,7,10,10,4,1,4,4,4,3,3,3,9,1,18,18,12,14,12,0,0,7700,1,6,1,6,0,1,1,1,1,1,11,14,10,3,11,5,2300,1,0
1,0,5,1,1cuymmqm,72,2,3,1,1,3,1,7,10,10,4,1,4,4,4,3,3,3,10,2,19,19,11,19,16,0,0,6600,1,7,1,7,4,4,1,0,1,1,14,20,11,4,15,6,2300,0,0
1,0,5,1,1cuymmqm,72,2,3,1,1,3,1,7,10,10,4,1,4,4,4,3,3,3,11,2,12,12,2,17,12,0,0,6600,0,0,0,0,0,0,0,4,4,1,20,27,11,5,15,6,3400,0,0
1,0,5,1,1cuymmqm,72,2,3,1,1,3,1,7,10,10,4,1,4,4,4,3,3,3,12,1,14,14,6,15,12,0,0,6600,1,2,1,2,0,0,0,0,0,0,27,27,15,6,15,6,3400,0,0
1,0,5,1,1cuymmqm,72,2,3,1,1,3,1,7,10,10,4,1,4,4,4,3,3,3,13,2,20,20,1,15,15,0,0,5500,1,8,1,8,3,3,1,0,0,0,27,29,15,6,18,7,3400,0,0
1,0,5,1,1cuymmqm,72,2,3,1,1,3,1,7,10,10,4,1,4,4,4,3,3,3,14,1,18,18,2,13,12,0,0,5500,1,6,1,6,0,3,1,3,3,1,29,37,15,6,18,8,4500,0,0
1,0,5,1,1cuymmqm,72,2,3,1,1,3,1,7,10,10,4,1,4,4,4,3,3,3,15,1,16,16,11,12,12,1,200,5300,1,4,1,4,0,3,1,0,3,1,37,43,18,7,18,9,4500,0,0
1,0,5,1,ebsit5jl,65,2,3,1,0,1,2,4,10,7,3,2,4,4,4,2,3,3,1,1,14,14,6,11,12,0,0,10000,1,2,1,2,0,0,0,0,0,0,0,0,0,0,0,0,0,0,0
1,0,5,1,ebsit5jl,65,2,3,1,0,1,2,4,10,7,3,2,4,4,4,2,3,3,2,1,12,12,7,13,12,1,0,10000,0,0,0,0,0,0,0,0,0,0,2,2,0,0,0,0,0,0,0
1,0,5,1,ebsit5jl,65,2,3,1,0,1,2,4,10,7,3,2,4,4,4,2,3,3,3,2,13,13,4,15,12,0,0,9900,1,1,1,1,0,0,0,0,0,0,2,2,0,0,0,0,0,0,0
1,0,5,1,ebsit5jl,65,2,3,1,0,1,2,4,10,7,3,2,4,4,4,2,3,3,4,2,11,12,2,15,15,0,0,9700,0,0,0,-1,3,3,1,0,0,0,2,3,0,0,3,1,100,0,0
1,0,5,1,ebsit5jl,65,2,3,1,0,1,2,4,10,7,3,2,4,4,4,2,3,3,5,1,15,12,13,12,12,0,0,9400,0,0,0,3,0,3,1,3,3,1,3,2,0,0,3,2,300,0,0
1,0,5,1,ebsit5jl,65,2,3,1,0,1,2,4,10,7,3,2,4,4,4,2,3,3,6,1,20,13,9,14,12,1,50,8650,1,1,0.125,8,0,3,1,0,3,1,2,5,3,1,3,3,600,0,0
1,0,5,1,ebsit5jl,65,2,3,1,0,1,2,4,10,7,3,2,4,4,4,2,3,3,7,2,12,12,12,13,8,0,0,8650,0,0,0,0,0,0,0,0,3,1,5,13,3,2,3,3,1350,1,1
1,0,5,1,ebsit5jl,65,2,3,1,0,1,2,4,10,7,3,2,4,4,4,2,3,3,8,2,17,12,9,15,15,0,0,7850,0,0,0,5,3,3,1,0,0,0,13,13,3,3,6,4,1350,0,0
1,0,5,1,ebsit5jl,65,2,3,1,0,1,2,4,10,7,3,2,4,4,4,2,3,3,9,1,18,11,11,20,12,1,0,7150,0,-1,-0.166666666666667,6,0,3,1,3,3,1,13,18,3,3,6,5,2150,0,0
1,0,5,1,ebsit5jl,65,2,3,1,0,1,2,4,10,7,3,2,4,4,4,2,3,3,10,2,13,12,1,12,13,0,0,6950,0,0,0,1,1,1,1,0,3,1,18,24,6,4,7,6,2850,1,0
1,0,5,1,ebsit5jl,65,2,3,1,0,1,2,4,10,7,3,2,4,4,4,2,3,3,11,1,18,13,4,18,12,0,0,6450,1,1,0.166666666666667,6,0,1,1,1,1,1,24,25,6,5,7,7,3050,0,0
1,0,5,1,ebsit5jl,65,2,3,1,0,1,2,4,10,7,3,2,4,4,4,2,3,3,12,2,19,12,1,16,16,1,0,5350,0,0,0,7,4,4,1,0,1,1,25,31,7,6,11,8,3550,0,0
1,0,5,1,ebsit5jl,65,2,3,1,0,1,2,4,10,7,3,2,4,4,4,2,3,3,13,1,14,12,9,16,12,1,0,5150,0,0,0,2,0,4,1,4,4,1,31,38,7,7,11,9,4650,1,0
1,0,5,1,ebsit5jl,65,2,3,1,0,1,2,4,10,7,3,2,4,4,4,2,3,3,14,1,15,13,6,14,12,1,50,4900,1,1,0.333333333333333,3,0,4,1,0,4,1,38,40,11,8,11,10,4850,1,0
1,0,5,1,ebsit5jl,65,2,3,1,0,1,2,4,10,7,3,2,4,4,4,2,3,3,15,1,16,14,2,16,12,0,0,4700,1,2,0.5,4,0,4,1,0,4,1,40,43,11,9,11,11,5100,1,1
1,0,5,1,jfxcgvek,69,2,3,1,0,1,2,4,2,6,1,2,4,3,1,2,1,2,1,1,11,11,13,15,12,1,0,10000,0,-1,-1,-1,0,0,0,0,0,0,0,0,0,0,0,0,0,0,0
1,0,5,1,jfxcgvek,69,2,3,1,0,1,2,4,2,6,1,2,4,3,1,2,1,2,2,1,13,11,10,15,12,1,0,9800,0,-1,-1,1,0,0,0,0,0,0,-1,-1,0,0,0,0,0,0,0
1,0,5,1,jfxcgvek,69,2,3,1,0,1,2,4,2,6,1,2,4,3,1,2,1,2,3,2,12,11,6,14,14,0,0,9600,0,-1,-1,0,2,2,1,0,0,0,-1,0,0,0,2,1,200,0,0
1,0,5,1,jfxcgvek,69,2,3,1,0,1,2,4,2,6,1,2,4,3,1,2,1,2,4,2,14,11,11,14,12,0,0,9400,0,-1,-0.5,2,0,0,0,2,2,1,0,0,0,0,2,1,400,0,0
1,0,5,1,jfxcgvek,69,2,3,1,0,1,2,4,2,6,1,2,4,3,1,2,1,2,5,1,15,11,5,13,12,0,0,9000,0,-1,-0.333333333333333,3,0,0,0,0,0,0,0,2,2,1,2,1,600,0,0
1,0,5,1,jfxcgvek,69,2,3,1,0,1,2,4,2,6,1,2,4,3,1,2,1,2,6,2,14,11,8,20,13,0,0,8700,0,-1,-0.5,2,1,1,1,0,0,0,2,5,2,1,3,2,1000,0,0
1,0,5,1,jfxcgvek,69,2,3,1,0,1,2,4,2,6,1,2,4,3,1,2,1,2,7,1,17,12,13,15,12,0,0,8200,0,0,0,5,0,1,1,1,1,1,5,7,2,1,3,3,1300,0,0
1,0,5,1,jfxcgvek,69,2,3,1,0,1,2,4,2,6,1,2,4,3,1,2,1,2,8,2,15,15,6,17,12,0,0,7900,1,3,1,3,0,0,0,0,1,1,7,12,3,2,3,3,1800,0,0
1,0,5,1,jfxcgvek,69,2,3,1,0,1,2,4,2,6,1,2,4,3,1,2,1,2,9,2,18,18,4,20,20,0,0,6500,1,6,1,6,8,8,1,0,0,0,12,15,3,3,11,4,2100,0,0
1,0,5,1,jfxcgvek,69,2,3,1,0,1,2,4,2,6,1,2,4,3,1,2,1,2,10,1,19,19,5,16,12,0,0,6500,1,7,1,7,0,8,1,8,8,1,15,21,3,3,11,5,3500,0,0
1,0,5,1,jfxcgvek,69,2,3,1,0,1,2,4,2,6,1,2,4,3,1,2,1,2,11,2,12,14,6,20,16,0,0,6100,1,2,2,0,4,4,1,0,8,1,21,28,11,4,15,6,3500,0,0
1,0,5,1,jfxcgvek,69,2,3,1,0,1,2,4,2,6,1,2,4,3,1,2,1,2,12,1,13,13,2,18,12,0,0,6100,1,1,1,1,0,4,1,4,4,1,28,28,11,5,15,7,3900,0,0
1,0,5,1,jfxcgvek,69,2,3,1,0,1,2,4,2,6,1,2,4,3,1,2,1,2,13,2,16,16,8,14,12,0,0,5700,1,4,1,4,0,0,0,0,4,1,28,29,15,6,15,7,3900,0,0
1,0,5,1,jfxcgvek,69,2,3,1,0,1,2,4,2,6,1,2,4,3,1,2,1,2,14,1,18,17,11,18,12,0,0,5600,1,5,0.833333333333333,6,0,0,0,0,0,0,29,33,15,7,15,7,4300,0,0
1,0,5,1,jfxcgvek,69,2,3,1,0,1,2,4,2,6,1,2,4,3,1,2,1,2,15,1,20,18,10,14,12,0,0,5400,1,6,0.75,8,0,0,0,0,0,0,33,39,15,7,15,7,4400,0,0
1,0,5,1,j6nvsjra,56,2,4,2,0,1,2,10,10,10,4,4,2,1,4,3,3,3,1,2,13,10,11,11,12,0,0,9900,0,-2,-2,1,0,0,0,0,0,0,0,0,0,0,0,0,0,0,0
1,0,5,1,j6nvsjra,56,2,4,2,0,1,2,10,10,10,4,4,2,1,4,3,3,3,2,2,15,15,9,13,11,0,0,9700,1,3,1,3,0,0,0,0,0,0,1,1,0,0,0,0,100,0,0
1,0,5,1,j6nvsjra,56,2,4,2,0,1,2,10,10,10,4,4,2,1,4,3,3,3,3,1,12,13,13,11,12,0,0,9700,1,1,1,0,0,0,0,0,0,0,1,4,0,0,0,0,300,0,0
1,0,5,1,j6nvsjra,56,2,4,2,0,1,2,10,10,10,4,4,2,1,4,3,3,3,4,2,14,13,5,11,11,0,0,9600,1,1,0.5,2,0,0,0,0,0,0,4,4,0,0,0,0,300,0,0
1,0,5,1,j6nvsjra,56,2,4,2,0,1,2,10,10,10,4,4,2,1,4,3,3,3,5,2,11,11,6,12,12,1,0,9600,0,-1,-1,-1,0,0,0,0,0,0,4,6,0,0,0,0,400,0,0
1,0,5,1,j6nvsjra,56,2,4,2,0,1,2,10,10,10,4,4,2,1,4,3,3,3,6,2,19,12,13,19,11,0,0,9000,0,0,0,7,0,0,0,0,0,0,6,5,0,0,0,0,400,1,0
1,0,5,1,j6nvsjra,56,2,4,2,0,1,2,10,10,10,4,4,2,1,4,3,3,3,7,2,18,18,11,16,24,0,0,7200,1,6,1,6,12,12,1,0,0,0,5,12,0,0,12,1,1000,0,0
1,0,5,1,j6nvsjra,56,2,4,2,0,1,2,10,10,10,4,4,2,1,4,3,3,3,8,1,13,12,2,12,12,0,0,7100,0,0,0,1,0,12,1,12,12,1,12,18,0,0,12,2,2800,0,0
1,0,5,1,j6nvsjra,56,2,4,2,0,1,2,10,10,10,4,4,2,1,4,3,3,3,9,2,15,15,13,16,16,0,0,6400,1,3,1,3,4,4,1,0,12,1,18,19,12,1,16,3,2900,0,0
1,0,5,1,j6nvsjra,56,2,4,2,0,1,2,10,10,10,4,4,2,1,4,3,3,3,10,2,20,12,4,12,10,0,0,5800,0,0,0,8,0,0,0,4,4,1,19,22,12,2,16,3,3600,0,0
1,0,5,1,j6nvsjra,56,2,4,2,0,1,2,10,10,10,4,4,2,1,4,3,3,3,11,1,12,12,1,17,12,0,0,5800,0,0,0,0,0,0,0,0,0,0,22,30,16,3,16,3,4200,0,0
1,0,5,1,j6nvsjra,56,2,4,2,0,1,2,10,10,10,4,4,2,1,4,3,3,3,12,2,16,16,11,17,11,1,0,5500,1,4,1,4,0,0,0,0,0,0,30,30,16,3,16,3,4200,0,0
1,0,5,1,j6nvsjra,56,2,4,2,0,1,2,10,10,10,4,4,2,1,4,3,3,3,13,1,17,12,3,20,12,0,0,5000,0,0,0,5,0,0,0,0,0,0,30,34,16,3,16,3,4500,1,0
1,0,5,1,j6nvsjra,56,2,4,2,0,1,2,10,10,10,4,4,2,1,4,3,3,3,14,2,18,18,12,15,15,0,0,4100,1,6,1,6,3,3,1,0,0,0,34,39,16,3,19,4,5000,0,0
1,0,5,1,j6nvsjra,56,2,4,2,0,1,2,10,10,10,4,4,2,1,4,3,3,3,15,2,14,10,9,20,18,0,0,3300,0,-2,-1,2,6,6,1,3,3,1,39,45,16,3,25,5,5900,0,0
1,0,5,1,a486eybz,64,2,1,1,0,1,2,9,2,9,2,5,1,2,1,3,1,3,1,2,11,12,12,14,8,1,0,10000,0,0,0,-1,0,0,0,0,0,0,0,0,0,0,0,0,0,0,0
1,0,5,1,a486eybz,64,2,1,1,0,1,2,9,2,9,2,5,1,2,1,3,1,3,2,1,15,12,5,15,12,0,0,9700,0,0,0,3,0,0,0,0,0,0,-1,-1,0,0,0,0,0,0,0
1,0,5,1,a486eybz,64,2,1,1,0,1,2,9,2,9,2,5,1,2,1,3,1,3,3,2,13,10,13,11,11,0,0,9700,0,-2,-2,1,0,0,0,0,0,0,-1,2,0,0,0,0,300,0,0
1,0,5,1,a486eybz,64,2,1,1,0,1,2,9,2,9,2,5,1,2,1,3,1,3,4,1,14,12,9,14,12,1,0,9500,0,0,0,2,0,0,0,0,0,0,2,3,0,0,0,0,300,0,0
1,0,5,1,a486eybz,64,2,1,1,0,1,2,9,2,9,2,5,1,2,1,3,1,3,5,1,12,14,7,15,12,0,0,9500,1,2,2,0,0,0,0,0,0,0,3,5,0,0,0,0,500,1,0
1,0,5,1,a486eybz,64,2,1,1,0,1,2,9,2,9,2,5,1,2,1,3,1,3,6,2,14,18,7,13,13,0,0,9200,1,6,3,2,1,1,1,0,0,0,5,5,0,0,1,1,500,0,0
1,0,5,1,a486eybz,64,2,1,1,0,1,2,9,2,9,2,5,1,2,1,3,1,3,7,1,16,24,10,18,12,0,0,9200,1,12,3,4,0,1,1,1,1,1,5,7,0,0,1,2,800,0,0
1,0,5,1,a486eybz,64,2,1,1,0,1,2,9,2,9,2,5,1,2,1,3,1,3,8,2,18,12,12,12,12,1,0,8600,0,0,0,6,0,0,0,0,1,1,7,11,1,1,1,2,800,0,0
1,0,5,1,a486eybz,64,2,1,1,0,1,2,9,2,9,2,5,1,2,1,3,1,3,9,2,20,12,8,18,11,0,0,7900,0,0,0,8,0,0,0,0,0,0,11,17,1,2,1,2,1400,1,0
1,0,5,1,a486eybz,64,2,1,1,0,1,2,9,2,9,2,5,1,2,1,3,1,3,10,1,19,16,7,19,12,0,0,7600,1,4,0.571428571428571,7,0,0,0,0,0,0,17,25,1,2,1,2,2100,0,0
1,0,5,1,a486eybz,64,2,1,1,0,1,2,9,2,9,2,5,1,2,1,3,1,3,11,2,13,14,12,19,15,0,0,7200,1,2,2,1,3,3,1,0,0,0,25,32,1,2,4,3,2400,0,0
1,0,5,1,a486eybz,64,2,1,1,0,1,2,9,2,9,2,5,1,2,1,3,1,3,12,1,17,11,5,13,12,0,0,6600,0,-1,-0.2,5,0,3,1,3,3,1,32,33,1,2,4,4,2800,0,0
1,0,5,1,a486eybz,64,2,1,1,0,1,2,9,2,9,2,5,1,2,1,3,1,3,13,2,15,14,6,18,12,0,0,6300,1,2,0.666666666666667,3,0,0,0,0,3,1,33,38,4,3,4,4,3400,0,0
1,0,5,1,a486eybz,64,2,1,1,0,1,2,9,2,9,2,5,1,2,1,3,1,3,14,2,18,13,9,18,17,1,0,5200,1,1,0.166666666666667,6,5,5,1,0,0,0,38,41,4,4,9,5,3700,0,0
1,0,5,1,a486eybz,64,2,1,1,0,1,2,9,2,9,2,5,1,2,1,3,1,3,15,2,12,15,7,16,16,0,0,4800,1,3,3,0,4,4,1,5,5,1,41,47,4,4,13,6,4800,1,0
1,0,5,1,5zgox8sw,73,2,2,1,0,3,1,1,1,1,2,2,2,2,4,1,1,1,1,1,14,8,11,11,12,0,0,9400,0,-4,-2,2,0,0,0,0,0,0,0,0,0,0,0,0,0,0,0
1,0,5,1,5zgox8sw,73,2,2,1,0,3,1,1,1,1,2,2,2,2,4,1,1,1,2,2,13,8,3,12,12,0,0,9300,0,-4,-4,1,0,0,0,0,0,0,2,2,0,0,0,0,600,0,0
1,0,5,1,5zgox8sw,73,2,2,1,0,3,1,1,1,1,2,2,2,2,4,1,1,1,3,2,15,10,5,12,10,0,0,9200,0,-2,-0.666666666666667,3,0,0,0,0,0,0,2,3,0,0,0,0,700,0,0
1,0,5,1,5zgox8sw,73,2,2,1,0,3,1,1,1,1,2,2,2,2,4,1,1,1,4,1,11,10,7,11,12,0,0,9100,0,-2,-2,-1,0,0,0,0,0,0,3,6,0,0,0,0,800,0,0
1,0,5,1,5zgox8sw,73,2,2,1,0,3,1,1,1,1,2,2,2,2,4,1,1,1,5,2,12,8,4,14,13,0,0,9000,0,-4,-4,0,1,1,1,0,0,0,6,5,0,0,1,1,900,0,0
1,0,5,1,5zgox8sw,73,2,2,1,0,3,1,1,1,1,2,2,2,2,4,1,1,1,6,1,17,15,5,18,12,0,0,8800,1,3,0.6,5,0,1,1,1,1,1,5,5,0,0,1,2,1000,0,0
1,0,5,1,5zgox8sw,73,2,2,1,0,3,1,1,1,1,2,2,2,2,4,1,1,1,7,1,13,8,8,12,12,0,0,8300,0,-4,-4,1,0,1,1,0,1,1,5,10,1,1,1,3,1200,0,0
1,0,5,1,5zgox8sw,73,2,2,1,0,3,1,1,1,1,2,2,2,2,4,1,1,1,8,1,12,12,11,18,12,0,0,8300,0,0,0,0,0,1,1,0,1,1,10,11,1,2,1,4,1700,0,0
1,0,5,1,5zgox8sw,73,2,2,1,0,3,1,1,1,1,2,2,2,2,4,1,1,1,9,2,14,15,7,18,18,1,0,7500,1,3,1.5,2,6,6,1,0,1,1,11,11,1,3,7,5,1700,0,0
1,0,5,1,5zgox8sw,73,2,2,1,0,3,1,1,1,1,2,2,2,2,4,1,1,1,10,1,20,15,7,19,12,0,0,7000,1,3,0.375,8,0,6,1,6,6,1,11,13,1,4,7,6,2500,1,0
1,0,5,1,5zgox8sw,73,2,2,1,0,3,1,1,1,1,2,2,2,2,4,1,1,1,11,1,19,15,11,13,12,0,0,6600,1,3,0.428571428571429,7,0,6,1,0,6,1,13,21,7,5,7,7,3000,0,0
1,0,5,1,5zgox8sw,73,2,2,1,0,3,1,1,1,1,2,2,2,2,4,1,1,1,12,2,18,12,13,17,20,1,0,5200,0,0,0,6,8,8,1,0,6,1,21,28,7,6,15,8,3400,0,0
1,0,5,1,5zgox8sw,73,2,2,1,0,3,1,1,1,1,2,2,2,2,4,1,1,1,13,2,16,12,5,18,12,0,0,4800,0,0,0,4,0,0,0,8,8,1,28,34,7,7,15,8,4800,1,0
1,0,5,1,5zgox8sw,73,2,2,1,0,3,1,1,1,1,2,2,2,2,4,1,1,1,14,1,15,15,10,18,12,0,0,4800,1,3,1,3,0,0,0,0,0,0,34,38,15,8,15,8,5200,0,0
1,0,5,1,5zgox8sw,73,2,2,1,0,3,1,1,1,1,2,2,2,2,4,1,1,1,15,1,18,15,6,19,12,0,0,4500,1,3,0.5,6,0,0,0,0,0,0,38,41,15,8,15,8,5200,0,0
1,0,5,1,kom2ljz6,60,2,3,1,0,2,2,10,9,10,5,3,4,1,2,3,3,3,1,2,15,10,9,11,11,0,0,9800,0,-2,-0.666666666666667,3,0,0,0,0,0,0,0,0,0,0,0,0,0,0,0
1,0,5,1,kom2ljz6,60,2,3,1,0,2,2,10,9,10,5,3,4,1,2,3,3,3,2,1,14,12,2,13,12,0,0,9600,0,0,0,2,0,0,0,0,0,0,3,3,0,0,0,0,200,0,0
1,0,5,1,kom2ljz6,60,2,3,1,0,2,2,10,9,10,5,3,4,1,2,3,3,3,3,1,11,11,11,13,12,1,0,9600,0,-1,-1,-1,0,0,0,0,0,0,3,5,0,0,0,0,400,0,0
1,0,5,1,kom2ljz6,60,2,3,1,0,2,2,10,9,10,5,3,4,1,2,3,3,3,4,2,13,12,1,14,12,0,0,9500,0,0,0,1,0,0,0,0,0,0,5,4,0,0,0,0,400,1,0
1,0,5,1,kom2ljz6,60,2,3,1,0,2,2,10,9,10,5,3,4,1,2,3,3,3,5,1,12,12,3,14,12,0,0,9500,0,0,0,0,0,0,0,0,0,0,4,5,0,0,0,0,500,0,0
1,0,5,1,kom2ljz6,60,2,3,1,0,2,2,10,9,10,5,3,4,1,2,3,3,3,6,1,19,11,10,19,12,0,0,8700,0,-1,-0.142857142857143,7,0,0,0,0,0,0,5,5,0,0,0,0,500,0,0
1,0,5,1,kom2ljz6,60,2,3,1,0,2,2,10,9,10,5,3,4,1,2,3,3,3,7,2,15,17,9,17,12,0,0,8400,1,5,1.66666666666667,3,0,0,0,0,0,0,5,12,0,0,0,0,1300,0,0
1,0,5,1,kom2ljz6,60,2,3,1,0,2,2,10,9,10,5,3,4,1,2,3,3,3,8,1,20,15,3,16,12,0,0,7900,1,3,0.375,8,0,0,0,0,0,0,12,15,0,0,0,0,1600,0,0
1,0,5,1,kom2ljz6,60,2,3,1,0,2,2,10,9,10,5,3,4,1,2,3,3,3,9,1,16,16,10,15,12,0,0,7900,1,4,1,4,0,0,0,0,0,0,15,23,0,0,0,0,2100,0,0
1,0,5,1,kom2ljz6,60,2,3,1,0,2,2,10,9,10,5,3,4,1,2,3,3,3,10,2,13,13,3,13,12,1,0,7800,1,1,1,1,0,0,0,0,0,0,23,27,0,0,0,0,2100,0,0
1,0,5,1,kom2ljz6,60,2,3,1,0,2,2,10,9,10,5,3,4,1,2,3,3,3,11,2,12,16,3,15,15,0,0,7500,1,4,4,0,3,3,1,0,0,0,27,28,0,0,3,1,2200,1,0
1,0,5,1,kom2ljz6,60,2,3,1,0,2,2,10,9,10,5,3,4,1,2,3,3,3,12,1,17,20,12,18,12,1,400,7100,1,8,1.6,5,0,3,1,3,3,1,28,28,0,0,3,2,2500,0,0
1,0,5,1,kom2ljz6,60,2,3,1,0,2,2,10,9,10,5,3,4,1,2,3,3,3,13,1,14,17,2,19,12,0,0,7100,1,5,2.5,2,0,3,1,0,3,1,28,33,3,1,3,3,2900,1,1
1,0,5,1,kom2ljz6,60,2,3,1,0,2,2,10,9,10,5,3,4,1,2,3,3,3,14,2,18,17,3,12,12,0,0,6500,1,5,0.833333333333333,6,0,0,0,0,3,1,33,35,3,2,3,3,2900,0,0
1,0,5,1,kom2ljz6,60,2,3,1,0,2,2,10,9,10,5,3,4,1,2,3,3,3,15,2,18,17,1,18,18,1,0,5300,1,5,0.833333333333333,6,6,6,1,0,0,0,35,41,3,3,9,4,3500,0,0
1,0,6,0,lpobu2kw,68,2,2,1,0,1,2,10,10,10,3,4,4,4,5,3,3,3,1,1,14,14,2,11,12,0,0,10000,1,2,1,2,0,0,0,0,0,0,0,0,0,0,0,0,0,0,0
1,0,6,0,lpobu2kw,68,2,2,1,0,1,2,10,10,10,3,4,4,4,5,3,3,3,2,2,13,13,4,13,12,0,0,9900,1,1,1,1,0,0,0,0,0,0,2,2,0,0,0,0,0,0,0
1,0,6,0,lpobu2kw,68,2,2,1,0,1,2,10,10,10,3,4,4,4,5,3,3,3,3,1,11,11,4,15,12,0,0,9900,0,-1,-1,-1,0,0,0,0,0,0,2,3,0,0,0,0,100,0,0
1,0,6,0,lpobu2kw,68,2,2,1,0,1,2,10,10,10,3,4,4,4,5,3,3,3,4,1,15,15,7,11,12,0,0,9900,1,3,1,3,0,0,0,0,0,0,3,2,0,0,0,0,100,0,0
1,0,6,0,lpobu2kw,68,2,2,1,0,1,2,10,10,10,3,4,4,4,5,3,3,3,5,2,12,12,4,14,12,0,0,9900,0,0,0,0,0,0,0,0,0,0,2,5,0,0,0,0,100,0,0
1,0,6,0,lpobu2kw,68,2,2,1,0,1,2,10,10,10,3,4,4,4,5,3,3,3,6,1,18,18,3,18,12,0,0,9900,1,6,1,6,0,0,0,0,0,0,5,5,0,0,0,0,100,0,0
1,0,6,0,lpobu2kw,68,2,2,1,0,1,2,10,10,10,3,4,4,4,5,3,3,3,7,1,16,16,5,14,12,0,0,9900,1,4,1,4,0,0,0,0,0,0,5,11,0,0,0,0,100,0,0
1,0,6,0,lpobu2kw,68,2,2,1,0,1,2,10,10,10,3,4,4,4,5,3,3,3,8,2,13,13,6,14,12,1,0,9800,1,1,1,1,0,0,0,0,0,0,11,15,0,0,0,0,100,0,0
1,0,6,0,lpobu2kw,68,2,2,1,0,1,2,10,10,10,3,4,4,4,5,3,3,3,9,1,12,12,5,20,12,0,0,9800,0,0,0,0,0,0,0,0,0,0,15,16,0,0,0,0,200,1,0
1,0,6,0,lpobu2kw,68,2,2,1,0,1,2,10,10,10,3,4,4,4,5,3,3,3,10,2,14,14,3,14,14,0,0,9400,1,2,1,2,2,2,1,0,0,0,16,16,0,0,2,1,200,0,0
1,0,6,0,lpobu2kw,68,2,2,1,0,1,2,10,10,10,3,4,4,4,5,3,3,3,11,1,17,16,3,19,12,1,200,9100,1,4,0.8,5,0,2,1,2,2,1,16,18,0,0,2,2,600,0,0
1,0,6,0,lpobu2kw,68,2,2,1,0,1,2,10,10,10,3,4,4,4,5,3,3,3,12,1,20,20,7,12,12,0,0,9100,1,8,1,8,0,2,1,0,2,1,18,23,2,1,2,3,900,1,1
1,0,6,0,lpobu2kw,68,2,2,1,0,1,2,10,10,10,3,4,4,4,5,3,3,3,13,1,15,15,5,18,12,0,0,9100,1,3,1,3,0,2,1,0,2,1,23,31,2,2,2,4,900,0,0
1,0,6,0,lpobu2kw,68,2,2,1,0,1,2,10,10,10,3,4,4,4,5,3,3,3,14,2,18,18,4,12,12,0,0,8500,1,6,1,6,0,0,0,0,2,1,31,34,2,3,2,4,900,0,0
1,0,6,0,lpobu2kw,68,2,2,1,0,1,2,10,10,10,3,4,4,4,5,3,3,3,15,2,19,19,3,16,12,0,0,7800,1,7,1,7,0,0,0,0,0,0,34,40,2,4,2,4,1500,0,0
1,0,6,0,alyol8ei,57,2,4,2,0,2,2,5,6,10,2,4,4,3,4,2,2,3,1,2,11,1,1,14,14,0,0,9900,0,-11,-11,-1,2,2,1,0,0,0,0,0,0,0,0,0,0,0,0
1,0,6,0,alyol8ei,57,2,4,2,0,2,2,5,6,10,2,4,4,3,4,2,2,3,2,1,13,12,7,13,12,0,0,9800,0,0,0,1,0,2,1,2,2,1,-1,-1,2,1,2,1,100,0,0
1,0,6,0,alyol8ei,57,2,4,2,0,2,2,5,6,10,2,4,4,3,4,2,2,3,3,1,12,12,1,11,12,0,0,9800,0,0,0,0,0,2,1,0,2,1,-1,0,2,1,2,3,200,0,0
1,0,6,0,alyol8ei,57,2,4,2,0,2,2,5,6,10,2,4,4,3,4,2,2,3,4,1,15,12,6,11,12,0,0,9500,0,0,0,3,0,2,1,0,2,1,0,0,2,2,2,4,200,0,0
1,0,6,0,alyol8ei,57,2,4,2,0,2,2,5,6,10,2,4,4,3,4,2,2,3,5,1,14,13,5,14,12,0,0,9400,1,1,0.5,2,0,2,1,0,2,1,0,3,2,3,2,5,500,0,0
1,0,6,0,alyol8ei,57,2,4,2,0,2,2,5,6,10,2,4,4,3,4,2,2,3,6,2,14,12,6,20,12,1,0,9200,0,0,0,2,0,0,0,0,2,1,3,5,2,4,2,5,600,0,0
1,0,6,0,alyol8ei,57,2,4,2,0,2,2,5,6,10,2,4,4,3,4,2,2,3,7,2,20,14,7,19,19,0,0,7700,1,2,0.25,8,7,7,1,0,0,0,5,7,2,5,9,6,800,1,0
1,0,6,0,alyol8ei,57,2,4,2,0,2,2,5,6,10,2,4,4,3,4,2,2,3,8,2,18,14,4,18,12,0,0,7100,1,2,0.333333333333333,6,0,0,0,7,7,1,7,15,2,5,9,6,2300,0,0
1,0,6,0,alyol8ei,57,2,4,2,0,2,2,5,6,10,2,4,4,3,4,2,2,3,9,1,17,14,3,18,12,1,100,6700,1,2,0.4,5,0,0,0,0,0,0,15,21,9,6,9,6,2900,0,0
1,0,6,0,alyol8ei,57,2,4,2,0,2,2,5,6,10,2,4,4,3,4,2,2,3,10,1,18,12,6,15,12,0,0,6100,0,0,0,6,0,0,0,0,0,0,21,26,9,6,9,6,3300,1,1
1,0,6,0,alyol8ei,57,2,4,2,0,2,2,5,6,10,2,4,4,3,4,2,2,3,11,1,15,12,6,18,12,1,0,5800,0,0,0,3,0,0,0,0,0,0,26,32,9,6,9,6,3900,0,0
1,0,6,0,alyol8ei,57,2,4,2,0,2,2,5,6,10,2,4,4,3,4,2,2,3,12,1,16,12,4,18,12,0,0,5400,0,0,0,4,0,0,0,0,0,0,32,35,9,6,9,6,4200,1,0
1,0,6,0,alyol8ei,57,2,4,2,0,2,2,5,6,10,2,4,4,3,4,2,2,3,13,2,13,12,7,16,16,0,0,4900,0,0,0,1,4,4,1,0,0,0,35,39,9,6,13,7,4600,0,0
1,0,6,0,alyol8ei,57,2,4,2,0,2,2,5,6,10,2,4,4,3,4,2,2,3,14,2,19,12,3,17,12,0,0,4200,0,0,0,7,0,0,0,4,4,1,39,40,9,6,13,7,5100,0,0
1,0,6,0,alyol8ei,57,2,4,2,0,2,2,5,6,10,2,4,4,3,4,2,2,3,15,1,12,12,6,12,12,0,0,4200,0,0,0,0,0,0,0,0,0,0,40,47,13,7,13,7,5800,0,0
1,0,6,0,d9a6nw73,71,2,4,2,0,1,2,10,10,10,2,5,2,3,4,3,3,3,1,1,13,13,6,13,12,0,0,10000,1,1,1,1,0,0,0,0,0,0,0,0,0,0,0,0,0,0,0
1,0,6,0,d9a6nw73,71,2,4,2,0,1,2,10,10,10,2,5,2,3,4,3,3,3,2,1,11,11,5,12,12,0,0,10000,0,-1,-1,-1,0,0,0,0,0,0,1,1,0,0,0,0,0,0,0
1,0,6,0,d9a6nw73,71,2,4,2,0,1,2,10,10,10,2,5,2,3,4,3,3,3,3,1,14,14,6,14,12,0,0,10000,1,2,1,2,0,0,0,0,0,0,1,0,0,0,0,0,0,0,0
1,0,6,0,d9a6nw73,71,2,4,2,0,1,2,10,10,10,2,5,2,3,4,3,3,3,4,1,12,2,4,12,12,0,0,9000,0,-10,-10,0,0,0,0,0,0,0,0,2,0,0,0,0,0,0,0
1,0,6,0,d9a6nw73,71,2,4,2,0,1,2,10,10,10,2,5,2,3,4,3,3,3,5,1,15,15,6,12,12,0,0,9000,1,3,1,3,0,0,0,0,0,0,2,2,0,0,0,0,1000,0,0
1,0,6,0,d9a6nw73,71,2,4,2,0,1,2,10,10,10,2,5,2,3,4,3,3,3,6,2,18,18,1,18,18,1,0,7800,1,6,1,6,6,6,1,0,0,0,2,5,0,0,6,1,1000,0,0
1,0,6,0,d9a6nw73,71,2,4,2,0,1,2,10,10,10,2,5,2,3,4,3,3,3,7,2,12,12,6,17,12,0,0,7800,0,0,0,0,0,0,0,6,6,1,5,11,0,0,6,1,2200,1,0
1,0,6,0,d9a6nw73,71,2,4,2,0,1,2,10,10,10,2,5,2,3,4,3,3,3,8,1,15,15,5,16,12,0,0,7800,1,3,1,3,0,0,0,0,0,0,11,11,6,1,6,1,2200,0,0
1,0,6,0,d9a6nw73,71,2,4,2,0,1,2,10,10,10,2,5,2,3,4,3,3,3,9,2,18,12,2,17,14,1,0,7000,0,0,0,6,2,2,1,0,0,0,11,14,6,1,8,2,2200,0,0
1,0,6,0,d9a6nw73,71,2,4,2,0,1,2,10,10,10,2,5,2,3,4,3,3,3,10,1,14,14,1,14,12,1,100,6900,1,2,1,2,0,2,1,2,2,1,14,20,6,1,8,3,3000,1,0
1,0,6,0,d9a6nw73,71,2,4,2,0,1,2,10,10,10,2,5,2,3,4,3,3,3,11,2,19,12,1,17,16,0,0,5800,0,0,0,7,4,4,1,0,2,1,20,22,8,2,12,4,3100,1,1
1,0,6,0,d9a6nw73,71,2,4,2,0,1,2,10,10,10,2,5,2,3,4,3,3,3,12,2,13,12,6,18,12,0,0,5700,0,0,0,1,0,0,0,4,4,1,22,29,8,3,12,4,4200,0,0
1,0,6,0,d9a6nw73,71,2,4,2,0,1,2,10,10,10,2,5,2,3,4,3,3,3,13,1,20,8,5,18,12,0,0,4500,0,-4,-0.5,8,0,0,0,0,0,0,29,30,12,4,12,4,4300,0,0
1,0,6,0,d9a6nw73,71,2,4,2,0,1,2,10,10,10,2,5,2,3,4,3,3,3,14,1,17,12,2,19,12,0,0,4000,0,0,0,5,0,0,0,0,0,0,30,38,12,4,12,4,5500,0,0
1,0,6,0,d9a6nw73,71,2,4,2,0,1,2,10,10,10,2,5,2,3,4,3,3,3,15,1,16,12,1,19,12,0,0,3600,0,0,0,4,0,0,0,0,0,0,38,43,12,4,12,4,6000,0,0
1,0,6,0,zzrhrtmh,70,2,4,2,0,2,2,4,4,4,2,4,1,4,5,2,2,2,1,1,11,11,5,15,12,0,0,10000,0,-1,-1,-1,0,0,0,0,0,0,0,0,0,0,0,0,0,0,0
1,0,6,0,zzrhrtmh,70,2,4,2,0,2,2,4,4,4,2,4,1,4,5,2,2,2,2,1,13,12,1,13,12,0,0,9900,0,0,0,1,0,0,0,0,0,0,-1,-1,0,0,0,0,0,0,0
1,0,6,0,zzrhrtmh,70,2,4,2,0,2,2,4,4,4,2,4,1,4,5,2,2,2,3,2,15,12,1,11,11,0,0,9700,0,0,0,3,0,0,0,0,0,0,-1,0,0,0,0,0,100,0,0
1,0,6,0,zzrhrtmh,70,2,4,2,0,2,2,4,4,4,2,4,1,4,5,2,2,2,4,2,12,12,3,12,2,0,0,9700,0,0,0,0,0,0,0,0,0,0,0,3,0,0,0,0,300,0,0
1,0,6,0,zzrhrtmh,70,2,4,2,0,2,2,4,4,4,2,4,1,4,5,2,2,2,5,2,14,12,7,12,10,0,0,9700,0,0,0,2,0,0,0,0,0,0,3,3,0,0,0,0,300,0,0
1,0,6,0,zzrhrtmh,70,2,4,2,0,2,2,4,4,4,2,4,1,4,5,2,2,2,6,2,20,14,7,13,13,1,0,8800,1,2,0.25,8,1,1,1,0,0,0,3,5,0,0,1,1,300,0,0
1,0,6,0,zzrhrtmh,70,2,4,2,0,2,2,4,4,4,2,4,1,4,5,2,2,2,7,1,16,12,5,14,12,1,0,8400,0,0,0,4,0,1,1,1,1,1,5,13,0,0,1,2,1200,1,0
1,0,6,0,zzrhrtmh,70,2,4,2,0,2,2,4,4,4,2,4,1,4,5,2,2,2,8,1,18,12,7,18,12,0,0,7800,0,0,0,6,0,1,1,0,1,1,13,17,1,1,1,3,1600,1,0
1,0,6,0,zzrhrtmh,70,2,4,2,0,2,2,4,4,4,2,4,1,4,5,2,2,2,9,1,19,14,5,20,12,1,100,7200,1,2,0.285714285714286,7,0,1,1,0,1,1,17,23,1,2,1,4,2200,0,0
1,0,6,0,zzrhrtmh,70,2,4,2,0,2,2,4,4,4,2,4,1,4,5,2,2,2,10,1,17,12,5,12,12,0,0,6700,0,0,0,5,0,1,1,0,1,1,23,30,1,3,1,5,2800,1,1
1,0,6,0,zzrhrtmh,70,2,4,2,0,2,2,4,4,4,2,4,1,4,5,2,2,2,11,2,13,12,7,14,14,0,0,6400,0,0,0,1,2,2,1,0,1,1,30,35,1,4,3,6,3300,0,0
1,0,6,0,zzrhrtmh,70,2,4,2,0,2,2,4,4,4,2,4,1,4,5,2,2,2,12,2,18,12,2,16,12,0,0,5800,0,0,0,6,0,0,0,2,2,1,35,36,1,5,3,6,3600,0,0
1,0,6,0,zzrhrtmh,70,2,4,2,0,2,2,4,4,4,2,4,1,4,5,2,2,2,13,2,15,12,6,13,12,1,0,5500,0,0,0,3,0,0,0,0,0,0,36,42,3,6,3,6,4200,0,0
1,0,6,0,zzrhrtmh,70,2,4,2,0,2,2,4,4,4,2,4,1,4,5,2,2,2,14,1,12,12,1,18,12,0,0,5500,0,0,0,0,0,0,0,0,0,0,42,45,3,6,3,6,4500,1,0
1,0,6,0,zzrhrtmh,70,2,4,2,0,2,2,4,4,4,2,4,1,4,5,2,2,2,15,1,14,12,5,15,12,0,0,5300,0,0,0,2,0,0,0,0,0,0,45,45,3,6,3,6,4500,0,0
1,0,6,0,nlzlfdho,35,1,3,1,1,2,2,10,10,10,5,2,3,4,3,3,3,3,1,2,15,10,4,11,11,0,0,9800,0,-2,-0.666666666666667,3,0,0,0,0,0,0,0,0,0,0,0,0,0,0,0
1,0,6,0,nlzlfdho,35,1,3,1,1,2,2,10,10,10,5,2,3,4,3,3,3,3,2,2,12,12,3,11,11,0,0,9800,0,0,0,0,0,0,0,0,0,0,3,3,0,0,0,0,200,0,0
1,0,6,0,nlzlfdho,35,1,3,1,1,2,2,10,10,10,5,2,3,4,3,3,3,3,3,2,13,11,7,14,13,0,0,9600,0,-1,-1,1,1,1,1,0,0,0,3,3,0,0,1,1,200,0,0
1,0,6,0,nlzlfdho,35,1,3,1,1,2,2,10,10,10,5,2,3,4,3,3,3,3,4,1,11,12,6,11,12,0,0,9600,0,0,0,-1,0,1,1,1,1,1,3,4,0,0,1,2,400,0,0
1,0,6,0,nlzlfdho,35,1,3,1,1,2,2,10,10,10,5,2,3,4,3,3,3,3,5,2,14,13,2,14,13,0,0,9300,1,1,0.5,2,1,1,1,0,1,1,4,3,1,1,2,3,400,0,0
1,0,6,0,nlzlfdho,35,1,3,1,1,2,2,10,10,10,5,2,3,4,3,3,3,3,6,2,18,12,6,20,12,0,0,8700,0,0,0,6,0,0,0,1,1,1,3,5,1,2,2,3,700,0,0
1,0,6,0,nlzlfdho,35,1,3,1,1,2,2,10,10,10,5,2,3,4,3,3,3,3,7,2,14,14,4,16,12,0,0,8500,1,2,1,2,0,0,0,0,0,0,5,11,2,3,2,3,1300,0,0
1,0,6,0,nlzlfdho,35,1,3,1,1,2,2,10,10,10,5,2,3,4,3,3,3,3,8,2,16,15,3,15,15,1,0,7800,1,3,0.75,4,3,3,1,0,0,0,11,13,2,3,5,4,1500,0,0
1,0,6,0,nlzlfdho,35,1,3,1,1,2,2,10,10,10,5,2,3,4,3,3,3,3,9,2,20,12,4,19,14,0,0,6800,0,0,0,8,2,2,1,3,3,1,13,17,2,3,7,5,2200,1,0
1,0,6,0,nlzlfdho,35,1,3,1,1,2,2,10,10,10,5,2,3,4,3,3,3,3,10,2,12,12,7,18,6,0,0,6800,0,0,0,0,0,0,0,2,2,1,17,25,5,4,7,5,3200,0,0
1,0,6,0,nlzlfdho,35,1,3,1,1,2,2,10,10,10,5,2,3,4,3,3,3,3,11,1,17,17,7,14,12,0,0,6800,1,5,1,5,0,0,0,0,0,0,25,25,7,5,7,5,3200,0,0
1,0,6,0,nlzlfdho,35,1,3,1,1,2,2,10,10,10,5,2,3,4,3,3,3,3,12,2,13,13,4,18,12,1,0,6700,1,1,1,1,0,0,0,0,0,0,25,30,7,5,7,5,3200,0,0
1,0,6,0,nlzlfdho,35,1,3,1,1,2,2,10,10,10,5,2,3,4,3,3,3,3,13,2,18,12,3,20,8,1,0,6500,0,0,0,6,0,0,0,0,0,0,30,31,7,5,7,5,3300,1,0
1,0,6,0,nlzlfdho,35,1,3,1,1,2,2,10,10,10,5,2,3,4,3,3,3,3,14,1,19,3,3,17,12,0,0,4900,0,-9,-1.28571428571429,7,0,0,0,0,0,0,31,37,7,5,7,5,3500,1,0
1,0,6,0,nlzlfdho,35,1,3,1,1,2,2,10,10,10,5,2,3,4,3,3,3,3,15,2,15,15,4,14,12,0,0,4600,1,3,1,3,0,0,0,0,0,0,37,44,7,5,7,5,5100,0,0
1,0,6,0,al2t2enz,66,2,2,1,1,2,2,8,10,10,2,1,4,2,4,3,3,3,1,1,15,7,4,11,12,0,0,9200,0,-5,-1.66666666666667,3,0,0,0,0,0,0,0,0,0,0,0,0,0,0,0
1,0,6,0,al2t2enz,66,2,2,1,1,2,2,8,10,10,2,1,4,2,4,3,3,3,2,1,13,12,6,15,12,0,0,9100,0,0,0,1,0,0,0,0,0,0,3,3,0,0,0,0,800,0,0
1,0,6,0,al2t2enz,66,2,2,1,1,2,2,8,10,10,2,1,4,2,4,3,3,3,3,1,14,13,5,13,12,0,0,9000,1,1,0.5,2,0,0,0,0,0,0,3,4,0,0,0,0,900,0,0
1,0,6,0,al2t2enz,66,2,2,1,1,2,2,8,10,10,2,1,4,2,4,3,3,3,4,2,11,12,1,15,15,1,0,8800,0,0,0,-1,3,3,1,0,0,0,4,6,0,0,3,1,1000,0,0
1,0,6,0,al2t2enz,66,2,2,1,1,2,2,8,10,10,2,1,4,2,4,3,3,3,5,1,12,10,4,14,12,0,0,8600,0,-2,-2,0,0,3,1,3,3,1,6,5,0,0,3,2,1200,1,0
1,0,6,0,al2t2enz,66,2,2,1,1,2,2,8,10,10,2,1,4,2,4,3,3,3,6,1,13,13,4,20,12,0,0,8600,1,1,1,1,0,3,1,0,3,1,5,5,3,1,3,3,1400,0,0
1,0,6,0,al2t2enz,66,2,2,1,1,2,2,8,10,10,2,1,4,2,4,3,3,3,7,1,19,19,2,20,12,0,0,8600,1,7,1,7,0,3,1,0,3,1,5,6,3,2,3,4,1400,0,0
1,0,6,0,al2t2enz,66,2,2,1,1,2,2,8,10,10,2,1,4,2,4,3,3,3,8,2,18,18,4,18,12,1,0,8000,1,6,1,6,0,0,0,0,3,1,6,13,3,3,3,4,1400,0,0
1,0,6,0,al2t2enz,66,2,2,1,1,2,2,8,10,10,2,1,4,2,4,3,3,3,9,1,17,16,6,16,12,0,0,7900,1,4,0.8,5,0,0,0,0,0,0,13,19,3,4,3,4,2000,1,0
1,0,6,0,al2t2enz,66,2,2,1,1,2,2,8,10,10,2,1,4,2,4,3,3,3,10,1,18,6,5,12,12,0,0,6700,0,-6,-1,6,0,0,0,0,0,0,19,24,3,4,3,4,2100,0,0
1,0,6,0,al2t2enz,66,2,2,1,1,2,2,8,10,10,2,1,4,2,4,3,3,3,11,1,14,14,4,13,12,1,100,6600,1,2,1,2,0,0,0,0,0,0,24,30,3,4,3,4,3300,0,0
1,0,6,0,al2t2enz,66,2,2,1,1,2,2,8,10,10,2,1,4,2,4,3,3,3,12,2,12,12,1,20,20,0,0,5800,0,0,0,0,8,8,1,0,0,0,30,32,3,4,11,5,3400,1,1
1,0,6,0,al2t2enz,66,2,2,1,1,2,2,8,10,10,2,1,4,2,4,3,3,3,13,1,16,16,2,13,12,0,0,5800,1,4,1,4,0,8,1,8,8,1,32,32,3,4,11,6,4200,0,0
1,0,6,0,al2t2enz,66,2,2,1,1,2,2,8,10,10,2,1,4,2,4,3,3,3,14,1,20,12,6,19,12,0,0,5000,0,0,0,8,0,8,1,0,8,1,32,36,11,5,11,7,4200,0,0
1,0,6,0,al2t2enz,66,2,2,1,1,2,2,8,10,10,2,1,4,2,4,3,3,3,15,2,15,15,4,14,12,1,0,4700,1,3,1,3,0,0,0,0,8,1,36,44,11,6,11,7,5000,0,0
1,0,7,0,7saqxe88,33,1,4,2,1,1,2,5,10,10,3,2,5,2,5,2,3,3,1,1,15,12,2,11,12,0,0,9700,0,0,0,3,0,0,0,0,0,0,0,0,0,0,0,0,0,0,0
1,0,7,0,7saqxe88,33,1,4,2,1,1,2,5,10,10,3,2,5,2,5,2,3,3,2,2,13,13,11,14,14,1,0,9400,1,1,1,1,2,2,1,0,0,0,3,3,0,0,0,0,300,0,0
1,0,7,0,7saqxe88,33,1,4,2,1,1,2,5,10,10,3,2,5,2,5,2,3,3,3,1,12,12,8,12,12,0,0,9400,0,0,0,0,0,2,1,2,2,1,3,4,0,0,2,2,600,0,0
1,0,7,0,7saqxe88,33,1,4,2,1,1,2,5,10,10,3,2,5,2,5,2,3,3,4,1,14,14,5,14,12,0,0,9400,1,2,1,2,0,2,1,0,2,1,4,4,2,1,2,3,600,0,0
1,0,7,0,7saqxe88,33,1,4,2,1,1,2,5,10,10,3,2,5,2,5,2,3,3,5,1,11,11,12,11,12,0,0,9400,0,-1,-1,-1,0,2,1,0,2,1,4,6,2,2,2,4,600,0,0
1,0,7,0,7saqxe88,33,1,4,2,1,1,2,5,10,10,3,2,5,2,5,2,3,3,6,1,16,12,12,13,12,0,0,9000,0,0,0,4,0,2,1,0,2,1,6,5,2,3,2,5,600,0,0
1,0,7,0,7saqxe88,33,1,4,2,1,1,2,5,10,10,3,2,5,2,5,2,3,3,7,1,20,12,7,17,12,0,0,8200,0,0,0,8,0,2,1,0,2,1,5,9,2,4,2,6,1000,0,0
1,0,7,0,7saqxe88,33,1,4,2,1,1,2,5,10,10,3,2,5,2,5,2,3,3,8,1,13,13,5,12,12,0,0,8200,1,1,1,1,0,2,1,0,2,1,9,17,2,5,2,7,1800,0,0
1,0,7,0,7saqxe88,33,1,4,2,1,1,2,5,10,10,3,2,5,2,5,2,3,3,9,1,15,12,5,15,12,1,0,7900,0,0,0,3,0,2,1,0,2,1,17,18,2,6,2,8,1800,0,0
1,0,7,0,7saqxe88,33,1,4,2,1,1,2,5,10,10,3,2,5,2,5,2,3,3,10,2,17,12,12,12,12,0,0,7400,0,0,0,5,0,0,0,0,2,1,18,21,2,7,2,8,2100,1,0
1,0,7,0,7saqxe88,33,1,4,2,1,1,2,5,10,10,3,2,5,2,5,2,3,3,11,1,14,12,7,14,12,0,0,7200,0,0,0,2,0,0,0,0,0,0,21,26,2,8,2,8,2600,0,0
1,0,7,0,7saqxe88,33,1,4,2,1,1,2,5,10,10,3,2,5,2,5,2,3,3,12,2,19,12,5,20,15,0,0,6200,0,0,0,7,3,3,1,0,0,0,26,28,2,8,5,9,2800,0,0
1,0,7,0,7saqxe88,33,1,4,2,1,1,2,5,10,10,3,2,5,2,5,2,3,3,13,2,12,12,6,14,14,0,0,6000,0,0,0,0,2,2,1,3,3,1,28,35,2,8,7,10,3800,0,0
1,0,7,0,7saqxe88,33,1,4,2,1,1,2,5,10,10,3,2,5,2,5,2,3,3,14,2,18,12,7,19,19,0,0,4700,0,0,0,6,7,7,1,2,2,1,35,35,5,9,14,11,4000,0,0
1,0,7,0,7saqxe88,33,1,4,2,1,1,2,5,10,10,3,2,5,2,5,2,3,3,15,2,15,12,4,14,18,1,0,3800,0,0,0,3,6,6,1,7,7,1,35,41,7,10,20,12,5300,0,0
1,0,7,0,kyd3x36s,53,2,2,1,1,1,2,2,3,3,4,5,5,5,4,1,1,1,1,2,11,11,1,15,12,1,0,10000,0,-1,-1,-1,0,0,0,0,0,0,0,0,0,0,0,0,0,0,0
1,0,7,0,kyd3x36s,53,2,2,1,1,1,2,2,3,3,4,5,5,5,4,1,1,1,2,1,14,12,9,15,12,1,0,9800,0,0,0,2,0,0,0,0,0,0,-1,-1,0,0,0,0,0,0,0
1,0,7,0,kyd3x36s,53,2,2,1,1,1,2,2,3,3,4,5,5,5,4,1,1,1,3,1,12,8,7,13,12,0,0,9400,0,-4,-4,0,0,0,0,0,0,0,-1,1,0,0,0,0,200,0,0
1,0,7,0,kyd3x36s,53,2,2,1,1,1,2,2,3,3,4,5,5,5,4,1,1,1,4,2,13,12,10,12,12,0,0,9300,0,0,0,1,0,0,0,0,0,0,1,1,0,0,0,0,600,0,0
1,0,7,0,kyd3x36s,53,2,2,1,1,1,2,2,3,3,4,5,5,5,4,1,1,1,5,2,15,14,11,11,12,0,0,9000,1,2,0.666666666666667,3,0,0,0,0,0,0,1,2,0,0,0,0,700,0,0
1,0,7,0,kyd3x36s,53,2,2,1,1,1,2,2,3,3,4,5,5,5,4,1,1,1,6,2,19,12,7,15,15,0,0,8000,0,0,0,7,3,3,1,0,0,0,2,5,0,0,3,1,1000,0,0
1,0,7,0,kyd3x36s,53,2,2,1,1,1,2,2,3,3,4,5,5,5,4,1,1,1,7,2,15,15,11,12,12,0,0,7700,1,3,1,3,0,0,0,3,3,1,5,12,0,0,3,1,2000,0,0
1,0,7,0,kyd3x36s,53,2,2,1,1,1,2,2,3,3,4,5,5,5,4,1,1,1,8,1,12,12,9,15,12,0,0,7700,0,0,0,0,0,0,0,0,0,0,12,15,3,1,3,1,2300,0,0
1,0,7,0,kyd3x36s,53,2,2,1,1,1,2,2,3,3,4,5,5,5,4,1,1,1,9,1,18,18,11,17,12,1,300,7400,1,6,1,6,0,0,0,0,0,0,15,15,3,1,3,1,2300,0,0
1,0,7,0,kyd3x36s,53,2,2,1,1,1,2,2,3,3,4,5,5,5,4,1,1,1,10,1,13,12,8,19,12,1,0,7300,0,0,0,1,0,0,0,0,0,0,15,21,3,1,3,1,2600,1,1
1,0,7,0,kyd3x36s,53,2,2,1,1,1,2,2,3,3,4,5,5,5,4,1,1,1,11,1,14,12,8,18,12,0,0,7100,0,0,0,2,0,0,0,0,0,0,21,22,3,1,3,1,2700,1,0
1,0,7,0,kyd3x36s,53,2,2,1,1,1,2,2,3,3,4,5,5,5,4,1,1,1,12,1,20,12,7,13,12,1,0,6300,0,0,0,8,0,0,0,0,0,0,22,24,3,1,3,1,2900,0,0
1,0,7,0,kyd3x36s,53,2,2,1,1,1,2,2,3,3,4,5,5,5,4,1,1,1,13,1,17,17,10,13,12,1,250,6050,1,5,1,5,0,0,0,0,0,0,24,32,3,1,3,1,3700,1,0
1,0,7,0,kyd3x36s,53,2,2,1,1,1,2,2,3,3,4,5,5,5,4,1,1,1,14,1,16,16,9,20,12,0,0,6050,1,4,1,4,0,0,0,0,0,0,32,37,3,1,3,1,3950,1,1
1,0,7,0,kyd3x36s,53,2,2,1,1,1,2,2,3,3,4,5,5,5,4,1,1,1,15,2,15,15,7,12,12,0,0,5750,1,3,1,3,0,0,0,0,0,0,37,41,3,1,3,1,3950,0,0
1,0,7,0,09repz7k,65,2,2,1,0,2,2,10,5,5,4,4,4,2,4,3,2,2,1,1,14,10,5,13,12,1,0,9600,0,-2,-1,2,0,0,0,0,0,0,0,0,0,0,0,0,0,0,0
1,0,7,0,09repz7k,65,2,2,1,0,2,2,10,5,5,4,4,4,2,4,3,2,2,2,2,13,13,10,11,11,0,0,9600,1,1,1,1,0,0,0,0,0,0,2,2,0,0,0,0,400,0,0
1,0,7,0,09repz7k,65,2,2,1,0,2,2,10,5,5,4,4,4,2,4,3,2,2,3,1,11,11,12,15,12,1,0,9600,0,-1,-1,-1,0,0,0,0,0,0,2,3,0,0,0,0,400,0,0
1,0,7,0,09repz7k,65,2,2,1,0,2,2,10,5,5,4,4,4,2,4,3,2,2,4,2,15,10,9,14,14,0,0,9100,0,-2,-0.666666666666667,3,2,2,1,0,0,0,3,2,0,0,2,1,400,1,0
1,0,7,0,09repz7k,65,2,2,1,0,2,2,10,5,5,4,4,4,2,4,3,2,2,5,1,12,12,10,13,12,0,0,9100,0,0,0,0,0,2,1,2,2,1,2,5,0,0,2,2,900,0,0
1,0,7,0,09repz7k,65,2,2,1,0,2,2,10,5,5,4,4,4,2,4,3,2,2,6,2,12,12,6,15,15,0,0,8800,0,0,0,0,3,3,1,0,2,1,5,5,2,1,5,3,900,0,0
1,0,7,0,09repz7k,65,2,2,1,0,2,2,10,5,5,4,4,4,2,4,3,2,2,7,2,17,12,10,15,11,0,0,8400,0,0,0,5,0,0,0,3,3,1,5,5,2,2,5,3,1200,0,0
1,0,7,0,09repz7k,65,2,2,1,0,2,2,10,5,5,4,4,4,2,4,3,2,2,8,2,20,20,12,16,16,1,0,7200,1,8,1,8,4,4,1,0,0,0,5,10,5,3,9,4,1600,0,0
1,0,7,0,09repz7k,65,2,2,1,0,2,2,10,5,5,4,4,4,2,4,3,2,2,9,1,18,15,12,17,12,0,0,6900,1,3,0.5,6,0,4,1,4,4,1,10,18,5,3,9,5,2800,1,0
1,0,7,0,09repz7k,65,2,2,1,0,2,2,10,5,5,4,4,4,2,4,3,2,2,10,2,15,15,10,16,11,0,0,6700,1,3,1,3,0,0,0,0,4,1,18,24,9,4,9,5,3100,0,0
1,0,7,0,09repz7k,65,2,2,1,0,2,2,10,5,5,4,4,4,2,4,3,2,2,11,2,14,14,6,13,13,0,0,6400,1,2,1,2,1,1,1,0,0,0,24,27,9,5,10,6,3300,0,0
1,0,7,0,09repz7k,65,2,2,1,0,2,2,10,5,5,4,4,4,2,4,3,2,2,12,2,13,10,6,12,12,0,0,6300,0,-2,-2,1,0,0,0,1,1,1,27,29,9,5,10,6,3600,0,0
1,0,7,0,09repz7k,65,2,2,1,0,2,2,10,5,5,4,4,4,2,4,3,2,2,13,2,16,15,9,17,18,1,0,5300,1,3,0.75,4,6,6,1,0,0,0,29,30,10,6,16,7,3700,0,0
1,0,7,0,09repz7k,65,2,2,1,0,2,2,10,5,5,4,4,4,2,4,3,2,2,14,2,15,15,5,16,8,0,0,5300,1,3,1,3,0,0,0,6,6,1,30,34,10,6,16,7,4700,1,0
1,0,7,0,09repz7k,65,2,2,1,0,2,2,10,5,5,4,4,4,2,4,3,2,2,15,1,19,15,6,15,12,1,150,4750,1,3,0.428571428571429,7,0,0,0,0,0,0,34,37,16,7,16,7,4700,0,0
1,0,7,0,e45152eq,65,2,1,1,1,2,2,5,5,5,5,5,5,4,4,2,2,2,1,2,15,15,11,12,12,1,0,9700,1,3,1,3,0,0,0,0,0,0,0,0,0,0,0,0,0,0,0
1,0,7,0,e45152eq,65,2,1,1,1,2,2,5,5,5,5,5,5,4,4,2,2,2,2,1,11,11,5,11,12,0,0,9700,0,-1,-1,-1,0,0,0,0,0,0,3,3,0,0,0,0,300,0,0
1,0,7,0,e45152eq,65,2,1,1,1,2,2,5,5,5,5,5,5,4,4,2,2,2,3,1,12,12,9,13,12,0,0,9700,0,0,0,0,0,0,0,0,0,0,3,2,0,0,0,0,300,0,0
1,0,7,0,e45152eq,65,2,1,1,1,2,2,5,5,5,5,5,5,4,4,2,2,2,4,2,13,12,11,15,15,0,0,9300,0,0,0,1,3,3,1,0,0,0,2,2,0,0,3,1,300,0,0
1,0,7,0,e45152eq,65,2,1,1,1,2,2,5,5,5,5,5,5,4,4,2,2,2,5,2,14,14,6,11,11,0,0,9200,1,2,1,2,0,0,0,3,3,1,2,3,0,0,3,1,700,0,0
1,0,7,0,e45152eq,65,2,1,1,1,2,2,5,5,5,5,5,5,4,4,2,2,2,6,2,18,18,11,16,12,1,0,8600,1,6,1,6,0,0,0,0,0,0,3,5,3,1,3,1,800,0,0
1,0,7,0,e45152eq,65,2,1,1,1,2,2,5,5,5,5,5,5,4,4,2,2,2,7,1,20,20,5,19,12,0,0,8600,1,8,1,8,0,0,0,0,0,0,5,11,3,1,3,1,1400,1,0
1,0,7,0,e45152eq,65,2,1,1,1,2,2,5,5,5,5,5,5,4,4,2,2,2,8,2,16,16,7,16,15,1,0,7900,1,4,1,4,3,3,1,0,0,0,11,19,3,1,6,2,1400,0,0
1,0,7,0,e45152eq,65,2,1,1,1,2,2,5,5,5,5,5,5,4,4,2,2,2,9,1,19,19,7,15,12,0,0,7900,1,7,1,7,0,3,1,3,3,1,19,23,3,1,6,3,2100,1,0
1,0,7,0,e45152eq,65,2,1,1,1,2,2,5,5,5,5,5,5,4,4,2,2,2,10,1,15,12,6,16,12,0,0,7600,0,0,0,3,0,3,1,0,3,1,23,30,6,2,6,4,2100,0,0
1,0,7,0,e45152eq,65,2,1,1,1,2,2,5,5,5,5,5,5,4,4,2,2,2,11,1,12,14,10,18,12,0,0,7600,1,2,2,0,0,3,1,0,3,1,30,33,6,3,6,5,2400,0,0
1,0,7,0,e45152eq,65,2,1,1,1,2,2,5,5,5,5,5,5,4,4,2,2,2,12,1,17,18,11,15,12,0,0,7600,1,6,1.2,5,0,3,1,0,3,1,33,33,6,4,6,6,2400,0,0
1,0,7,0,e45152eq,65,2,1,1,1,2,2,5,5,5,5,5,5,4,4,2,2,2,13,1,13,15,11,20,12,1,150,7450,1,3,3,1,0,3,1,0,3,1,33,38,6,5,6,7,2400,0,0
1,0,7,0,e45152eq,65,2,1,1,1,2,2,5,5,5,5,5,5,4,4,2,2,2,14,1,15,13,10,17,12,0,0,7250,1,1,0.333333333333333,3,0,3,1,0,3,1,38,39,6,6,6,8,2550,1,1
1,0,7,0,e45152eq,65,2,1,1,1,2,2,5,5,5,5,5,5,4,4,2,2,2,15,1,14,18,1,15,12,0,0,7250,1,6,3,2,0,3,1,0,3,1,39,42,6,7,6,9,2750,0,0
1,0,7,0,ftyhd2zr,54,2,2,1,0,1,2,5,7,6,4,4,4,4,5,2,3,2,1,2,13,8,3,14,10,0,0,10000,0,-4,-4,1,0,0,0,0,0,0,0,0,0,0,0,0,0,0,0
1,0,7,0,ftyhd2zr,54,2,2,1,0,1,2,5,7,6,4,4,4,4,5,2,3,2,2,2,11,8,4,11,11,0,0,10000,0,-4,-4,-1,0,0,0,0,0,0,1,1,0,0,0,0,0,0,0
1,0,7,0,ftyhd2zr,54,2,2,1,0,1,2,5,7,6,4,4,4,4,5,2,3,2,3,2,15,9,11,13,12,0,0,9700,0,-3,-1,3,0,0,0,0,0,0,1,0,0,0,0,0,0,0,0
1,0,7,0,ftyhd2zr,54,2,2,1,0,1,2,5,7,6,4,4,4,4,5,2,3,2,4,2,14,10,1,14,14,0,0,9300,0,-2,-1,2,2,2,1,0,0,0,0,3,0,0,2,1,300,0,0
1,0,7,0,ftyhd2zr,54,2,2,1,0,1,2,5,7,6,4,4,4,4,5,2,3,2,5,2,12,10,7,11,11,0,0,9300,0,-2,-2,0,0,0,0,2,2,1,3,5,0,0,2,1,700,0,0
1,0,7,0,ftyhd2zr,54,2,2,1,0,1,2,5,7,6,4,4,4,4,5,2,3,2,6,2,18,12,8,16,11,0,0,8800,0,0,0,6,0,0,0,0,0,0,5,5,2,1,2,1,700,0,0
1,0,7,0,ftyhd2zr,54,2,2,1,0,1,2,5,7,6,4,4,4,4,5,2,3,2,7,2,19,15,4,20,20,0,0,7300,1,3,0.428571428571429,7,8,8,1,0,0,0,5,11,2,1,10,2,1200,0,0
1,0,7,0,ftyhd2zr,54,2,2,1,0,1,2,5,7,6,4,4,4,4,5,2,3,2,8,2,12,8,1,13,13,1,0,7200,0,-4,-4,0,1,1,1,8,8,1,11,18,2,1,11,3,2700,0,0
1,0,7,0,ftyhd2zr,54,2,2,1,0,1,2,5,7,6,4,4,4,4,5,2,3,2,9,2,15,9,1,15,12,1,0,6900,0,-3,-1,3,0,0,0,1,1,1,18,18,10,2,11,3,2800,1,0
1,0,7,0,ftyhd2zr,54,2,2,1,0,1,2,5,7,6,4,4,4,4,5,2,3,2,10,1,14,8,11,15,12,0,0,6300,0,-4,-2,2,0,0,0,0,0,0,18,21,11,3,11,3,3100,1,0
1,0,7,0,ftyhd2zr,54,2,2,1,0,1,2,5,7,6,4,4,4,4,5,2,3,2,11,1,17,10,11,14,12,0,0,5600,0,-2,-0.4,5,0,0,0,0,0,0,21,23,11,3,11,3,3700,0,0
1,0,7,0,ftyhd2zr,54,2,2,1,0,1,2,5,7,6,4,4,4,4,5,2,3,2,12,1,20,15,1,19,12,1,150,4950,1,3,0.375,8,0,0,0,0,0,0,23,28,11,3,11,3,4400,0,0
1,0,7,0,ftyhd2zr,54,2,2,1,0,1,2,5,7,6,4,4,4,4,5,2,3,2,13,2,13,7,12,15,15,0,0,4550,0,-5,-5,1,3,3,1,0,0,0,28,36,11,3,14,4,5050,1,1
1,0,7,0,ftyhd2zr,54,2,2,1,0,1,2,5,7,6,4,4,4,4,5,2,3,2,14,1,16,8,3,15,12,0,0,3750,0,-4,-1,4,0,3,1,3,3,1,36,37,11,3,14,5,5450,0,0
1,0,7,0,ftyhd2zr,54,2,2,1,0,1,2,5,7,6,4,4,4,4,5,2,3,2,15,2,15,11,8,17,17,0,0,2950,0,-1,-0.333333333333333,3,5,5,1,0,3,1,37,41,14,4,19,6,6250,0,0
1,0,7,0,dlick8u9,74,2,2,1,0,2,2,0,0,10,4,4,4,4,5,1,1,3,1,2,12,12,12,12,12,0,0,10000,0,0,0,0,0,0,0,0,0,0,0,0,0,0,0,0,0,0,0
1,0,7,0,dlick8u9,74,2,2,1,0,2,2,0,0,10,4,4,4,4,5,1,1,3,2,1,15,12,8,14,12,0,0,9700,0,0,0,3,0,0,0,0,0,0,0,0,0,0,0,0,0,0,0
1,0,7,0,dlick8u9,74,2,2,1,0,2,2,0,0,10,4,4,4,4,5,1,1,3,3,1,14,14,10,14,12,0,0,9700,1,2,1,2,0,0,0,0,0,0,0,3,0,0,0,0,300,0,0
1,0,7,0,dlick8u9,74,2,2,1,0,2,2,0,0,10,4,4,4,4,5,1,1,3,4,1,13,12,8,13,12,0,0,9600,0,0,0,1,0,0,0,0,0,0,3,5,0,0,0,0,300,0,0
1,0,7,0,dlick8u9,74,2,2,1,0,2,2,0,0,10,4,4,4,4,5,1,1,3,5,1,11,11,4,14,12,0,0,9600,0,-1,-1,-1,0,0,0,0,0,0,5,6,0,0,0,0,400,0,0
1,0,7,0,dlick8u9,74,2,2,1,0,2,2,0,0,10,4,4,4,4,5,1,1,3,6,1,15,15,3,12,12,0,0,9600,1,3,1,3,0,0,0,0,0,0,6,5,0,0,0,0,400,0,0
1,0,7,0,dlick8u9,74,2,2,1,0,2,2,0,0,10,4,4,4,4,5,1,1,3,7,1,20,20,9,15,12,0,0,9600,1,8,1,8,0,0,0,0,0,0,5,8,0,0,0,0,400,0,0
1,0,7,0,dlick8u9,74,2,2,1,0,2,2,0,0,10,4,4,4,4,5,1,1,3,8,1,17,17,8,20,12,1,250,9350,1,5,1,5,0,0,0,0,0,0,8,16,0,0,0,0,400,0,0
1,0,7,0,dlick8u9,74,2,2,1,0,2,2,0,0,10,4,4,4,4,5,1,1,3,9,2,19,19,10,12,12,1,0,8650,1,7,1,7,0,0,0,0,0,0,16,21,0,0,0,0,650,1,1
1,0,7,0,dlick8u9,74,2,2,1,0,2,2,0,0,10,4,4,4,4,5,1,1,3,10,2,16,16,4,15,12,0,0,8250,1,4,1,4,0,0,0,0,0,0,21,28,0,0,0,0,1350,1,0
1,0,7,0,dlick8u9,74,2,2,1,0,2,2,0,0,10,4,4,4,4,5,1,1,3,11,1,13,13,3,14,12,0,0,8250,1,1,1,1,0,0,0,0,0,0,28,32,0,0,0,0,1750,0,0
1,0,7,0,dlick8u9,74,2,2,1,0,2,2,0,0,10,4,4,4,4,5,1,1,3,12,1,12,12,3,13,12,0,0,8250,0,0,0,0,0,0,0,0,0,0,32,33,0,0,0,0,1750,0,0
1,0,7,0,dlick8u9,74,2,2,1,0,2,2,0,0,10,4,4,4,4,5,1,1,3,13,1,14,14,1,12,12,0,0,8250,1,2,1,2,0,0,0,0,0,0,33,33,0,0,0,0,1750,0,0
1,0,7,0,dlick8u9,74,2,2,1,0,2,2,0,0,10,4,4,4,4,5,1,1,3,14,2,18,18,8,15,15,0,0,7350,1,6,1,6,3,3,1,0,0,0,33,35,0,0,3,1,1750,0,0
1,0,7,0,dlick8u9,74,2,2,1,0,2,2,0,0,10,4,4,4,4,5,1,1,3,15,2,15,15,3,19,15,0,0,6750,1,3,1,3,3,3,1,3,3,1,35,41,0,0,6,2,2650,0,0
1,0,7,0,vqwdzmfp,56,2,3,1,0,3,1,1,0,1,5,2,4,3,4,1,1,1,1,2,14,12,10,15,12,0,0,9800,0,0,0,2,0,0,0,0,0,0,0,0,0,0,0,0,0,0,0
1,0,7,0,vqwdzmfp,56,2,3,1,0,3,1,1,0,1,5,2,4,3,4,1,1,1,2,1,15,15,12,14,12,1,150,9650,1,3,1,3,0,0,0,0,0,0,2,2,0,0,0,0,200,0,0
1,0,7,0,vqwdzmfp,56,2,3,1,0,3,1,1,0,1,5,2,4,3,4,1,1,1,3,2,13,13,2,12,8,1,0,9650,1,1,1,1,0,0,0,0,0,0,2,5,0,0,0,0,350,0,0
1,0,7,0,vqwdzmfp,56,2,3,1,0,3,1,1,0,1,5,2,4,3,4,1,1,1,4,1,12,12,12,13,12,0,0,9650,0,0,0,0,0,0,0,0,0,0,5,6,0,0,0,0,350,1,0
1,0,7,0,vqwdzmfp,56,2,3,1,0,3,1,1,0,1,5,2,4,3,4,1,1,1,5,1,11,11,5,12,12,0,0,9650,0,-1,-1,-1,0,0,0,0,0,0,6,6,0,0,0,0,350,0,0
1,0,7,0,vqwdzmfp,56,2,3,1,0,3,1,1,0,1,5,2,4,3,4,1,1,1,6,1,15,15,2,19,12,0,0,9650,1,3,1,3,0,0,0,0,0,0,6,5,0,0,0,0,350,0,0
1,0,7,0,vqwdzmfp,56,2,3,1,0,3,1,1,0,1,5,2,4,3,4,1,1,1,7,2,17,16,1,20,12,0,0,9150,1,4,0.8,5,0,0,0,0,0,0,5,8,0,0,0,0,350,0,0
1,0,7,0,vqwdzmfp,56,2,3,1,0,3,1,1,0,1,5,2,4,3,4,1,1,1,8,1,16,15,4,16,12,1,150,8900,1,3,0.75,4,0,0,0,0,0,0,8,13,0,0,0,0,850,0,0
1,0,7,0,vqwdzmfp,56,2,3,1,0,3,1,1,0,1,5,2,4,3,4,1,1,1,9,2,15,14,4,19,19,0,0,7900,1,2,0.666666666666667,3,7,7,1,0,0,0,13,17,0,0,7,1,1100,1,1
1,0,7,0,vqwdzmfp,56,2,3,1,0,3,1,1,0,1,5,2,4,3,4,1,1,1,10,2,18,16,9,18,19,0,0,6600,1,4,0.666666666666667,6,7,7,1,7,7,1,17,20,0,0,14,2,2100,0,0
1,0,7,0,vqwdzmfp,56,2,3,1,0,3,1,1,0,1,5,2,4,3,4,1,1,1,11,2,14,15,1,14,12,1,0,6400,1,3,1.5,2,0,0,0,7,7,1,20,26,7,1,14,2,3400,0,0
1,0,7,0,vqwdzmfp,56,2,3,1,0,3,1,1,0,1,5,2,4,3,4,1,1,1,12,2,13,14,2,20,12,0,0,6300,1,2,2,1,0,0,0,0,0,0,26,28,14,2,14,2,3600,1,0
1,0,7,0,vqwdzmfp,56,2,3,1,0,3,1,1,0,1,5,2,4,3,4,1,1,1,13,1,20,21,8,13,12,0,0,6300,1,9,1.125,8,0,0,0,0,0,0,28,29,14,2,14,2,3700,0,0
1,0,7,0,vqwdzmfp,56,2,3,1,0,3,1,1,0,1,5,2,4,3,4,1,1,1,14,1,19,19,1,18,12,0,0,6300,1,7,1,7,0,0,0,0,0,0,29,37,14,2,14,2,3700,0,0
1,0,7,0,vqwdzmfp,56,2,3,1,0,3,1,1,0,1,5,2,4,3,4,1,1,1,15,1,12,12,2,15,12,0,0,6300,0,0,0,0,0,0,0,0,0,0,37,44,14,2,14,2,3700,0,0
1,0,7,0,3vc60kwn,57,2,2,1,0,2,2,3,3,3,1,1,1,1,1,1,1,1,1,2,11,11,9,11,11,0,0,10000,0,-1,-1,-1,0,0,0,0,0,0,0,0,0,0,0,0,0,0,0
1,0,7,0,3vc60kwn,57,2,2,1,0,2,2,3,3,3,1,1,1,1,1,1,1,1,2,2,14,11,6,15,12,1,0,9800,0,-1,-0.5,2,0,0,0,0,0,0,-1,-1,0,0,0,0,0,0,0
1,0,7,0,3vc60kwn,57,2,2,1,0,2,2,3,3,3,1,1,1,1,1,1,1,1,3,2,12,12,1,12,12,0,0,9800,0,0,0,0,0,0,0,0,0,0,-1,1,0,0,0,0,200,0,0
1,0,7,0,3vc60kwn,57,2,2,1,0,2,2,3,3,3,1,1,1,1,1,1,1,1,4,2,13,11,6,13,12,0,0,9700,0,-1,-1,1,0,0,0,0,0,0,1,1,0,0,0,0,200,0,0
1,0,7,0,3vc60kwn,57,2,2,1,0,2,2,3,3,3,1,1,1,1,1,1,1,1,5,1,15,11,9,12,12,0,0,9300,0,-1,-0.333333333333333,3,0,0,0,0,0,0,1,2,0,0,0,0,300,0,0
1,0,7,0,3vc60kwn,57,2,2,1,0,2,2,3,3,3,1,1,1,1,1,1,1,1,6,1,16,11,5,18,12,0,0,8800,0,-1,-0.25,4,0,0,0,0,0,0,2,5,0,0,0,0,700,0,0
1,0,7,0,3vc60kwn,57,2,2,1,0,2,2,3,3,3,1,1,1,1,1,1,1,1,7,2,12,12,12,15,15,0,0,8500,0,0,0,0,3,3,1,0,0,0,5,9,0,0,3,1,1200,0,0
1,0,7,0,3vc60kwn,57,2,2,1,0,2,2,3,3,3,1,1,1,1,1,1,1,1,8,2,20,11,6,17,17,1,0,7200,0,-1,-0.125,8,5,5,1,3,3,1,9,9,0,0,8,2,1500,0,0
1,0,7,0,3vc60kwn,57,2,2,1,0,2,2,3,3,3,1,1,1,1,1,1,1,1,9,1,14,12,9,14,12,1,0,7000,0,0,0,2,0,5,1,5,5,1,9,17,3,1,8,3,2800,1,0
1,0,7,0,3vc60kwn,57,2,2,1,0,2,2,3,3,3,1,1,1,1,1,1,1,1,10,2,19,12,2,13,12,0,0,6300,0,0,0,7,0,0,0,0,5,1,17,19,8,2,8,3,3000,1,0
1,0,7,0,3vc60kwn,57,2,2,1,0,2,2,3,3,3,1,1,1,1,1,1,1,1,11,2,18,12,2,14,12,0,0,5700,0,0,0,6,0,0,0,0,0,0,19,26,8,3,8,3,3700,0,0
1,0,7,0,3vc60kwn,57,2,2,1,0,2,2,3,3,3,1,1,1,1,1,1,1,1,12,2,15,12,10,14,11,0,0,5500,0,0,0,3,0,0,0,0,0,0,26,32,8,3,8,3,4300,0,0
1,0,7,0,3vc60kwn,57,2,2,1,0,2,2,3,3,3,1,1,1,1,1,1,1,1,13,2,13,13,7,20,21,0,0,4500,1,1,1,1,9,9,1,0,0,0,32,35,8,3,17,4,4500,0,0
1,0,7,0,3vc60kwn,57,2,2,1,0,2,2,3,3,3,1,1,1,1,1,1,1,1,14,1,15,15,6,18,12,0,0,4500,1,3,1,3,0,9,1,9,9,1,35,36,8,3,17,5,5500,0,0
1,0,7,0,3vc60kwn,57,2,2,1,0,2,2,3,3,3,1,1,1,1,1,1,1,1,15,1,17,17,5,15,12,0,0,4500,1,5,1,5,0,9,1,0,9,1,36,39,17,4,17,6,5500,0,0
1,0,7,0,jmt6xebq,63,2,3,1,0,1,2,1,1,0,2,1,1,2,1,1,1,1,1,1,11,11,8,11,12,0,0,10000,0,-1,-1,-1,0,0,0,0,0,0,0,0,0,0,0,0,0,0,0
1,0,7,0,jmt6xebq,63,2,3,1,0,1,2,1,1,0,2,1,1,2,1,1,1,1,2,2,15,11,2,14,12,1,0,9700,0,-1,-0.333333333333333,3,0,0,0,0,0,0,-1,-1,0,0,0,0,0,0,0
1,0,7,0,jmt6xebq,63,2,3,1,0,1,2,1,1,0,2,1,1,2,1,1,1,1,3,2,13,13,4,12,12,0,0,9600,1,1,1,1,0,0,0,0,0,0,-1,2,0,0,0,0,300,0,0
1,0,7,0,jmt6xebq,63,2,3,1,0,1,2,1,1,0,2,1,1,2,1,1,1,1,4,1,14,14,3,15,12,0,0,9600,1,2,1,2,0,0,0,0,0,0,2,3,0,0,0,0,400,0,0
1,0,7,0,jmt6xebq,63,2,3,1,0,1,2,1,1,0,2,1,1,2,1,1,1,1,5,2,12,12,8,15,11,1,0,9600,0,0,0,0,0,0,0,0,0,0,3,5,0,0,0,0,400,0,0
1,0,7,0,jmt6xebq,63,2,3,1,0,1,2,1,1,0,2,1,1,2,1,1,1,1,6,1,12,12,10,19,12,0,0,9600,0,0,0,0,0,0,0,0,0,0,5,5,0,0,0,0,400,1,0
1,0,7,0,jmt6xebq,63,2,3,1,0,1,2,1,1,0,2,1,1,2,1,1,1,1,7,2,15,15,6,20,20,1,0,8500,1,3,1,3,8,8,1,0,0,0,5,5,0,0,8,1,400,0,0
1,0,7,0,jmt6xebq,63,2,3,1,0,1,2,1,1,0,2,1,1,2,1,1,1,1,8,2,15,15,2,12,12,0,0,8200,1,3,1,3,0,0,0,8,8,1,5,8,0,0,8,1,1500,1,0
1,0,7,0,jmt6xebq,63,2,3,1,0,1,2,1,1,0,2,1,1,2,1,1,1,1,9,2,14,15,8,14,12,1,0,8000,1,3,1.5,2,0,0,0,0,0,0,8,11,8,1,8,1,1800,0,0
1,0,7,0,jmt6xebq,63,2,3,1,0,1,2,1,1,0,2,1,1,2,1,1,1,1,10,1,18,19,7,18,12,0,0,8000,1,7,1.16666666666667,6,0,0,0,0,0,0,11,13,8,1,8,1,2000,1,0
1,0,7,0,jmt6xebq,63,2,3,1,0,1,2,1,1,0,2,1,1,2,1,1,1,1,11,1,19,20,12,19,12,1,400,7600,1,8,1.14285714285714,7,0,0,0,0,0,0,13,19,8,1,8,1,2000,0,0
1,0,7,0,jmt6xebq,63,2,3,1,0,1,2,1,1,0,2,1,1,2,1,1,1,1,12,2,13,14,12,18,18,1,0,6900,1,2,2,1,6,6,1,0,0,0,19,26,8,1,14,2,2400,1,1
1,0,7,0,jmt6xebq,63,2,3,1,0,1,2,1,1,0,2,1,1,2,1,1,1,1,13,1,17,18,3,16,12,1,300,6600,1,6,1.2,5,0,6,1,6,6,1,26,27,8,1,14,3,3100,1,0
1,0,7,0,jmt6xebq,63,2,3,1,0,1,2,1,1,0,2,1,1,2,1,1,1,1,14,2,20,20,2,16,16,0,0,5400,1,8,1,8,4,4,1,0,6,1,27,32,14,2,18,4,3400,1,1
1,0,7,0,jmt6xebq,63,2,3,1,0,1,2,1,1,0,2,1,1,2,1,1,1,1,15,1,16,15,10,15,12,0,0,5300,1,3,0.75,4,0,4,1,4,4,1,32,40,14,3,18,5,4600,0,0
1,0,7,0,n3xoke5a,62,2,1,1,1,1,2,6,9,7,4,4,5,5,5,2,3,3,1,1,15,12,7,14,12,0,0,9700,0,0,0,3,0,0,0,0,0,0,0,0,0,0,0,0,0,0,0
1,0,7,0,n3xoke5a,62,2,1,1,1,1,2,6,9,7,4,4,5,5,5,2,3,3,2,1,11,11,3,13,12,0,0,9700,0,-1,-1,-1,0,0,0,0,0,0,3,3,0,0,0,0,300,0,0
1,0,7,0,n3xoke5a,62,2,1,1,1,1,2,6,9,7,4,4,5,5,5,2,3,3,3,2,14,11,6,14,14,0,0,9300,0,-1,-0.5,2,2,2,1,0,0,0,3,2,0,0,2,1,300,0,0
1,0,7,0,n3xoke5a,62,2,1,1,1,1,2,6,9,7,4,4,5,5,5,2,3,3,4,1,12,12,2,13,12,0,0,9300,0,0,0,0,0,2,1,2,2,1,2,4,0,0,2,2,700,0,0
1,0,7,0,n3xoke5a,62,2,1,1,1,1,2,6,9,7,4,4,5,5,5,2,3,3,5,2,13,12,3,12,12,0,0,9200,0,0,0,1,0,0,0,0,2,1,4,4,2,1,2,2,700,0,0
1,0,7,0,n3xoke5a,62,2,1,1,1,1,2,6,9,7,4,4,5,5,5,2,3,3,6,2,19,13,9,12,12,0,0,8500,1,1,0.142857142857143,7,0,0,0,0,0,0,4,5,2,2,2,2,800,0,0
1,0,7,0,n3xoke5a,62,2,1,1,1,1,2,6,9,7,4,4,5,5,5,2,3,3,7,1,15,11,3,17,12,0,0,8100,0,-1,-0.333333333333333,3,0,0,0,0,0,0,5,12,2,2,2,2,1500,0,0
1,0,7,0,n3xoke5a,62,2,1,1,1,1,2,6,9,7,4,4,5,5,5,2,3,3,8,2,20,15,11,19,12,1,0,7300,1,3,0.375,8,0,0,0,0,0,0,12,15,2,2,2,2,1900,0,0
1,0,7,0,n3xoke5a,62,2,1,1,1,1,2,6,9,7,4,4,5,5,5,2,3,3,9,1,12,12,6,19,12,0,0,7300,0,0,0,0,0,0,0,0,0,0,15,23,2,2,2,2,2700,1,0
1,0,7,0,n3xoke5a,62,2,1,1,1,1,2,6,9,7,4,4,5,5,5,2,3,3,10,1,16,11,3,15,12,0,0,6800,0,-1,-0.25,4,0,0,0,0,0,0,23,23,2,2,2,2,2700,0,0
1,0,7,0,n3xoke5a,62,2,1,1,1,1,2,6,9,7,4,4,5,5,5,2,3,3,11,2,18,10,4,12,14,0,0,6000,0,-2,-0.333333333333333,6,2,2,1,0,0,0,23,27,2,2,4,3,3200,0,0
1,0,7,0,n3xoke5a,62,2,1,1,1,1,2,6,9,7,4,4,5,5,5,2,3,3,12,1,14,11,8,15,12,0,0,5700,0,-1,-0.5,2,0,2,1,2,2,1,27,33,2,2,4,4,4000,0,0
1,0,7,0,n3xoke5a,62,2,1,1,1,1,2,6,9,7,4,4,5,5,5,2,3,3,13,2,13,13,2,17,17,0,0,5100,1,1,1,1,5,5,1,0,2,1,33,35,4,3,9,5,4300,0,0
1,0,7,0,n3xoke5a,62,2,1,1,1,1,2,6,9,7,4,4,5,5,5,2,3,3,14,2,17,15,4,15,13,0,0,4500,1,3,0.6,5,1,1,1,5,5,1,35,36,4,4,10,6,4900,0,0
1,0,7,0,n3xoke5a,62,2,1,1,1,1,2,6,9,7,4,4,5,5,5,2,3,3,15,2,15,12,9,16,15,0,0,3900,0,0,0,3,3,3,1,1,1,1,36,41,9,5,13,7,5500,0,0
1,0,7,0,w4r2ncw2,47,1,3,1,1,1,2,6,3,6,4,5,3,1,3,2,1,2,1,1,12,12,4,15,12,1,0,10000,0,0,0,0,0,0,0,0,0,0,0,0,0,0,0,0,0,0,0
1,0,7,0,w4r2ncw2,47,1,3,1,1,1,2,6,3,6,4,5,3,1,3,2,1,2,2,1,14,14,1,13,12,1,100,9900,1,2,1,2,0,0,0,0,0,0,0,0,0,0,0,0,0,0,0
1,0,7,0,w4r2ncw2,47,1,3,1,1,1,2,6,3,6,4,5,3,1,3,2,1,2,3,1,13,12,5,15,12,0,0,9800,0,0,0,1,0,0,0,0,0,0,0,2,0,0,0,0,100,0,0
1,0,7,0,w4r2ncw2,47,1,3,1,1,1,2,6,3,6,4,5,3,1,3,2,1,2,4,1,15,15,4,13,12,1,150,9650,1,3,1,3,0,0,0,0,0,0,2,3,0,0,0,0,200,0,0
1,0,7,0,w4r2ncw2,47,1,3,1,1,1,2,6,3,6,4,5,3,1,3,2,1,2,5,1,11,12,2,15,12,0,0,9650,0,0,0,-1,0,0,0,0,0,0,3,6,0,0,0,0,350,1,1
1,0,7,0,w4r2ncw2,47,1,3,1,1,1,2,6,3,6,4,5,3,1,3,2,1,2,6,1,16,12,4,18,12,0,0,9250,0,0,0,4,0,0,0,0,0,0,6,5,0,0,0,0,350,0,0
1,0,7,0,w4r2ncw2,47,1,3,1,1,1,2,6,3,6,4,5,3,1,3,2,1,2,7,1,12,12,2,15,12,0,0,9250,0,0,0,0,0,0,0,0,0,0,5,9,0,0,0,0,750,0,0
1,0,7,0,w4r2ncw2,47,1,3,1,1,1,2,6,3,6,4,5,3,1,3,2,1,2,8,1,19,12,10,20,12,0,0,8550,0,0,0,7,0,0,0,0,0,0,9,9,0,0,0,0,750,0,0
1,0,7,0,w4r2ncw2,47,1,3,1,1,1,2,6,3,6,4,5,3,1,3,2,1,2,9,2,17,17,2,18,18,0,0,7450,1,5,1,5,6,6,1,0,0,0,9,16,0,0,6,1,1450,0,0
1,0,7,0,w4r2ncw2,47,1,3,1,1,1,2,6,3,6,4,5,3,1,3,2,1,2,10,2,15,15,5,14,8,1,0,7450,1,3,1,3,0,0,0,6,6,1,16,21,0,0,6,1,2550,0,0
1,0,7,0,w4r2ncw2,47,1,3,1,1,1,2,6,3,6,4,5,3,1,3,2,1,2,11,2,14,14,5,17,10,0,0,7450,1,2,1,2,0,0,0,0,0,0,21,24,6,1,6,1,2550,1,0
1,0,7,0,w4r2ncw2,47,1,3,1,1,1,2,6,3,6,4,5,3,1,3,2,1,2,12,2,15,15,4,17,18,0,0,6550,1,3,1,3,6,6,1,0,0,0,24,26,6,1,12,2,2550,0,0
1,0,7,0,w4r2ncw2,47,1,3,1,1,1,2,6,3,6,4,5,3,1,3,2,1,2,13,2,20,20,4,13,15,0,0,5450,1,8,1,8,3,3,1,6,6,1,26,29,6,1,15,3,3450,0,0
1,0,7,0,w4r2ncw2,47,1,3,1,1,1,2,6,3,6,4,5,3,1,3,2,1,2,14,2,18,18,12,14,14,0,0,4650,1,6,1,6,2,2,1,3,3,1,29,37,12,2,17,4,4550,0,0
1,0,7,0,w4r2ncw2,47,1,3,1,1,1,2,6,3,6,4,5,3,1,3,2,1,2,15,1,13,22,12,20,12,1,500,4150,1,10,10,1,0,2,1,2,2,1,37,43,15,3,17,5,5350,0,0
1,0,7,0,s437p86a,71,2,3,1,1,1,2,10,10,10,2,3,5,4,5,3,3,3,1,1,12,12,6,12,12,0,0,10000,0,0,0,0,0,0,0,0,0,0,0,0,0,0,0,0,0,0,0
1,0,7,0,s437p86a,71,2,3,1,1,1,2,10,10,10,2,3,5,4,5,3,3,3,2,2,14,14,7,15,15,0,0,9500,1,2,1,2,3,3,1,0,0,0,0,0,0,0,0,0,0,0,0
1,0,7,0,s437p86a,71,2,3,1,1,1,2,10,10,10,2,3,5,4,5,3,3,3,3,2,15,12,3,11,11,0,0,9300,0,0,0,3,0,0,0,3,3,1,0,2,0,0,3,1,500,0,0
1,0,7,0,s437p86a,71,2,3,1,1,1,2,10,10,10,2,3,5,4,5,3,3,3,4,2,13,13,7,12,12,0,0,9200,1,1,1,1,0,0,0,0,0,0,2,5,3,1,3,1,700,0,0
1,0,7,0,s437p86a,71,2,3,1,1,1,2,10,10,10,2,3,5,4,5,3,3,3,5,2,11,12,1,11,11,1,0,9200,0,0,0,-1,0,0,0,0,0,0,5,6,3,1,3,1,800,0,0
1,0,7,0,s437p86a,71,2,3,1,1,1,2,10,10,10,2,3,5,4,5,3,3,3,6,2,13,13,1,16,12,0,0,9100,1,1,1,1,0,0,0,0,0,0,6,5,3,1,3,1,800,1,0
1,0,7,0,s437p86a,71,2,3,1,1,1,2,10,10,10,2,3,5,4,5,3,3,3,7,1,15,15,8,12,12,0,0,9100,1,3,1,3,0,0,0,0,0,0,5,6,3,1,3,1,900,0,0
1,0,7,0,s437p86a,71,2,3,1,1,1,2,10,10,10,2,3,5,4,5,3,3,3,8,1,16,16,3,20,12,1,200,8900,1,4,1,4,0,0,0,0,0,0,6,9,3,1,3,1,900,0,0
1,0,7,0,s437p86a,71,2,3,1,1,1,2,10,10,10,2,3,5,4,5,3,3,3,9,2,17,12,3,18,15,0,0,8100,0,0,0,5,3,3,1,0,0,0,9,13,3,1,6,2,1100,1,1
1,0,7,0,s437p86a,71,2,3,1,1,1,2,10,10,10,2,3,5,4,5,3,3,3,10,1,12,12,1,17,12,0,0,8100,0,0,0,0,0,3,1,3,3,1,13,18,3,1,6,3,1900,0,0
1,0,7,0,s437p86a,71,2,3,1,1,1,2,10,10,10,2,3,5,4,5,3,3,3,11,2,19,19,9,19,20,1,0,6600,1,7,1,7,8,8,1,0,3,1,18,18,6,2,14,4,1900,0,0
1,0,7,0,s437p86a,71,2,3,1,1,1,2,10,10,10,2,3,5,4,5,3,3,3,12,1,18,18,9,13,12,0,0,6600,1,6,1,6,0,8,1,8,8,1,18,25,6,3,14,5,3400,1,0
1,0,7,0,s437p86a,71,2,3,1,1,1,2,10,10,10,2,3,5,4,5,3,3,3,13,1,15,15,5,13,12,0,0,6600,1,3,1,3,0,8,1,0,8,1,25,31,14,4,14,6,3400,0,0
1,0,7,0,s437p86a,71,2,3,1,1,1,2,10,10,10,2,3,5,4,5,3,3,3,14,1,14,14,11,18,12,0,0,6600,1,2,1,2,0,8,1,0,8,1,31,34,14,5,14,7,3400,0,0
1,0,7,0,s437p86a,71,2,3,1,1,1,2,10,10,10,2,3,5,4,5,3,3,3,15,2,20,20,11,13,22,0,0,4800,1,8,1,8,10,10,1,0,8,1,34,36,14,6,24,8,3400,0,0
0,0,8,1,9oxavd19,44,1,4,2,1,2,2,5,4,10,1,2,3,1,3,2,2,3,1,1,15,12,15,12,12,0,0,9700,0,0,0,3,0,0,0,0,0,0,0,0,0,0,0,0,0,0,0
0,0,8,1,9oxavd19,44,1,4,2,1,2,2,5,4,10,1,2,3,1,3,2,2,3,2,2,14,14,10,12,11,0,0,9600,1,2,1,2,0,0,0,0,0,0,3,3,0,0,0,0,300,0,0
0,0,8,1,9oxavd19,44,1,4,2,1,2,2,5,4,10,1,2,3,1,3,2,2,3,3,1,11,11,11,15,12,0,0,9600,0,-1,-1,-1,0,0,0,0,0,0,3,5,0,0,0,0,400,0,0
0,0,8,1,9oxavd19,44,1,4,2,1,2,2,5,4,10,1,2,3,1,3,2,2,3,4,1,13,13,13,12,12,1,50,9550,1,1,1,1,0,0,0,0,0,0,5,4,0,0,0,0,400,0,0
0,0,8,1,9oxavd19,44,1,4,2,1,2,2,5,4,10,1,2,3,1,3,2,2,3,5,2,12,12,4,11,11,0,0,9550,0,0,0,0,0,0,0,0,0,0,4,5,0,0,0,0,450,1,1
0,0,8,1,9oxavd19,44,1,4,2,1,2,2,5,4,10,1,2,3,1,3,2,2,3,6,2,15,15,4,12,12,0,0,9250,1,3,1,3,0,0,0,0,0,0,5,5,0,0,0,0,450,0,0
0,0,8,1,9oxavd19,44,1,4,2,1,2,2,5,4,10,1,2,3,1,3,2,2,3,7,2,14,12,11,19,19,0,0,8350,0,0,0,2,7,7,1,0,0,0,5,8,0,0,7,1,750,0,0
0,0,8,1,9oxavd19,44,1,4,2,1,2,2,5,4,10,1,2,3,1,3,2,2,3,8,2,16,16,10,18,18,0,0,7350,1,4,1,4,6,6,1,7,7,1,8,10,0,0,13,2,1650,0,0
0,0,8,1,9oxavd19,44,1,4,2,1,2,2,5,4,10,1,2,3,1,3,2,2,3,9,2,19,19,6,14,14,0,0,6450,1,7,1,7,2,2,1,6,6,1,10,14,7,1,15,3,2650,0,0
0,0,8,1,9oxavd19,44,1,4,2,1,2,2,5,4,10,1,2,3,1,3,2,2,3,10,1,17,17,11,12,12,1,250,6200,1,5,1,5,0,2,1,2,2,1,14,21,13,2,15,4,3550,0,0
0,0,8,1,9oxavd19,44,1,4,2,1,2,2,5,4,10,1,2,3,1,3,2,2,3,11,1,13,13,14,18,12,0,0,6200,1,1,1,1,0,2,1,0,2,1,21,26,15,3,15,5,3800,1,1
0,0,8,1,9oxavd19,44,1,4,2,1,2,2,5,4,10,1,2,3,1,3,2,2,3,12,2,12,12,2,13,14,0,0,6000,0,0,0,0,2,2,1,0,2,1,26,27,15,4,17,6,3800,0,0
0,0,8,1,9oxavd19,44,1,4,2,1,2,2,5,4,10,1,2,3,1,3,2,2,3,13,1,18,18,2,14,12,0,0,6000,1,6,1,6,0,2,1,2,2,1,27,27,15,5,17,7,4000,0,0
0,0,8,1,9oxavd19,44,1,4,2,1,2,2,5,4,10,1,2,3,1,3,2,2,3,14,2,20,20,5,18,18,0,0,4600,1,8,1,8,6,6,1,0,2,1,27,33,17,6,23,8,4000,0,0
0,0,8,1,9oxavd19,44,1,4,2,1,2,2,5,4,10,1,2,3,1,3,2,2,3,15,1,18,18,5,17,12,0,0,4600,1,6,1,6,0,6,1,6,6,1,33,41,17,7,23,9,5400,0,0
0,0,8,1,tbfw3yik,25,1,3,1,1,3,1,5,6,10,1,4,5,4,4,2,2,3,1,2,12,8,5,13,12,0,0,10000,0,-4,-4,0,0,0,0,0,0,0,0,0,0,0,0,0,0,0,0
0,0,8,1,tbfw3yik,25,1,3,1,1,3,1,5,6,10,1,4,5,4,4,2,2,3,2,1,13,7,8,11,12,0,0,9400,0,-5,-5,1,0,0,0,0,0,0,0,0,0,0,0,0,0,0,0
0,0,8,1,tbfw3yik,25,1,3,1,1,3,1,5,6,10,1,4,5,4,4,2,2,3,3,2,14,12,6,14,10,0,0,9400,0,0,0,2,0,0,0,0,0,0,0,1,0,0,0,0,600,0,0
0,0,8,1,tbfw3yik,25,1,3,1,1,3,1,5,6,10,1,4,5,4,4,2,2,3,4,1,11,13,10,13,12,1,50,9350,1,1,1,-1,0,0,0,0,0,0,1,3,0,0,0,0,600,0,0
0,0,8,1,tbfw3yik,25,1,3,1,1,3,1,5,6,10,1,4,5,4,4,2,2,3,5,1,15,11,15,14,12,0,0,8950,0,-1,-0.333333333333333,3,0,0,0,0,0,0,3,2,0,0,0,0,650,1,1
0,0,8,1,tbfw3yik,25,1,3,1,1,3,1,5,6,10,1,4,5,4,4,2,2,3,6,1,12,13,14,15,12,0,0,8950,1,1,1,0,0,0,0,0,0,0,2,5,0,0,0,0,1050,0,0
0,0,8,1,tbfw3yik,25,1,3,1,1,3,1,5,6,10,1,4,5,4,4,2,2,3,7,2,18,17,13,17,15,0,0,8050,1,5,0.833333333333333,6,3,3,1,0,0,0,5,5,0,0,3,1,1050,0,0
0,0,8,1,tbfw3yik,25,1,3,1,1,3,1,5,6,10,1,4,5,4,4,2,2,3,8,1,17,17,4,19,12,0,0,8050,1,5,1,5,0,3,1,3,3,1,5,11,0,0,3,2,1950,0,0
0,0,8,1,tbfw3yik,25,1,3,1,1,3,1,5,6,10,1,4,5,4,4,2,2,3,9,2,16,18,14,17,2,0,0,8050,1,6,1.5,4,0,0,0,0,3,1,11,16,3,1,3,2,1950,0,0
0,0,8,1,tbfw3yik,25,1,3,1,1,3,1,5,6,10,1,4,5,4,4,2,2,3,10,1,20,19,4,16,12,0,0,7950,1,7,0.875,8,0,0,0,0,0,0,16,20,3,2,3,2,1950,0,0
0,0,8,1,tbfw3yik,25,1,3,1,1,3,1,5,6,10,1,4,5,4,4,2,2,3,11,1,15,16,6,12,12,0,0,7950,1,4,1.33333333333333,3,0,0,0,0,0,0,20,28,3,2,3,2,2050,0,0
0,0,8,1,tbfw3yik,25,1,3,1,1,3,1,5,6,10,1,4,5,4,4,2,2,3,12,1,13,14,1,12,12,0,0,7950,1,2,2,1,0,0,0,0,0,0,28,31,3,2,3,2,2050,0,0
0,0,8,1,tbfw3yik,25,1,3,1,1,3,1,5,6,10,1,4,5,4,4,2,2,3,13,2,14,14,1,18,18,0,0,7150,1,2,1,2,6,6,1,0,0,0,31,32,3,2,9,3,2050,0,0
0,0,8,1,tbfw3yik,25,1,3,1,1,3,1,5,6,10,1,4,5,4,4,2,2,3,14,1,18,18,15,17,12,0,0,7150,1,6,1,6,0,6,1,6,6,1,32,34,3,2,9,4,2850,0,0
0,0,8,1,tbfw3yik,25,1,3,1,1,3,1,5,6,10,1,4,5,4,4,2,2,3,15,2,19,19,12,12,12,1,0,6450,1,7,1,7,0,0,0,0,6,1,34,40,9,3,9,4,2850,0,0
0,0,8,1,q7j7cso5,30,1,4,2,0,5,1,10,9,9,5,3,5,3,5,3,3,3,1,1,12,12,12,15,12,0,0,10000,0,0,0,0,0,0,0,0,0,0,0,0,0,0,0,0,0,0,0
0,0,8,1,q7j7cso5,30,1,4,2,0,5,1,10,9,9,5,3,5,3,5,3,3,3,2,2,14,11,7,15,12,0,0,9800,0,-1,-0.5,2,0,0,0,0,0,0,0,0,0,0,0,0,0,0,0
0,0,8,1,q7j7cso5,30,1,4,2,0,5,1,10,9,9,5,3,5,3,5,3,3,3,3,2,15,14,14,11,12,0,0,9500,1,2,0.666666666666667,3,0,0,0,0,0,0,0,2,0,0,0,0,200,0,0
0,0,8,1,q7j7cso5,30,1,4,2,0,5,1,10,9,9,5,3,5,3,5,3,3,3,4,1,13,13,14,12,12,1,50,9450,1,1,1,1,0,0,0,0,0,0,2,5,0,0,0,0,500,0,0
0,0,8,1,q7j7cso5,30,1,4,2,0,5,1,10,9,9,5,3,5,3,5,3,3,3,5,1,11,11,13,14,12,1,0,9450,0,-1,-1,-1,0,0,0,0,0,0,5,6,0,0,0,0,550,1,1
0,0,8,1,q7j7cso5,30,1,4,2,0,5,1,10,9,9,5,3,5,3,5,3,3,3,6,2,20,16,11,20,15,0,0,8350,1,4,0.5,8,3,3,1,0,0,0,6,5,0,0,3,1,550,1,0
0,0,8,1,q7j7cso5,30,1,4,2,0,5,1,10,9,9,5,3,5,3,5,3,3,3,7,1,13,13,15,20,12,0,0,8350,1,1,1,1,0,3,1,3,3,1,5,13,0,0,3,2,1650,0,0
0,0,8,1,q7j7cso5,30,1,4,2,0,5,1,10,9,9,5,3,5,3,5,3,3,3,8,2,14,12,6,20,12,0,0,8150,0,0,0,2,0,0,0,0,3,1,13,14,3,1,3,2,1650,0,0
0,0,8,1,q7j7cso5,30,1,4,2,0,5,1,10,9,9,5,3,5,3,5,3,3,3,9,1,19,17,13,14,12,0,0,7950,1,5,0.714285714285714,7,0,0,0,0,0,0,14,16,3,2,3,2,1850,0,0
0,0,8,1,q7j7cso5,30,1,4,2,0,5,1,10,9,9,5,3,5,3,5,3,3,3,10,1,16,16,7,13,12,0,0,7950,1,4,1,4,0,0,0,0,0,0,16,23,3,2,3,2,2050,0,0
0,0,8,1,q7j7cso5,30,1,4,2,0,5,1,10,9,9,5,3,5,3,5,3,3,3,11,2,18,18,4,18,18,0,0,6750,1,6,1,6,6,6,1,0,0,0,23,27,3,2,9,3,2050,0,0
0,0,8,1,q7j7cso5,30,1,4,2,0,5,1,10,9,9,5,3,5,3,5,3,3,3,12,1,15,15,13,12,12,0,0,6750,1,3,1,3,0,6,1,6,6,1,27,33,3,2,9,4,3250,0,0
0,0,8,1,q7j7cso5,30,1,4,2,0,5,1,10,9,9,5,3,5,3,5,3,3,3,13,2,17,17,10,14,14,1,0,6050,1,5,1,5,2,2,1,0,6,1,33,36,9,3,11,5,3250,0,0
0,0,8,1,q7j7cso5,30,1,4,2,0,5,1,10,9,9,5,3,5,3,5,3,3,3,14,2,12,12,9,14,14,1,0,5850,0,0,0,0,2,2,1,2,2,1,36,41,9,4,13,6,3950,1,0
0,0,8,1,q7j7cso5,30,1,4,2,0,5,1,10,9,9,5,3,5,3,5,3,3,3,15,2,18,18,4,20,20,0,0,4450,1,6,1,6,8,8,1,2,2,1,41,41,11,5,21,7,4150,1,0
0,0,8,1,lqlw4a24,31,1,4,2,1,1,2,8,8,8,2,2,1,2,3,3,3,3,1,1,13,9,9,15,12,0,0,9600,0,-3,-3,1,0,0,0,0,0,0,0,0,0,0,0,0,0,0,0
0,0,8,1,lqlw4a24,31,1,4,2,1,1,2,8,8,8,2,2,1,2,3,3,3,3,2,1,15,15,9,13,12,0,0,9600,1,3,1,3,0,0,0,0,0,0,1,1,0,0,0,0,400,0,0
0,0,8,1,lqlw4a24,31,1,4,2,1,1,2,8,8,8,2,2,1,2,3,3,3,3,3,2,14,14,9,14,8,0,0,9600,1,2,1,2,0,0,0,0,0,0,1,4,0,0,0,0,400,0,0
0,0,8,1,lqlw4a24,31,1,4,2,1,1,2,8,8,8,2,2,1,2,3,3,3,3,4,1,12,12,12,11,12,0,0,9600,0,0,0,0,0,0,0,0,0,0,4,6,0,0,0,0,400,0,0
0,0,8,1,lqlw4a24,31,1,4,2,1,1,2,8,8,8,2,2,1,2,3,3,3,3,5,1,11,11,1,12,12,0,0,9600,0,-1,-1,-1,0,0,0,0,0,0,6,6,0,0,0,0,400,0,0
0,0,8,1,lqlw4a24,31,1,4,2,1,1,2,8,8,8,2,2,1,2,3,3,3,3,6,1,12,12,1,15,12,0,0,9600,0,0,0,0,0,0,0,0,0,0,6,5,0,0,0,0,400,0,0
0,0,8,1,lqlw4a24,31,1,4,2,1,1,2,8,8,8,2,2,1,2,3,3,3,3,7,1,17,17,6,15,12,0,0,9600,1,5,1,5,0,0,0,0,0,0,5,5,0,0,0,0,400,0,0
0,0,8,1,lqlw4a24,31,1,4,2,1,1,2,8,8,8,2,2,1,2,3,3,3,3,8,2,19,19,2,17,17,0,0,8400,1,7,1,7,5,5,1,0,0,0,5,10,0,0,5,1,400,0,0
0,0,8,1,lqlw4a24,31,1,4,2,1,1,2,8,8,8,2,2,1,2,3,3,3,3,9,2,14,14,7,16,16,0,0,7800,1,2,1,2,4,4,1,5,5,1,10,17,0,0,9,2,1600,0,0
0,0,8,1,lqlw4a24,31,1,4,2,1,1,2,8,8,8,2,2,1,2,3,3,3,3,10,2,16,16,2,20,19,0,0,6700,1,4,1,4,7,7,1,4,4,1,17,19,5,1,16,3,2200,0,0
0,0,8,1,lqlw4a24,31,1,4,2,1,1,2,8,8,8,2,2,1,2,3,3,3,3,11,1,18,18,3,18,12,0,0,6700,1,6,1,6,0,7,1,7,7,1,19,23,9,2,16,4,3300,0,0
0,0,8,1,lqlw4a24,31,1,4,2,1,1,2,8,8,8,2,2,1,2,3,3,3,3,12,2,13,13,15,15,15,0,0,6300,1,1,1,1,3,3,1,0,7,1,23,29,16,3,19,5,3300,0,0
0,0,8,1,lqlw4a24,31,1,4,2,1,1,2,8,8,8,2,2,1,2,3,3,3,3,13,1,15,15,9,16,12,0,0,6300,1,3,1,3,0,3,1,3,3,1,29,30,16,4,19,6,3700,0,0
0,0,8,1,lqlw4a24,31,1,4,2,1,1,2,8,8,8,2,2,1,2,3,3,3,3,14,1,18,18,8,13,12,0,0,6300,1,6,1,6,0,3,1,0,3,1,30,33,19,5,19,7,3700,0,0
0,0,8,1,lqlw4a24,31,1,4,2,1,1,2,8,8,8,2,2,1,2,3,3,3,3,15,1,20,20,3,18,12,0,0,6300,1,8,1,8,0,3,1,0,3,1,33,39,19,6,19,8,3700,0,0
0,0,8,1,ozaf3wau,69,2,3,1,0,4,1,10,10,10,4,4,2,5,4,3,3,3,1,1,13,12,2,12,12,0,0,9900,0,0,0,1,0,0,0,0,0,0,0,0,0,0,0,0,0,0,0
0,0,8,1,ozaf3wau,69,2,3,1,0,4,1,10,10,10,4,4,2,5,4,3,3,3,2,1,11,12,15,15,12,1,0,9900,0,0,0,-1,0,0,0,0,0,0,1,1,0,0,0,0,100,0,0
0,0,8,1,ozaf3wau,69,2,3,1,0,4,1,10,10,10,4,4,2,5,4,3,3,3,3,1,12,12,10,14,12,0,0,9900,0,0,0,0,0,0,0,0,0,0,1,0,0,0,0,0,100,0,0
0,0,8,1,ozaf3wau,69,2,3,1,0,4,1,10,10,10,4,4,2,5,4,3,3,3,4,2,15,15,7,13,13,0,0,9500,1,3,1,3,1,1,1,0,0,0,0,0,0,0,1,1,100,0,0
0,0,8,1,ozaf3wau,69,2,3,1,0,4,1,10,10,10,4,4,2,5,4,3,3,3,5,1,14,14,14,13,12,1,100,9400,1,2,1,2,0,1,1,1,1,1,0,3,0,0,1,2,500,0,0
0,0,8,1,ozaf3wau,69,2,3,1,0,4,1,10,10,10,4,4,2,5,4,3,3,3,6,1,18,18,6,18,12,0,0,9400,1,6,1,6,0,1,1,0,1,1,3,5,1,1,1,3,600,1,1
0,0,8,1,ozaf3wau,69,2,3,1,0,4,1,10,10,10,4,4,2,5,4,3,3,3,7,1,12,12,12,14,12,0,0,9400,0,0,0,0,0,1,1,0,1,1,5,11,1,2,1,4,600,0,0
0,0,8,1,ozaf3wau,69,2,3,1,0,4,1,10,10,10,4,4,2,5,4,3,3,3,8,1,14,14,7,18,12,0,0,9400,1,2,1,2,0,1,1,0,1,1,11,11,1,3,1,5,600,0,0
0,0,8,1,ozaf3wau,69,2,3,1,0,4,1,10,10,10,4,4,2,5,4,3,3,3,9,2,19,19,15,12,12,1,0,8700,1,7,1,7,0,0,0,0,1,1,11,13,1,4,1,5,600,0,0
0,0,8,1,ozaf3wau,69,2,3,1,0,4,1,10,10,10,4,4,2,5,4,3,3,3,10,2,13,13,15,18,18,0,0,8000,1,1,1,1,6,6,1,0,0,0,13,20,1,5,7,6,1300,1,0
0,0,8,1,ozaf3wau,69,2,3,1,0,4,1,10,10,10,4,4,2,5,4,3,3,3,11,2,15,15,11,16,23,0,0,6600,1,3,1,3,11,11,1,6,6,1,20,21,1,5,18,7,2000,0,0
0,0,8,1,ozaf3wau,69,2,3,1,0,4,1,10,10,10,4,4,2,5,4,3,3,3,12,2,16,16,10,12,12,1,0,6200,1,4,1,4,0,0,0,11,11,1,21,24,7,6,18,7,3400,0,0
0,0,8,1,ozaf3wau,69,2,3,1,0,4,1,10,10,10,4,4,2,5,4,3,3,3,13,2,20,13,6,13,12,0,0,5400,1,1,0.125,8,0,0,0,0,0,0,24,28,18,7,18,7,3800,1,0
0,0,8,1,ozaf3wau,69,2,3,1,0,4,1,10,10,10,4,4,2,5,4,3,3,3,14,1,18,18,1,20,12,0,0,5400,1,6,1,6,0,0,0,0,0,0,28,36,18,7,18,7,4600,0,0
0,0,8,1,ozaf3wau,69,2,3,1,0,4,1,10,10,10,4,4,2,5,4,3,3,3,15,2,17,17,1,18,18,0,0,4300,1,5,1,5,6,6,1,0,0,0,36,42,18,7,24,8,4600,0,0
0,0,8,1,54w8dgb2,58,2,3,1,1,2,2,4,2,5,3,4,5,4,5,2,1,2,1,1,11,11,14,15,12,0,0,10000,0,-1,-1,-1,0,0,0,0,0,0,0,0,0,0,0,0,0,0,0
0,0,8,1,54w8dgb2,58,2,3,1,1,2,2,4,2,5,3,4,5,4,5,2,1,2,2,2,15,15,14,14,8,0,0,10000,1,3,1,3,0,0,0,0,0,0,-1,-1,0,0,0,0,0,0,0
0,0,8,1,54w8dgb2,58,2,3,1,1,2,2,4,2,5,3,4,5,4,5,2,1,2,3,1,14,10,2,14,12,0,0,9600,0,-2,-1,2,0,0,0,0,0,0,-1,2,0,0,0,0,0,0,0
0,0,8,1,54w8dgb2,58,2,3,1,1,2,2,4,2,5,3,4,5,4,5,2,1,2,4,2,13,13,8,12,12,0,0,9500,1,1,1,1,0,0,0,0,0,0,2,4,0,0,0,0,400,0,0
0,0,8,1,54w8dgb2,58,2,3,1,1,2,2,4,2,5,3,4,5,4,5,2,1,2,5,1,12,12,7,14,12,0,0,9500,0,0,0,0,0,0,0,0,0,0,4,5,0,0,0,0,500,0,0
0,0,8,1,54w8dgb2,58,2,3,1,1,2,2,4,2,5,3,4,5,4,5,2,1,2,6,2,18,18,5,18,18,1,0,8300,1,6,1,6,6,6,1,0,0,0,5,5,0,0,6,1,500,0,0
0,0,8,1,54w8dgb2,58,2,3,1,1,2,2,4,2,5,3,4,5,4,5,2,1,2,7,2,15,13,4,17,17,0,0,7500,1,1,0.333333333333333,3,5,5,1,6,6,1,5,11,0,0,11,2,1700,1,0
0,0,8,1,54w8dgb2,58,2,3,1,1,2,2,4,2,5,3,4,5,4,5,2,1,2,8,1,20,12,3,14,12,0,0,6700,0,0,0,8,0,5,1,5,5,1,11,14,6,1,11,3,2500,0,0
0,0,8,1,54w8dgb2,58,2,3,1,1,2,2,4,2,5,3,4,5,4,5,2,1,2,9,1,14,14,1,19,12,0,0,6700,1,2,1,2,0,5,1,0,5,1,14,22,11,2,11,4,3300,0,0
0,0,8,1,54w8dgb2,58,2,3,1,1,2,2,4,2,5,3,4,5,4,5,2,1,2,10,1,16,16,8,18,12,1,200,6500,1,4,1,4,0,5,1,0,5,1,22,24,11,3,11,5,3300,0,0
0,0,8,1,54w8dgb2,58,2,3,1,1,2,2,4,2,5,3,4,5,4,5,2,1,2,11,2,12,12,2,15,16,0,0,6100,0,0,0,0,4,4,1,0,5,1,24,28,11,4,15,6,3500,1,1
0,0,8,1,54w8dgb2,58,2,3,1,1,2,2,4,2,5,3,4,5,4,5,2,1,2,12,2,18,12,7,15,15,0,0,5200,0,0,0,6,3,3,1,4,4,1,28,28,11,5,18,7,3900,0,0
0,0,8,1,54w8dgb2,58,2,3,1,1,2,2,4,2,5,3,4,5,4,5,2,1,2,13,1,13,12,5,20,12,0,0,5100,0,0,0,1,0,3,1,3,3,1,28,34,15,6,18,8,4800,0,0
0,0,8,1,54w8dgb2,58,2,3,1,1,2,2,4,2,5,3,4,5,4,5,2,1,2,14,2,19,14,12,16,16,0,0,4000,1,2,0.285714285714286,7,4,4,1,0,3,1,34,35,18,7,22,9,4900,0,0
0,0,8,1,54w8dgb2,58,2,3,1,1,2,2,4,2,5,3,4,5,4,5,2,1,2,15,2,17,12,15,16,16,0,0,3100,0,0,0,5,4,4,1,4,4,1,35,42,18,8,26,10,6000,0,0
0,0,8,1,o9pz6hg6,60,2,3,1,0,1,2,0,10,10,2,1,2,4,2,1,3,3,1,1,12,12,8,13,12,0,0,10000,0,0,0,0,0,0,0,0,0,0,0,0,0,0,0,0,0,0,0
0,0,8,1,o9pz6hg6,60,2,3,1,0,1,2,0,10,10,2,1,2,4,2,1,3,3,2,1,15,12,3,14,12,1,0,9700,0,0,0,3,0,0,0,0,0,0,0,0,0,0,0,0,0,0,0
0,0,8,1,o9pz6hg6,60,2,3,1,0,1,2,0,10,10,2,1,2,4,2,1,3,3,3,1,11,11,12,14,12,0,0,9700,0,-1,-1,-1,0,0,0,0,0,0,0,3,0,0,0,0,300,0,0
0,0,8,1,o9pz6hg6,60,2,3,1,0,1,2,0,10,10,2,1,2,4,2,1,3,3,4,1,13,13,5,15,12,0,0,9700,1,1,1,1,0,0,0,0,0,0,3,2,0,0,0,0,300,0,0
0,0,8,1,o9pz6hg6,60,2,3,1,0,1,2,0,10,10,2,1,2,4,2,1,3,3,5,2,14,14,6,12,12,0,0,9500,1,2,1,2,0,0,0,0,0,0,2,3,0,0,0,0,300,0,0
0,0,8,1,o9pz6hg6,60,2,3,1,0,1,2,0,10,10,2,1,2,4,2,1,3,3,6,1,14,14,12,18,12,0,0,9500,1,2,1,2,0,0,0,0,0,0,3,5,0,0,0,0,500,0,0
0,0,8,1,o9pz6hg6,60,2,3,1,0,1,2,0,10,10,2,1,2,4,2,1,3,3,7,1,18,12,14,12,12,0,0,8900,0,0,0,6,0,0,0,0,0,0,5,7,0,0,0,0,500,0,0
0,0,8,1,o9pz6hg6,60,2,3,1,0,1,2,0,10,10,2,1,2,4,2,1,3,3,8,2,18,12,5,14,14,0,0,8100,0,0,0,6,2,2,1,0,0,0,7,13,0,0,2,1,1100,0,0
0,0,8,1,o9pz6hg6,60,2,3,1,0,1,2,0,10,10,2,1,2,4,2,1,3,3,9,1,16,16,4,14,12,0,0,8100,1,4,1,4,0,2,1,2,2,1,13,19,0,0,2,2,1900,0,0
0,0,8,1,o9pz6hg6,60,2,3,1,0,1,2,0,10,10,2,1,2,4,2,1,3,3,10,2,13,13,3,16,16,1,0,7600,1,1,1,1,4,4,1,0,2,1,19,23,2,1,6,3,1900,0,0
0,0,8,1,o9pz6hg6,60,2,3,1,0,1,2,0,10,10,2,1,2,4,2,1,3,3,11,1,17,17,13,18,12,0,0,7600,1,5,1,5,0,4,1,4,4,1,23,24,2,2,6,4,2400,1,0
0,0,8,1,o9pz6hg6,60,2,3,1,0,1,2,0,10,10,2,1,2,4,2,1,3,3,12,1,15,15,6,18,12,0,0,7600,1,3,1,3,0,4,1,0,4,1,24,29,6,3,6,5,2400,0,0
0,0,8,1,o9pz6hg6,60,2,3,1,0,1,2,0,10,10,2,1,2,4,2,1,3,3,13,1,12,12,13,19,12,0,0,7600,0,0,0,0,0,4,1,0,4,1,29,32,6,4,6,6,2400,0,0
0,0,8,1,o9pz6hg6,60,2,3,1,0,1,2,0,10,10,2,1,2,4,2,1,3,3,14,2,20,20,10,20,20,0,0,6000,1,8,1,8,8,8,1,0,4,1,32,32,6,5,14,7,2400,0,0
0,0,8,1,o9pz6hg6,60,2,3,1,0,1,2,0,10,10,2,1,2,4,2,1,3,3,15,2,19,12,8,19,19,0,0,4600,0,0,0,7,7,7,1,8,8,1,32,40,6,6,21,8,4000,0,0
0,0,8,1,jhfab5x5,67,2,3,1,1,1,2,10,10,5,2,2,4,1,4,3,3,2,1,2,13,12,7,12,12,0,0,9900,0,0,0,1,0,0,0,0,0,0,0,0,0,0,0,0,0,0,0
0,0,8,1,jhfab5x5,67,2,3,1,1,1,2,10,10,5,2,2,4,1,4,3,3,2,2,1,11,11,13,13,12,0,0,9900,0,-1,-1,-1,0,0,0,0,0,0,1,1,0,0,0,0,100,0,0
0,0,8,1,jhfab5x5,67,2,3,1,1,1,2,10,10,5,2,2,4,1,4,3,3,2,3,2,14,14,13,11,8,0,0,9900,1,2,1,2,0,0,0,0,0,0,1,0,0,0,0,0,100,0,0
0,0,8,1,jhfab5x5,67,2,3,1,1,1,2,10,10,5,2,2,4,1,4,3,3,2,4,1,12,12,6,13,12,0,0,9900,0,0,0,0,0,0,0,0,0,0,0,2,0,0,0,0,100,0,0
0,0,8,1,jhfab5x5,67,2,3,1,1,1,2,10,10,5,2,2,4,1,4,3,3,2,5,2,15,12,2,15,11,0,0,9700,0,0,0,3,0,0,0,0,0,0,2,2,0,0,0,0,100,0,0
0,0,8,1,jhfab5x5,67,2,3,1,1,1,2,10,10,5,2,2,4,1,4,3,3,2,6,2,12,14,9,20,12,1,0,9700,1,2,2,0,0,0,0,0,0,0,2,5,0,0,0,0,300,0,0
0,0,8,1,jhfab5x5,67,2,3,1,1,1,2,10,10,5,2,2,4,1,4,3,3,2,7,1,20,20,10,16,12,0,0,9700,1,8,1,8,0,0,0,0,0,0,5,5,0,0,0,0,300,1,0
0,0,8,1,jhfab5x5,67,2,3,1,1,1,2,10,10,5,2,2,4,1,4,3,3,2,8,1,15,15,12,19,12,0,0,9700,1,3,1,3,0,0,0,0,0,0,5,13,0,0,0,0,300,0,0
0,0,8,1,jhfab5x5,67,2,3,1,1,1,2,10,10,5,2,2,4,1,4,3,3,2,9,1,14,14,12,17,12,0,0,9700,1,2,1,2,0,0,0,0,0,0,13,16,0,0,0,0,300,0,0
0,0,8,1,jhfab5x5,67,2,3,1,1,1,2,10,10,5,2,2,4,1,4,3,3,2,10,2,18,18,10,19,18,0,0,8500,1,6,1,6,6,6,1,0,0,0,16,18,0,0,6,1,300,0,0
0,0,8,1,jhfab5x5,67,2,3,1,1,1,2,10,10,5,2,2,4,1,4,3,3,2,11,2,18,18,11,16,23,0,0,6800,1,6,1,6,11,11,1,6,6,1,18,24,0,0,17,2,1500,0,0
0,0,8,1,jhfab5x5,67,2,3,1,1,1,2,10,10,5,2,2,4,1,4,3,3,2,12,1,16,16,14,14,12,0,0,6800,1,4,1,4,0,11,1,11,11,1,24,30,6,1,17,3,3200,0,0
0,0,8,1,jhfab5x5,67,2,3,1,1,1,2,10,10,5,2,2,4,1,4,3,3,2,13,2,17,17,11,15,10,0,0,6500,1,5,1,5,0,0,0,0,11,1,30,34,17,2,17,3,3200,0,0
0,0,8,1,jhfab5x5,67,2,3,1,1,1,2,10,10,5,2,2,4,1,4,3,3,2,14,2,13,13,4,18,18,0,0,5800,1,1,1,1,6,6,1,0,0,0,34,39,17,3,23,4,3500,0,0
0,0,8,1,jhfab5x5,67,2,3,1,1,1,2,10,10,5,2,2,4,1,4,3,3,2,15,2,19,19,9,18,5,0,0,5800,1,7,1,7,0,0,0,6,6,1,39,40,17,3,23,4,4200,0,0
0,0,8,1,m96i3iv2,76,2,3,1,0,4,1,10,9,10,5,5,5,5,5,3,3,3,1,2,15,11,4,13,9,0,0,10000,0,-1,-0.333333333333333,3,0,0,0,0,0,0,0,0,0,0,0,0,0,0,0
0,0,8,1,m96i3iv2,76,2,3,1,0,4,1,10,9,10,5,5,5,5,5,3,3,3,2,2,13,9,4,15,15,0,0,9600,0,-3,-3,1,3,3,1,0,0,0,3,3,0,0,0,0,0,0,0
0,0,8,1,m96i3iv2,76,2,3,1,0,4,1,10,9,10,5,5,5,5,5,3,3,3,3,1,14,8,4,14,12,0,0,9000,0,-4,-2,2,0,3,1,3,3,1,3,4,0,0,3,2,400,0,0
0,0,8,1,m96i3iv2,76,2,3,1,0,4,1,10,9,10,5,5,5,5,5,3,3,3,4,2,11,13,12,11,11,0,0,9000,1,1,1,-1,0,0,0,0,3,1,4,6,3,1,3,2,1000,0,0
0,0,8,1,m96i3iv2,76,2,3,1,0,4,1,10,9,10,5,5,5,5,5,3,3,3,5,2,12,12,12,13,13,0,0,8900,0,0,0,0,1,1,1,0,0,0,6,5,3,2,4,3,1000,0,0
0,0,8,1,m96i3iv2,76,2,3,1,0,4,1,10,9,10,5,5,5,5,5,3,3,3,6,1,20,12,8,12,12,0,0,8100,0,0,0,8,0,1,1,1,1,1,5,5,3,2,4,4,1100,0,0
0,0,8,1,m96i3iv2,76,2,3,1,0,4,1,10,9,10,5,5,5,5,5,3,3,3,7,1,17,7,4,17,12,0,0,7100,0,-5,-1,5,0,1,1,0,1,1,5,13,4,3,4,5,1900,0,0
0,0,8,1,m96i3iv2,76,2,3,1,0,4,1,10,9,10,5,5,5,5,5,3,3,3,8,1,19,5,4,19,12,0,0,5700,0,-7,-1,7,0,1,1,0,1,1,13,18,4,4,4,6,2900,0,0
0,0,8,1,m96i3iv2,76,2,3,1,0,4,1,10,9,10,5,5,5,5,5,3,3,3,9,1,12,11,10,13,12,1,0,5600,0,-1,-1,0,0,1,1,0,1,1,18,25,4,5,4,7,4300,0,0
0,0,8,1,m96i3iv2,76,2,3,1,0,4,1,10,9,10,5,5,5,5,5,3,3,3,10,1,13,13,14,20,12,1,50,5550,1,1,1,1,0,1,1,0,1,1,25,25,4,6,4,8,4400,1,0
0,0,8,1,m96i3iv2,76,2,3,1,0,4,1,10,9,10,5,5,5,5,5,3,3,3,11,2,15,15,12,15,10,0,0,5450,1,3,1,3,0,0,0,0,1,1,25,26,4,7,4,8,4450,1,1
0,0,8,1,m96i3iv2,76,2,3,1,0,4,1,10,9,10,5,5,5,5,5,3,3,3,12,1,18,18,12,13,12,0,0,5450,1,6,1,6,0,0,0,0,0,0,26,29,4,8,4,8,4550,0,0
0,0,8,1,m96i3iv2,76,2,3,1,0,4,1,10,9,10,5,5,5,5,5,3,3,3,13,2,16,16,4,15,15,1,0,4750,1,4,1,4,3,3,1,0,0,0,29,35,4,8,7,9,4550,0,0
0,0,8,1,m96i3iv2,76,2,3,1,0,4,1,10,9,10,5,5,5,5,5,3,3,3,14,1,14,14,3,12,12,0,0,4750,1,2,1,2,0,3,1,3,3,1,35,39,4,8,7,10,5250,1,0
0,0,8,1,m96i3iv2,76,2,3,1,0,4,1,10,9,10,5,5,5,5,5,3,3,3,15,1,18,5,8,19,12,0,0,3450,0,-7,-1.16666666666667,6,0,3,1,0,3,1,39,41,7,9,7,11,5250,0,0
0,0,8,1,5sdxvyfs,79,2,3,1,1,2,2,4,4,4,2,1,1,1,2,2,2,2,1,1,11,11,11,14,12,0,0,10000,0,-1,-1,-1,0,0,0,0,0,0,0,0,0,0,0,0,0,0,0
0,0,8,1,5sdxvyfs,79,2,3,1,1,2,2,4,4,4,2,1,1,1,2,2,2,2,2,1,12,11,1,14,12,0,0,9900,0,-1,-1,0,0,0,0,0,0,0,-1,-1,0,0,0,0,0,0,0
0,0,8,1,5sdxvyfs,79,2,3,1,1,2,2,4,4,4,2,1,1,1,2,2,2,2,3,2,14,14,5,12,12,0,0,9700,1,2,1,2,0,0,0,0,0,0,-1,-1,0,0,0,0,100,0,0
0,0,8,1,5sdxvyfs,79,2,3,1,1,2,2,4,4,4,2,1,1,1,2,2,2,2,4,2,13,13,2,11,13,0,0,9500,1,1,1,1,1,1,1,0,0,0,-1,1,0,0,1,1,300,0,0
0,0,8,1,5sdxvyfs,79,2,3,1,1,2,2,4,4,4,2,1,1,1,2,2,2,2,5,1,15,12,11,12,12,0,0,9200,0,0,0,3,0,1,1,1,1,1,1,2,0,0,1,2,500,0,0
0,0,8,1,5sdxvyfs,79,2,3,1,1,2,2,4,4,4,2,1,1,1,2,2,2,2,6,2,18,15,14,15,13,0,0,8500,1,3,0.5,6,1,1,1,0,1,1,2,5,1,1,2,3,800,0,0
0,0,8,1,5sdxvyfs,79,2,3,1,1,2,2,4,4,4,2,1,1,1,2,2,2,2,7,2,16,16,8,20,20,0,0,7300,1,4,1,4,8,8,1,1,1,1,5,11,1,2,10,4,1500,0,0
0,0,8,1,5sdxvyfs,79,2,3,1,1,2,2,4,4,4,2,1,1,1,2,2,2,2,8,1,18,18,1,16,12,1,300,7000,1,6,1,6,0,8,1,8,8,1,11,15,2,3,10,5,2700,0,0
0,0,8,1,5sdxvyfs,79,2,3,1,1,2,2,4,4,4,2,1,1,1,2,2,2,2,9,2,13,12,9,12,11,0,0,7000,0,0,0,1,0,0,0,0,8,1,15,21,10,4,10,5,3000,1,1
0,0,8,1,5sdxvyfs,79,2,3,1,1,2,2,4,4,4,2,1,1,1,2,2,2,2,10,1,19,18,8,18,12,0,0,6900,1,6,0.857142857142857,7,0,0,0,0,0,0,21,22,10,5,10,5,3000,0,0
0,0,8,1,5sdxvyfs,79,2,3,1,1,2,2,4,4,4,2,1,1,1,2,2,2,2,11,1,15,12,15,18,12,0,0,6600,0,0,0,3,0,0,0,0,0,0,22,29,10,5,10,5,3100,0,0
0,0,8,1,5sdxvyfs,79,2,3,1,1,2,2,4,4,4,2,1,1,1,2,2,2,2,12,1,12,12,5,16,12,1,0,6600,0,0,0,0,0,0,0,0,0,0,29,32,10,5,10,5,3400,0,0
0,0,8,1,5sdxvyfs,79,2,3,1,1,2,2,4,4,4,2,1,1,1,2,2,2,2,13,1,14,14,3,17,12,0,0,6600,1,2,1,2,0,0,0,0,0,0,32,32,10,5,10,5,3400,1,0
0,0,8,1,5sdxvyfs,79,2,3,1,1,2,2,4,4,4,2,1,1,1,2,2,2,2,14,1,20,20,7,20,12,1,400,6200,1,8,1,8,0,0,0,0,0,0,32,34,10,5,10,5,3400,0,0
0,0,8,1,5sdxvyfs,79,2,3,1,1,2,2,4,4,4,2,1,1,1,2,2,2,2,15,2,17,17,14,18,1,0,0,6200,1,5,1,5,0,0,0,0,0,0,34,42,10,5,10,5,3800,1,1
0,0,8,1,jv40ujnw,72,2,4,2,1,2,2,8,5,8,5,5,5,5,5,3,2,3,1,2,14,11,10,11,11,0,0,9900,0,-1,-0.5,2,0,0,0,0,0,0,0,0,0,0,0,0,0,0,0
0,0,8,1,jv40ujnw,72,2,4,2,1,2,2,8,5,8,5,5,5,5,5,3,2,3,2,2,11,12,12,12,12,0,0,9900,0,0,0,-1,0,0,0,0,0,0,2,2,0,0,0,0,100,0,0
0,0,8,1,jv40ujnw,72,2,4,2,1,2,2,8,5,8,5,5,5,5,5,3,2,3,3,2,15,13,1,11,11,0,0,9700,1,1,0.333333333333333,3,0,0,0,0,0,0,2,1,0,0,0,0,100,0,0
0,0,8,1,jv40ujnw,72,2,4,2,1,2,2,8,5,8,5,5,5,5,5,3,2,3,4,1,13,11,15,13,12,0,0,9500,0,-1,-1,1,0,0,0,0,0,0,1,4,0,0,0,0,300,0,0
0,0,8,1,jv40ujnw,72,2,4,2,1,2,2,8,5,8,5,5,5,5,5,3,2,3,5,2,12,12,10,15,12,0,0,9500,0,0,0,0,0,0,0,0,0,0,4,5,0,0,0,0,500,0,0
0,0,8,1,jv40ujnw,72,2,4,2,1,2,2,8,5,8,5,5,5,5,5,3,2,3,6,1,20,15,3,20,12,0,0,9000,1,3,0.375,8,0,0,0,0,0,0,5,5,0,0,0,0,500,0,0
0,0,8,1,jv40ujnw,72,2,4,2,1,2,2,8,5,8,5,5,5,5,5,3,2,3,7,1,19,19,1,14,12,0,0,9000,1,7,1,7,0,0,0,0,0,0,5,13,0,0,0,0,1000,0,0
0,0,8,1,jv40ujnw,72,2,4,2,1,2,2,8,5,8,5,5,5,5,5,3,2,3,8,2,17,17,14,16,10,0,0,8700,1,5,1,5,0,0,0,0,0,0,13,20,0,0,0,0,1000,0,0
0,0,8,1,jv40ujnw,72,2,4,2,1,2,2,8,5,8,5,5,5,5,5,3,2,3,9,2,14,15,2,16,18,0,0,7900,1,3,1.5,2,6,6,1,0,0,0,20,25,0,0,6,1,1300,0,0
0,0,8,1,jv40ujnw,72,2,4,2,1,2,2,8,5,8,5,5,5,5,5,3,2,3,10,2,12,12,1,17,17,0,0,7400,0,0,0,0,5,5,1,6,6,1,25,27,0,0,11,2,2100,0,0
0,0,8,1,jv40ujnw,72,2,4,2,1,2,2,8,5,8,5,5,5,5,5,3,2,3,11,1,16,23,5,15,12,1,550,6850,1,11,2.75,4,0,5,1,5,5,1,27,27,6,1,11,3,2600,0,0
0,0,8,1,jv40ujnw,72,2,4,2,1,2,2,8,5,8,5,5,5,5,5,3,2,3,12,2,13,13,12,13,13,0,0,6650,1,1,1,1,1,1,1,0,5,1,27,31,11,2,12,4,3150,1,1
0,0,8,1,jv40ujnw,72,2,4,2,1,2,2,8,5,8,5,5,5,5,5,3,2,3,13,1,15,10,8,17,12,0,0,6150,0,-2,-0.666666666666667,3,0,1,1,1,1,1,31,32,11,3,12,5,3350,0,0
0,0,8,1,jv40ujnw,72,2,4,2,1,2,2,8,5,8,5,5,5,5,5,3,2,3,14,2,18,18,15,17,17,0,0,5050,1,6,1,6,5,5,1,0,1,1,32,35,12,4,17,6,3850,0,0
0,0,8,1,jv40ujnw,72,2,4,2,1,2,2,8,5,8,5,5,5,5,5,3,2,3,15,1,18,21,13,13,12,0,0,5050,1,9,1.5,6,0,5,1,5,5,1,35,41,12,5,17,7,4950,0,0
0,0,8,1,b7mumj7w,78,2,4,2,1,3,1,6,6,8,4,4,4,4,4,2,2,3,1,2,15,15,3,12,12,0,0,9700,1,3,1,3,0,0,0,0,0,0,0,0,0,0,0,0,0,0,0
0,0,8,1,b7mumj7w,78,2,4,2,1,3,1,6,6,8,4,4,4,4,4,2,2,3,2,1,12,12,11,11,12,1,0,9700,0,0,0,0,0,0,0,0,0,0,3,3,0,0,0,0,300,0,0
0,0,8,1,b7mumj7w,78,2,4,2,1,3,1,6,6,8,4,4,4,4,4,2,2,3,3,2,14,14,7,11,11,0,0,9600,1,2,1,2,0,0,0,0,0,0,3,3,0,0,0,0,300,0,0
0,0,8,1,b7mumj7w,78,2,4,2,1,3,1,6,6,8,4,4,4,4,4,2,2,3,4,1,11,11,9,11,12,1,0,9600,0,-1,-1,-1,0,0,0,0,0,0,3,5,0,0,0,0,400,0,0
0,0,8,1,b7mumj7w,78,2,4,2,1,3,1,6,6,8,4,4,4,4,4,2,2,3,5,1,13,13,9,12,12,0,0,9600,1,1,1,1,0,0,0,0,0,0,5,4,0,0,0,0,400,1,0
0,0,8,1,b7mumj7w,78,2,4,2,1,3,1,6,6,8,4,4,4,4,4,2,2,3,6,2,18,18,7,14,14,1,0,8800,1,6,1,6,2,2,1,0,0,0,4,5,0,0,2,1,400,0,0
0,0,8,1,b7mumj7w,78,2,4,2,1,3,1,6,6,8,4,4,4,4,4,2,2,3,7,2,14,14,5,12,12,0,0,8600,1,2,1,2,0,0,0,2,2,1,5,11,0,0,2,1,1200,1,0
0,0,8,1,b7mumj7w,78,2,4,2,1,3,1,6,6,8,4,4,4,4,4,2,2,3,8,2,19,19,8,15,15,0,0,7600,1,7,1,7,3,3,1,0,0,0,11,13,2,1,5,2,1400,0,0
0,0,8,1,b7mumj7w,78,2,4,2,1,3,1,6,6,8,4,4,4,4,4,2,2,3,9,2,17,17,8,14,14,1,0,6900,1,5,1,5,2,2,1,3,3,1,13,20,2,1,7,3,2400,0,0
0,0,8,1,b7mumj7w,78,2,4,2,1,3,1,6,6,8,4,4,4,4,4,2,2,3,10,1,20,15,13,16,12,1,150,6250,1,3,0.375,8,0,2,1,2,2,1,20,25,5,2,7,4,3100,1,0
0,0,8,1,b7mumj7w,78,2,4,2,1,3,1,6,6,8,4,4,4,4,4,2,2,3,11,1,15,10,9,15,12,0,0,5750,0,-2,-0.666666666666667,3,0,2,1,0,2,1,25,33,7,3,7,5,3750,1,1
0,0,8,1,b7mumj7w,78,2,4,2,1,3,1,6,6,8,4,4,4,4,4,2,2,3,12,2,13,13,9,18,18,0,0,5050,1,1,1,1,6,6,1,0,2,1,33,36,7,4,13,6,4250,0,0
0,0,8,1,b7mumj7w,78,2,4,2,1,3,1,6,6,8,4,4,4,4,4,2,2,3,13,2,18,18,15,19,19,0,0,3750,1,6,1,6,7,7,1,6,6,1,36,37,7,5,20,7,4950,0,0
0,0,8,1,b7mumj7w,78,2,4,2,1,3,1,6,6,8,4,4,4,4,4,2,2,3,14,1,16,16,6,19,12,1,200,3550,1,4,1,4,0,7,1,7,7,1,37,43,13,6,20,8,6250,0,0
0,0,8,1,b7mumj7w,78,2,4,2,1,3,1,6,6,8,4,4,4,4,4,2,2,3,15,1,12,12,2,19,12,0,0,3550,0,0,0,0,0,7,1,0,7,1,43,47,20,7,20,9,6450,1,1
0,0,8,1,gnka6dy1,79,2,2,1,0,2,2,10,10,10,2,2,2,2,2,3,3,3,1,2,15,8,15,12,9,0,0,10000,0,-4,-1.33333333333333,3,0,0,0,0,0,0,0,0,0,0,0,0,0,0,0
0,0,8,1,gnka6dy1,79,2,2,1,0,2,2,10,10,10,2,2,2,2,2,3,3,3,2,2,13,8,8,11,11,0,0,10000,0,-4,-4,1,0,0,0,0,0,0,3,3,0,0,0,0,0,0,0
0,0,8,1,gnka6dy1,79,2,2,1,0,2,2,10,10,10,2,2,2,2,2,3,3,3,3,1,11,8,8,14,12,0,0,9700,0,-4,-4,-1,0,0,0,0,0,0,3,4,0,0,0,0,0,0,0
0,0,8,1,gnka6dy1,79,2,2,1,0,2,2,10,10,10,2,2,2,2,2,3,3,3,4,2,12,8,1,13,13,0,0,9600,0,-4,-4,0,1,1,1,0,0,0,4,3,0,0,1,1,300,0,0
0,0,8,1,gnka6dy1,79,2,2,1,0,2,2,10,10,10,2,2,2,2,2,3,3,3,5,2,14,8,3,11,11,1,0,9500,0,-4,-2,2,0,0,0,1,1,1,3,3,0,0,1,1,400,0,0
0,0,8,1,gnka6dy1,79,2,2,1,0,2,2,10,10,10,2,2,2,2,2,3,3,3,6,2,20,15,15,14,20,0,0,7900,1,3,0.375,8,8,8,1,0,0,0,3,5,1,1,9,2,500,1,0
0,0,8,1,gnka6dy1,79,2,2,1,0,2,2,10,10,10,2,2,2,2,2,3,3,3,7,1,17,15,2,18,12,0,0,7700,1,3,0.6,5,0,8,1,8,8,1,5,13,1,1,9,3,2100,0,0
0,0,8,1,gnka6dy1,79,2,2,1,0,2,2,10,10,10,2,2,2,2,2,3,3,3,8,1,18,15,15,13,12,0,0,7400,1,3,0.5,6,0,8,1,0,8,1,13,18,9,2,9,4,2300,0,0
0,0,8,1,gnka6dy1,79,2,2,1,0,2,2,10,10,10,2,2,2,2,2,3,3,3,9,2,14,15,3,19,17,0,0,6700,1,3,1.5,2,5,5,1,0,8,1,18,24,9,3,14,5,2600,0,0
0,0,8,1,gnka6dy1,79,2,2,1,0,2,2,10,10,10,2,2,2,2,2,3,3,3,10,2,16,16,12,20,15,0,0,6000,1,4,1,4,3,3,1,5,5,1,24,26,9,4,17,6,3300,0,0
0,0,8,1,gnka6dy1,79,2,2,1,0,2,2,10,10,10,2,2,2,2,2,3,3,3,11,2,18,16,7,17,17,0,0,4900,1,4,0.666666666666667,6,5,5,1,3,3,1,26,30,14,5,22,7,4000,0,0
0,0,8,1,gnka6dy1,79,2,2,1,0,2,2,10,10,10,2,2,2,2,2,3,3,3,12,2,12,17,3,15,15,1,0,4600,1,5,5,0,3,3,1,5,5,1,30,36,17,6,25,8,5100,0,0
0,0,8,1,gnka6dy1,79,2,2,1,0,2,2,10,10,10,2,2,2,2,2,3,3,3,13,2,19,16,7,12,12,0,0,3900,1,4,0.571428571428571,7,0,0,0,3,3,1,36,36,22,7,25,8,5400,1,0
0,0,8,1,gnka6dy1,79,2,2,1,0,2,2,10,10,10,2,2,2,2,2,3,3,3,14,2,15,17,14,19,4,0,0,3900,1,5,1.66666666666667,3,0,0,0,0,0,0,36,43,25,8,25,8,6100,0,0
0,0,8,1,gnka6dy1,79,2,2,1,0,2,2,10,10,10,2,2,2,2,2,3,3,3,15,2,13,17,11,18,21,0,0,2900,1,5,5,1,9,9,1,0,0,0,43,46,25,8,34,9,6100,0,0
0,0,8,1,vo44j082,77,2,2,1,1,2,2,6,6,6,1,1,5,2,3,2,2,2,1,2,15,6,6,11,11,0,0,9800,0,-6,-2,3,0,0,0,0,0,0,0,0,0,0,0,0,0,0,0
0,0,8,1,vo44j082,77,2,2,1,1,2,2,6,6,6,1,1,5,2,3,2,2,2,2,1,14,8,6,15,12,0,0,9200,0,-4,-2,2,0,0,0,0,0,0,3,3,0,0,0,0,200,0,0
0,0,8,1,vo44j082,77,2,2,1,1,2,2,6,6,6,1,1,5,2,3,2,2,2,3,1,11,12,3,15,12,0,0,9200,0,0,0,-1,0,0,0,0,0,0,3,5,0,0,0,0,800,0,0
0,0,8,1,vo44j082,77,2,2,1,1,2,2,6,6,6,1,1,5,2,3,2,2,2,4,2,12,16,3,13,13,0,0,9100,1,4,4,0,1,1,1,0,0,0,5,4,0,0,1,1,800,0,0
0,0,8,1,vo44j082,77,2,2,1,1,2,2,6,6,6,1,1,5,2,3,2,2,2,5,2,13,24,5,14,14,0,0,8800,1,12,12,1,2,2,1,1,1,1,4,4,0,0,3,2,900,0,0
0,0,8,1,vo44j082,77,2,2,1,1,2,2,6,6,6,1,1,5,2,3,2,2,2,6,1,15,13,10,18,12,0,0,8600,1,1,0.333333333333333,3,0,2,1,2,2,1,4,5,1,1,3,3,1200,0,0
0,0,8,1,vo44j082,77,2,2,1,1,2,2,6,6,6,1,1,5,2,3,2,2,2,7,2,12,13,7,18,12,0,0,8600,1,1,1,0,0,0,0,0,2,1,5,8,3,2,3,3,1400,0,0
0,0,8,1,vo44j082,77,2,2,1,1,2,2,6,6,6,1,1,5,2,3,2,2,2,8,1,16,10,11,17,12,0,0,8000,0,-2,-0.5,4,0,0,0,0,0,0,8,8,3,3,3,3,1400,0,0
0,0,8,1,vo44j082,77,2,2,1,1,2,2,6,6,6,1,1,5,2,3,2,2,2,9,1,17,2,2,16,12,0,0,6500,0,-10,-2,5,0,0,0,0,0,0,8,12,3,3,3,3,2000,0,0
0,0,8,1,vo44j082,77,2,2,1,1,2,2,6,6,6,1,1,5,2,3,2,2,2,10,2,20,7,9,13,13,0,0,5600,0,-5,-0.625,8,1,1,1,0,0,0,12,17,3,3,4,4,3500,0,0
0,0,8,1,vo44j082,77,2,2,1,1,2,2,6,6,6,1,1,5,2,3,2,2,2,11,2,18,8,1,13,13,0,0,4900,0,-4,-0.666666666666667,6,1,1,1,1,1,1,17,25,3,3,5,5,4400,0,0
0,0,8,1,vo44j082,77,2,2,1,1,2,2,6,6,6,1,1,5,2,3,2,2,2,12,2,14,16,8,16,16,0,0,4300,1,4,2,2,4,4,1,1,1,1,25,31,4,4,9,6,5100,0,0
0,0,8,1,vo44j082,77,2,2,1,1,2,2,6,6,6,1,1,5,2,3,2,2,2,13,2,13,17,11,15,10,0,0,4300,1,5,5,1,0,0,0,4,4,1,31,33,5,5,9,6,5700,0,0
0,0,8,1,vo44j082,77,2,2,1,1,2,2,6,6,6,1,1,5,2,3,2,2,2,14,1,19,4,13,15,12,0,0,2800,0,-8,-1.14285714285714,7,0,0,0,0,0,0,33,34,9,6,9,6,5700,0,0
0,0,8,1,vo44j082,77,2,2,1,1,2,2,6,6,6,1,1,5,2,3,2,2,2,15,1,18,1,10,17,12,0,0,1100,0,-11,-1.83333333333333,6,0,0,0,0,0,0,34,41,9,6,9,6,7200,0,0
0,0,8,1,q6e0qcw6,79,2,3,1,1,3,1,10,10,8,3,5,4,4,4,3,3,3,1,1,12,9,13,15,12,0,0,9700,0,-3,-3,0,0,0,0,0,0,0,0,0,0,0,0,0,0,0,0
0,0,8,1,q6e0qcw6,79,2,3,1,1,3,1,10,10,8,3,5,4,4,4,3,3,3,2,2,15,15,5,11,12,0,0,9400,1,3,1,3,0,0,0,0,0,0,0,0,0,0,0,0,300,0,0
0,0,8,1,q6e0qcw6,79,2,3,1,1,3,1,10,10,8,3,5,4,4,4,3,3,3,3,2,11,12,5,12,12,1,0,9400,0,0,0,-1,0,0,0,0,0,0,0,3,0,0,0,0,600,0,0
0,0,8,1,q6e0qcw6,79,2,3,1,1,3,1,10,10,8,3,5,4,4,4,3,3,3,4,2,13,12,11,13,11,1,0,9400,0,0,0,1,0,0,0,0,0,0,3,2,0,0,0,0,600,1,0
0,0,8,1,q6e0qcw6,79,2,3,1,1,3,1,10,10,8,3,5,4,4,4,3,3,3,5,2,14,13,2,15,11,0,0,9300,1,1,0.5,2,0,0,0,0,0,0,2,3,0,0,0,0,600,1,0
0,0,8,1,q6e0qcw6,79,2,3,1,1,3,1,10,10,8,3,5,4,4,4,3,3,3,6,1,14,20,13,20,12,0,0,9300,1,8,4,2,0,0,0,0,0,0,3,5,0,0,0,0,700,0,0
0,0,8,1,q6e0qcw6,79,2,3,1,1,3,1,10,10,8,3,5,4,4,4,3,3,3,7,2,20,20,3,13,13,0,0,8400,1,8,1,8,1,1,1,0,0,0,5,7,0,0,1,1,700,0,0
0,0,8,1,q6e0qcw6,79,2,3,1,1,3,1,10,10,8,3,5,4,4,4,3,3,3,8,2,13,18,13,18,15,0,0,8000,1,6,6,1,3,3,1,1,1,1,7,15,0,0,4,2,1600,0,0
0,0,8,1,q6e0qcw6,79,2,3,1,1,3,1,10,10,8,3,5,4,4,4,3,3,3,9,1,12,12,5,19,12,0,0,8000,0,0,0,0,0,3,1,3,3,1,15,16,1,1,4,3,2000,0,0
0,0,8,1,q6e0qcw6,79,2,3,1,1,3,1,10,10,8,3,5,4,4,4,3,3,3,10,1,18,18,5,13,12,0,0,8000,1,6,1,6,0,3,1,0,3,1,16,16,4,2,4,4,2000,0,0
0,0,8,1,q6e0qcw6,79,2,3,1,1,3,1,10,10,8,3,5,4,4,4,3,3,3,11,2,18,18,10,15,12,0,0,7400,1,6,1,6,0,0,0,0,3,1,16,22,4,3,4,4,2000,0,0
0,0,8,1,q6e0qcw6,79,2,3,1,1,3,1,10,10,8,3,5,4,4,4,3,3,3,12,1,15,15,4,13,12,0,0,7400,1,3,1,3,0,0,0,0,0,0,22,28,4,4,4,4,2600,0,0
0,0,8,1,q6e0qcw6,79,2,3,1,1,3,1,10,10,8,3,5,4,4,4,3,3,3,13,1,19,19,12,18,12,0,0,7400,1,7,1,7,0,0,0,0,0,0,28,31,4,4,4,4,2600,0,0
0,0,8,1,q6e0qcw6,79,2,3,1,1,3,1,10,10,8,3,5,4,4,4,3,3,3,14,2,17,17,2,18,18,1,0,6300,1,5,1,5,6,6,1,0,0,0,31,38,4,4,10,5,2600,0,0
0,0,8,1,q6e0qcw6,79,2,3,1,1,3,1,10,10,8,3,5,4,4,4,3,3,3,15,1,16,16,6,17,12,0,0,6300,1,4,1,4,0,6,1,6,6,1,38,43,4,4,10,6,3700,1,0
1,0,9,1,rnp0ac5p,52,2,3,1,1,2,2,10,10,10,5,5,5,4,4,3,3,3,1,1,15,13,4,12,12,0,0,9800,1,1,0.333333333333333,3,0,0,0,0,0,0,0,0,0,0,0,0,0,0,0
1,0,9,1,rnp0ac5p,52,2,3,1,1,2,2,10,10,10,5,5,5,4,4,3,3,3,2,2,12,12,15,13,13,0,0,9700,0,0,0,0,1,1,1,0,0,0,3,3,0,0,0,0,200,0,0
1,0,9,1,rnp0ac5p,52,2,3,1,1,2,2,10,10,10,5,5,5,4,4,3,3,3,3,2,13,13,11,11,12,0,0,9600,1,1,1,1,0,0,0,1,1,1,3,3,0,0,1,1,300,0,0
1,0,9,1,rnp0ac5p,52,2,3,1,1,2,2,10,10,10,5,5,5,4,4,3,3,3,4,1,14,14,15,14,12,0,0,9600,1,2,1,2,0,0,0,0,0,0,3,4,1,1,1,1,400,0,0
1,0,9,1,rnp0ac5p,52,2,3,1,1,2,2,10,10,10,5,5,5,4,4,3,3,3,5,1,11,11,11,12,12,0,0,9600,0,-1,-1,-1,0,0,0,0,0,0,4,6,1,1,1,1,400,0,0
1,0,9,1,rnp0ac5p,52,2,3,1,1,2,2,10,10,10,5,5,5,4,4,3,3,3,6,2,18,18,4,12,12,0,0,9000,1,6,1,6,0,0,0,0,0,0,6,5,1,1,1,1,400,0,0
1,0,9,1,rnp0ac5p,52,2,3,1,1,2,2,10,10,10,5,5,5,4,4,3,3,3,7,2,19,19,8,15,12,0,0,8300,1,7,1,7,0,0,0,0,0,0,5,11,1,1,1,1,1000,0,0
1,0,9,1,rnp0ac5p,52,2,3,1,1,2,2,10,10,10,5,5,5,4,4,3,3,3,8,2,16,16,3,12,14,0,0,7700,1,4,1,4,2,2,1,0,0,0,11,18,1,1,3,2,1700,0,0
1,0,9,1,rnp0ac5p,52,2,3,1,1,2,2,10,10,10,5,5,5,4,4,3,3,3,9,2,15,14,3,16,16,1,0,7000,1,2,0.666666666666667,3,4,4,1,2,2,1,18,22,1,1,7,3,2300,0,0
1,0,9,1,rnp0ac5p,52,2,3,1,1,2,2,10,10,10,5,5,5,4,4,3,3,3,10,1,17,14,12,17,12,0,0,6700,1,2,0.4,5,0,4,1,4,4,1,22,25,3,2,7,4,3000,1,0
1,0,9,1,rnp0ac5p,52,2,3,1,1,2,2,10,10,10,5,5,5,4,4,3,3,3,11,2,20,18,7,15,15,0,0,5600,1,6,0.75,8,3,3,1,0,4,1,25,30,7,3,10,5,3300,0,0
1,0,9,1,rnp0ac5p,52,2,3,1,1,2,2,10,10,10,5,5,5,4,4,3,3,3,12,1,13,13,14,13,12,0,0,5600,1,1,1,1,0,3,1,3,3,1,30,38,7,4,10,6,4400,0,0
1,0,9,1,rnp0ac5p,52,2,3,1,1,2,2,10,10,10,5,5,5,4,4,3,3,3,13,1,14,14,4,17,12,0,0,5600,1,2,1,2,0,3,1,0,3,1,38,39,10,5,10,7,4400,0,0
1,0,9,1,rnp0ac5p,52,2,3,1,1,2,2,10,10,10,5,5,5,4,4,3,3,3,14,1,17,17,6,16,12,0,0,5600,1,5,1,5,0,3,1,0,3,1,39,41,10,6,10,8,4400,0,0
1,0,9,1,rnp0ac5p,52,2,3,1,1,2,2,10,10,10,5,5,5,4,4,3,3,3,15,1,12,12,10,17,12,0,0,5600,0,0,0,0,0,3,1,0,3,1,41,46,10,7,10,9,4400,0,0
1,0,9,1,9rkeoa86,57,2,2,1,1,1,2,8,6,7,5,5,5,5,5,3,2,3,1,2,13,12,12,14,14,1,0,9700,0,0,0,1,2,2,1,0,0,0,0,0,0,0,0,0,0,0,0
1,0,9,1,9rkeoa86,57,2,2,1,1,1,2,8,6,7,5,5,5,5,5,3,2,3,2,1,11,11,12,12,12,1,0,9700,0,-1,-1,-1,0,2,1,2,2,1,1,1,2,1,2,1,300,0,0
1,0,9,1,9rkeoa86,57,2,2,1,1,1,2,8,6,7,5,5,5,5,5,3,2,3,3,1,12,12,5,12,12,0,0,9700,0,0,0,0,0,2,1,0,2,1,1,0,2,1,2,3,300,0,0
1,0,9,1,9rkeoa86,57,2,2,1,1,1,2,8,6,7,5,5,5,5,5,3,2,3,4,2,14,14,4,13,12,0,0,9500,1,2,1,2,0,0,0,0,2,1,0,0,2,2,2,3,300,0,0
1,0,9,1,9rkeoa86,57,2,2,1,1,1,2,8,6,7,5,5,5,5,5,3,2,3,5,2,15,15,5,11,11,1,0,9300,1,3,1,3,0,0,0,0,0,0,0,2,2,3,2,3,500,0,0
1,0,9,1,9rkeoa86,57,2,2,1,1,1,2,8,6,7,5,5,5,5,5,3,2,3,6,1,17,16,5,14,12,0,0,9200,1,4,0.8,5,0,0,0,0,0,0,2,5,2,3,2,3,700,1,0
1,0,9,1,9rkeoa86,57,2,2,1,1,1,2,8,6,7,5,5,5,5,5,3,2,3,7,1,17,17,10,17,12,0,0,9200,1,5,1,5,0,0,0,0,0,0,5,10,2,3,2,3,800,0,0
1,0,9,1,9rkeoa86,57,2,2,1,1,1,2,8,6,7,5,5,5,5,5,3,2,3,8,1,13,13,4,17,12,0,0,9200,1,1,1,1,0,0,0,0,0,0,10,15,2,3,2,3,800,0,0
1,0,9,1,9rkeoa86,57,2,2,1,1,1,2,8,6,7,5,5,5,5,5,3,2,3,9,2,16,16,7,19,19,0,0,8100,1,4,1,4,7,7,1,0,0,0,15,16,2,3,9,4,800,0,0
1,0,9,1,9rkeoa86,57,2,2,1,1,1,2,8,6,7,5,5,5,5,5,3,2,3,10,1,15,15,8,17,12,0,0,8100,1,3,1,3,0,7,1,7,7,1,16,20,2,3,9,5,1900,0,0
1,0,9,1,9rkeoa86,57,2,2,1,1,1,2,8,6,7,5,5,5,5,5,3,2,3,11,1,20,20,10,13,12,0,0,8100,1,8,1,8,0,7,1,0,7,1,20,23,9,4,9,6,1900,0,0
1,0,9,1,9rkeoa86,57,2,2,1,1,1,2,8,6,7,5,5,5,5,5,3,2,3,12,1,14,14,15,20,12,1,100,8000,1,2,1,2,0,7,1,0,7,1,23,31,9,5,9,7,1900,0,0
1,0,9,1,9rkeoa86,57,2,2,1,1,1,2,8,6,7,5,5,5,5,5,3,2,3,13,2,12,12,14,18,18,0,0,7400,0,0,0,0,6,6,1,0,7,1,31,33,9,6,15,8,2000,1,1
1,0,9,1,9rkeoa86,57,2,2,1,1,1,2,8,6,7,5,5,5,5,5,3,2,3,14,2,19,19,7,20,21,0,0,5800,1,7,1,7,9,9,1,6,6,1,33,33,9,7,24,9,2600,0,0
1,0,9,1,9rkeoa86,57,2,2,1,1,1,2,8,6,7,5,5,5,5,5,3,2,3,15,1,18,18,9,14,12,0,0,5800,1,6,1,6,0,9,1,9,9,1,33,40,15,8,24,10,4200,0,0
1,0,9,1,2mscqceh,69,2,2,1,1,1,2,10,10,9,2,3,2,4,4,3,3,3,1,1,14,12,9,12,12,0,0,9800,0,0,0,2,0,0,0,0,0,0,0,0,0,0,0,0,0,0,0
1,0,9,1,2mscqceh,69,2,2,1,1,1,2,10,10,9,2,3,2,4,4,3,3,3,2,2,11,11,4,14,11,0,0,9800,0,-1,-1,-1,0,0,0,0,0,0,2,2,0,0,0,0,200,0,0
1,0,9,1,2mscqceh,69,2,2,1,1,1,2,10,10,9,2,3,2,4,4,3,3,3,3,1,13,12,8,15,12,0,0,9700,0,0,0,1,0,0,0,0,0,0,2,1,0,0,0,0,200,0,0
1,0,9,1,2mscqceh,69,2,2,1,1,1,2,10,10,9,2,3,2,4,4,3,3,3,4,2,12,12,13,14,12,0,0,9700,0,0,0,0,0,0,0,0,0,0,1,2,0,0,0,0,300,0,0
1,0,9,1,2mscqceh,69,2,2,1,1,1,2,10,10,9,2,3,2,4,4,3,3,3,5,2,15,15,15,11,11,0,0,9500,1,3,1,3,0,0,0,0,0,0,2,2,0,0,0,0,300,0,0
1,0,9,1,2mscqceh,69,2,2,1,1,1,2,10,10,9,2,3,2,4,4,3,3,3,6,2,20,20,15,17,17,0,0,8200,1,8,1,8,5,5,1,0,0,0,2,5,0,0,5,1,500,0,0
1,0,9,1,2mscqceh,69,2,2,1,1,1,2,10,10,9,2,3,2,4,4,3,3,3,7,2,13,13,7,17,11,0,0,8200,1,1,1,1,0,0,0,5,5,1,5,13,0,0,5,1,1800,0,0
1,0,9,1,2mscqceh,69,2,2,1,1,1,2,10,10,9,2,3,2,4,4,3,3,3,8,1,12,14,1,16,12,0,0,8200,1,2,2,0,0,0,0,0,0,0,13,14,5,1,5,1,1800,0,0
1,0,9,1,2mscqceh,69,2,2,1,1,1,2,10,10,9,2,3,2,4,4,3,3,3,9,1,16,16,1,15,12,0,0,8200,1,4,1,4,0,0,0,0,0,0,14,14,5,1,5,1,1800,0,0
1,0,9,1,2mscqceh,69,2,2,1,1,1,2,10,10,9,2,3,2,4,4,3,3,3,10,2,18,17,10,18,12,0,0,7600,1,5,0.833333333333333,6,0,0,0,0,0,0,14,18,5,1,5,1,1800,0,0
1,0,9,1,2mscqceh,69,2,2,1,1,1,2,10,10,9,2,3,2,4,4,3,3,3,11,2,17,17,5,20,20,0,0,6300,1,5,1,5,8,8,1,0,0,0,18,24,5,1,13,2,2400,0,0
1,0,9,1,2mscqceh,69,2,2,1,1,1,2,10,10,9,2,3,2,4,4,3,3,3,12,2,14,15,12,19,24,0,0,4900,1,3,1.5,2,12,12,1,8,8,1,24,29,5,1,25,3,3700,0,0
1,0,9,1,2mscqceh,69,2,2,1,1,1,2,10,10,9,2,3,2,4,4,3,3,3,13,1,17,17,13,20,12,0,0,4900,1,5,1,5,0,12,1,12,12,1,29,31,13,2,25,4,5100,0,0
1,0,9,1,2mscqceh,69,2,2,1,1,1,2,10,10,9,2,3,2,4,4,3,3,3,14,2,19,19,14,19,19,0,0,3500,1,7,1,7,7,7,1,0,12,1,31,36,25,3,32,5,5100,0,0
1,0,9,1,2mscqceh,69,2,2,1,1,1,2,10,10,9,2,3,2,4,4,3,3,3,15,2,15,15,8,14,12,0,0,3200,1,3,1,3,0,0,0,7,7,1,36,43,25,4,32,5,6500,0,0
1,0,9,1,0ma2n64g,69,2,2,1,0,1,2,10,10,10,4,4,4,5,5,3,3,3,1,2,12,9,1,15,13,0,0,9900,0,-3,-3,0,1,1,1,0,0,0,0,0,0,0,0,0,0,0,0
1,0,9,1,0ma2n64g,69,2,2,1,0,1,2,10,10,10,4,4,4,5,5,3,3,3,2,1,14,11,3,11,12,0,0,9600,0,-1,-0.5,2,0,1,1,1,1,1,0,0,1,1,1,1,100,0,0
1,0,9,1,0ma2n64g,69,2,2,1,0,1,2,10,10,10,4,4,4,5,5,3,3,3,3,1,11,11,14,13,12,0,0,9600,0,-1,-1,-1,0,1,1,0,1,1,0,2,1,1,1,3,400,0,0
1,0,9,1,0ma2n64g,69,2,2,1,0,1,2,10,10,10,4,4,4,5,5,3,3,3,4,1,13,12,2,14,12,0,0,9500,0,0,0,1,0,1,1,0,1,1,2,1,1,2,1,4,400,0,0
1,0,9,1,0ma2n64g,69,2,2,1,0,1,2,10,10,10,4,4,4,5,5,3,3,3,5,1,15,15,8,12,12,0,0,9500,1,3,1,3,0,1,1,0,1,1,1,2,1,3,1,5,500,0,0
1,0,9,1,0ma2n64g,69,2,2,1,0,1,2,10,10,10,4,4,4,5,5,3,3,3,6,1,12,12,1,18,12,0,0,9500,0,0,0,0,0,1,1,0,1,1,2,5,1,4,1,6,500,0,0
1,0,9,1,0ma2n64g,69,2,2,1,0,1,2,10,10,10,4,4,4,5,5,3,3,3,7,1,16,12,5,18,12,0,0,9100,0,0,0,4,0,1,1,0,1,1,5,5,1,5,1,7,500,0,0
1,0,9,1,0ma2n64g,69,2,2,1,0,1,2,10,10,10,4,4,4,5,5,3,3,3,8,2,17,17,2,13,13,1,0,8500,1,5,1,5,1,1,1,0,1,1,5,9,1,6,2,8,900,0,0
1,0,9,1,0ma2n64g,69,2,2,1,0,1,2,10,10,10,4,4,4,5,5,3,3,3,9,2,13,12,5,19,6,0,0,8500,0,0,0,1,0,0,0,1,1,1,9,14,1,7,2,8,1500,1,0
1,0,9,1,0ma2n64g,69,2,2,1,0,1,2,10,10,10,4,4,4,5,5,3,3,3,10,2,20,12,5,17,17,0,0,7200,0,0,0,8,5,5,1,0,0,0,14,15,2,8,7,9,1500,0,0
1,0,9,1,0ma2n64g,69,2,2,1,0,1,2,10,10,10,4,4,4,5,5,3,3,3,11,2,14,14,12,12,13,0,0,6900,1,2,1,2,1,1,1,5,5,1,15,23,2,8,8,10,2800,0,0
1,0,9,1,0ma2n64g,69,2,2,1,0,1,2,10,10,10,4,4,4,5,5,3,3,3,12,2,18,12,12,19,24,0,0,5100,0,0,0,6,12,12,1,1,1,1,23,25,7,9,20,11,3100,0,0
1,0,9,1,0ma2n64g,69,2,2,1,0,1,2,10,10,10,4,4,4,5,5,3,3,3,13,2,17,17,1,14,14,0,0,4400,1,5,1,5,2,2,1,12,12,1,25,31,8,10,22,12,4900,0,0
1,0,9,1,0ma2n64g,69,2,2,1,0,1,2,10,10,10,4,4,4,5,5,3,3,3,14,2,19,19,5,16,16,0,0,3300,1,7,1,7,4,4,1,2,2,1,31,36,20,11,26,13,5600,0,0
1,0,9,1,0ma2n64g,69,2,2,1,0,1,2,10,10,10,4,4,4,5,5,3,3,3,15,1,15,12,5,17,12,0,0,3000,0,0,0,3,0,4,1,4,4,1,36,43,22,12,26,14,6700,0,0
1,0,9,1,ifcmvvap,58,2,3,1,1,2,2,10,10,10,4,4,2,4,4,3,3,3,1,2,13,13,15,15,11,0,0,10000,1,1,1,1,0,0,0,0,0,0,0,0,0,0,0,0,0,0,0
1,0,9,1,ifcmvvap,58,2,3,1,1,2,2,10,10,10,4,4,2,4,4,3,3,3,2,2,14,14,7,15,15,0,0,9500,1,2,1,2,3,3,1,0,0,0,1,1,0,0,0,0,0,0,0
1,0,9,1,ifcmvvap,58,2,3,1,1,2,2,10,10,10,4,4,2,4,4,3,3,3,3,2,12,12,2,12,12,1,0,9500,0,0,0,0,0,0,0,3,3,1,1,3,0,0,3,1,500,0,0
1,0,9,1,ifcmvvap,58,2,3,1,1,2,2,10,10,10,4,4,2,4,4,3,3,3,4,2,15,15,14,12,9,0,0,9500,1,3,1,3,0,0,0,0,0,0,3,3,3,1,3,1,500,1,0
1,0,9,1,ifcmvvap,58,2,3,1,1,2,2,10,10,10,4,4,2,4,4,3,3,3,5,1,11,11,2,15,12,1,0,9500,0,-1,-1,-1,0,0,0,0,0,0,3,6,3,1,3,1,500,0,0
1,0,9,1,ifcmvvap,58,2,3,1,1,2,2,10,10,10,4,4,2,4,4,3,3,3,6,2,14,14,2,17,16,0,0,8900,1,2,1,2,4,4,1,0,0,0,6,5,3,1,7,2,500,1,0
1,0,9,1,ifcmvvap,58,2,3,1,1,2,2,10,10,10,4,4,2,4,4,3,3,3,7,2,18,18,4,16,12,0,0,8300,1,6,1,6,0,0,0,4,4,1,5,7,3,1,7,2,1100,0,0
1,0,9,1,ifcmvvap,58,2,3,1,1,2,2,10,10,10,4,4,2,4,4,3,3,3,8,1,15,15,9,18,12,0,0,8300,1,3,1,3,0,0,0,0,0,0,7,13,7,2,7,2,1700,0,0
1,0,9,1,ifcmvvap,58,2,3,1,1,2,2,10,10,10,4,4,2,4,4,3,3,3,9,1,19,6,4,13,12,0,0,7000,0,-6,-0.857142857142857,7,0,0,0,0,0,0,13,16,7,2,7,2,1700,0,0
1,0,9,1,ifcmvvap,58,2,3,1,1,2,2,10,10,10,4,4,2,4,4,3,3,3,10,1,17,17,4,20,12,1,250,6750,1,5,1,5,0,0,0,0,0,0,16,23,7,2,7,2,3000,0,0
1,0,9,1,ifcmvvap,58,2,3,1,1,2,2,10,10,10,4,4,2,4,4,3,3,3,11,1,20,20,3,17,12,0,0,6750,1,8,1,8,0,0,0,0,0,0,23,28,7,2,7,2,3250,1,1
1,0,9,1,ifcmvvap,58,2,3,1,1,2,2,10,10,10,4,4,2,4,4,3,3,3,12,1,13,13,8,12,12,0,0,6750,1,1,1,1,0,0,0,0,0,0,28,36,7,2,7,2,3250,0,0
1,0,9,1,ifcmvvap,58,2,3,1,1,2,2,10,10,10,4,4,2,4,4,3,3,3,13,1,12,12,11,19,12,0,0,6750,0,0,0,0,0,0,0,0,0,0,36,37,7,2,7,2,3250,0,0
1,0,9,1,ifcmvvap,58,2,3,1,1,2,2,10,10,10,4,4,2,4,4,3,3,3,14,1,16,16,11,18,12,0,0,6750,1,4,1,4,0,0,0,0,0,0,37,37,7,2,7,2,3250,0,0
1,0,9,1,ifcmvvap,58,2,3,1,1,2,2,10,10,10,4,4,2,4,4,3,3,3,15,2,17,17,4,15,12,0,0,6250,1,5,1,5,0,0,0,0,0,0,37,41,7,2,7,2,3250,0,0
1,0,9,1,91vo620h,68,2,3,1,0,5,1,4,8,8,3,3,5,4,5,2,3,3,1,2,13,9,2,13,12,0,0,9900,0,-3,-3,1,0,0,0,0,0,0,0,0,0,0,0,0,0,0,0
1,0,9,1,91vo620h,68,2,3,1,0,5,1,4,8,8,3,3,5,4,5,2,3,3,2,2,12,10,14,14,10,0,0,9900,0,-2,-2,0,0,0,0,0,0,0,1,1,0,0,0,0,100,0,0
1,0,9,1,91vo620h,68,2,3,1,0,5,1,4,8,8,3,3,5,4,5,2,3,3,3,1,14,8,1,13,12,0,0,9300,0,-4,-2,2,0,0,0,0,0,0,1,1,0,0,0,0,100,0,0
1,0,9,1,91vo620h,68,2,3,1,0,5,1,4,8,8,3,3,5,4,5,2,3,3,4,2,11,7,13,14,12,0,0,9300,0,-5,-5,-1,0,0,0,0,0,0,1,3,0,0,0,0,700,0,0
1,0,9,1,91vo620h,68,2,3,1,0,5,1,4,8,8,3,3,5,4,5,2,3,3,5,1,15,3,7,13,12,0,0,8100,0,-9,-3,3,0,0,0,0,0,0,3,2,0,0,0,0,700,0,0
1,0,9,1,91vo620h,68,2,3,1,0,5,1,4,8,8,3,3,5,4,5,2,3,3,6,2,17,10,3,20,20,0,0,6800,0,-2,-0.4,5,8,8,1,0,0,0,2,5,0,0,8,1,1900,0,0
1,0,9,1,91vo620h,68,2,3,1,0,5,1,4,8,8,3,3,5,4,5,2,3,3,7,1,15,15,15,15,12,0,0,6800,1,3,1,3,0,8,1,8,8,1,5,10,0,0,8,2,3200,0,0
1,0,9,1,91vo620h,68,2,3,1,0,5,1,4,8,8,3,3,5,4,5,2,3,3,8,1,20,18,15,18,12,1,300,6300,1,6,0.75,8,0,8,1,0,8,1,10,13,8,1,8,3,3200,0,0
1,0,9,1,91vo620h,68,2,3,1,0,5,1,4,8,8,3,3,5,4,5,2,3,3,9,1,19,23,11,12,12,1,550,5750,1,11,1.57142857142857,7,0,8,1,0,8,1,13,21,8,2,8,4,3700,1,1
1,0,9,1,91vo620h,68,2,3,1,0,5,1,4,8,8,3,3,5,4,5,2,3,3,10,2,17,20,7,18,18,1,0,4650,1,8,1.6,5,6,6,1,0,8,1,21,28,8,3,14,5,4250,1,1
1,0,9,1,91vo620h,68,2,3,1,0,5,1,4,8,8,3,3,5,4,5,2,3,3,11,1,13,8,7,15,12,1,0,4150,0,-4,-4,1,0,6,1,6,6,1,28,33,8,4,14,6,5350,1,0
1,0,9,1,91vo620h,68,2,3,1,0,5,1,4,8,8,3,3,5,4,5,2,3,3,12,2,12,18,11,14,13,0,0,4050,1,6,6,0,1,1,1,0,6,1,33,34,14,5,15,7,5850,1,0
1,0,9,1,91vo620h,68,2,3,1,0,5,1,4,8,8,3,3,5,4,5,2,3,3,13,1,18,24,12,20,12,0,0,4050,1,12,2,6,0,1,1,1,1,1,34,34,14,6,15,8,5950,0,0
1,0,9,1,91vo620h,68,2,3,1,0,5,1,4,8,8,3,3,5,4,5,2,3,3,14,2,16,19,1,17,17,0,0,3150,1,7,1.75,4,5,5,1,0,1,1,34,40,15,7,20,9,5950,0,0
1,0,9,1,91vo620h,68,2,3,1,0,5,1,4,8,8,3,3,5,4,5,2,3,3,15,2,14,16,11,15,13,0,0,2850,1,4,2,2,1,1,1,5,5,1,40,44,15,8,21,10,6850,0,0
1,0,9,1,tvpxw4ft,39,1,2,1,0,2,2,3,3,3,2,4,5,4,5,1,1,1,1,2,12,12,13,15,12,0,0,10000,0,0,0,0,0,0,0,0,0,0,0,0,0,0,0,0,0,0,0
1,0,9,1,tvpxw4ft,39,1,2,1,0,2,2,3,3,3,2,4,5,4,5,1,1,1,2,1,15,15,5,14,12,1,150,9850,1,3,1,3,0,0,0,0,0,0,0,0,0,0,0,0,0,0,0
1,0,9,1,tvpxw4ft,39,1,2,1,0,2,2,3,3,3,2,4,5,4,5,1,1,1,3,1,11,11,15,12,12,0,0,9850,0,-1,-1,-1,0,0,0,0,0,0,0,3,0,0,0,0,150,0,0
1,0,9,1,tvpxw4ft,39,1,2,1,0,2,2,3,3,3,2,4,5,4,5,1,1,1,4,2,14,12,10,12,12,0,0,9650,0,0,0,2,0,0,0,0,0,0,3,2,0,0,0,0,150,0,0
1,0,9,1,tvpxw4ft,39,1,2,1,0,2,2,3,3,3,2,4,5,4,5,1,1,1,5,2,13,12,6,15,3,0,0,9650,0,0,0,1,0,0,0,0,0,0,2,4,0,0,0,0,350,0,0
1,0,9,1,tvpxw4ft,39,1,2,1,0,2,2,3,3,3,2,4,5,4,5,1,1,1,6,2,14,12,11,16,12,0,0,9450,0,0,0,2,0,0,0,0,0,0,4,5,0,0,0,0,350,0,0
1,0,9,1,tvpxw4ft,39,1,2,1,0,2,2,3,3,3,2,4,5,4,5,1,1,1,7,1,17,11,3,13,12,0,0,8850,0,-1,-0.2,5,0,0,0,0,0,0,5,7,0,0,0,0,550,0,0
1,0,9,1,tvpxw4ft,39,1,2,1,0,2,2,3,3,3,2,4,5,4,5,1,1,1,8,2,12,12,8,20,12,0,0,8850,0,0,0,0,0,0,0,0,0,0,7,12,0,0,0,0,1150,0,0
1,0,9,1,tvpxw4ft,39,1,2,1,0,2,2,3,3,3,2,4,5,4,5,1,1,1,9,1,19,19,2,16,12,0,0,8850,1,7,1,7,0,0,0,0,0,0,12,12,0,0,0,0,1150,0,0
1,0,9,1,tvpxw4ft,39,1,2,1,0,2,2,3,3,3,2,4,5,4,5,1,1,1,10,1,18,18,6,17,12,1,300,8550,1,6,1,6,0,0,0,0,0,0,12,19,0,0,0,0,1150,0,0
1,0,9,1,tvpxw4ft,39,1,2,1,0,2,2,3,3,3,2,4,5,4,5,1,1,1,11,2,15,15,6,13,8,0,0,8550,1,3,1,3,0,0,0,0,0,0,19,25,0,0,0,0,1450,1,1
1,0,9,1,tvpxw4ft,39,1,2,1,0,2,2,3,3,3,2,4,5,4,5,1,1,1,12,2,17,17,10,14,13,0,0,7950,1,5,1,5,1,1,1,0,0,0,25,28,0,0,1,1,1450,0,0
1,0,9,1,tvpxw4ft,39,1,2,1,0,2,2,3,3,3,2,4,5,4,5,1,1,1,13,2,16,15,11,19,13,0,0,7450,1,3,0.75,4,1,1,1,1,1,1,28,33,0,0,2,2,2050,0,0
1,0,9,1,tvpxw4ft,39,1,2,1,0,2,2,3,3,3,2,4,5,4,5,1,1,1,14,1,20,21,2,19,12,0,0,7450,1,9,1.125,8,0,1,1,1,1,1,33,37,1,1,2,3,2550,0,0
1,0,9,1,tvpxw4ft,39,1,2,1,0,2,2,3,3,3,2,4,5,4,5,1,1,1,15,1,13,13,15,14,12,0,0,7450,1,1,1,1,0,1,1,0,1,1,37,45,2,2,2,4,2550,0,0
1,0,9,1,dzta1t57,35,1,3,1,1,2,2,5,8,5,3,5,5,4,5,2,3,2,1,2,14,14,10,11,11,0,0,9900,1,2,1,2,0,0,0,0,0,0,0,0,0,0,0,0,0,0,0
1,0,9,1,dzta1t57,35,1,3,1,1,2,2,5,8,5,3,5,5,4,5,2,3,2,2,2,11,11,12,12,13,0,0,9900,0,-1,-1,-1,1,1,1,0,0,0,2,2,0,0,0,0,100,0,0
1,0,9,1,dzta1t57,35,1,3,1,1,2,2,5,8,5,3,5,5,4,5,2,3,2,3,2,15,11,3,13,12,0,0,9600,0,-1,-0.333333333333333,3,0,0,0,1,1,1,2,1,0,0,1,1,100,0,0
1,0,9,1,dzta1t57,35,1,3,1,1,2,2,5,8,5,3,5,5,4,5,2,3,2,4,2,13,13,9,11,11,0,0,9600,1,1,1,1,0,0,0,0,0,0,1,4,1,1,1,1,400,0,0
1,0,9,1,dzta1t57,35,1,3,1,1,2,2,5,8,5,3,5,5,4,5,2,3,2,5,2,12,12,4,15,15,0,0,9300,0,0,0,0,3,3,1,0,0,0,4,5,1,1,4,2,400,0,0
1,0,9,1,dzta1t57,35,1,3,1,1,2,2,5,8,5,3,5,5,4,5,2,3,2,6,2,18,12,10,12,12,0,0,8700,0,0,0,6,0,0,0,3,3,1,5,5,1,1,4,2,700,0,0
1,0,9,1,dzta1t57,35,1,3,1,1,2,2,5,8,5,3,5,5,4,5,2,3,2,7,1,15,12,1,19,12,0,0,8400,0,0,0,3,0,0,0,0,0,0,5,11,4,2,4,2,1300,0,0
1,0,9,1,dzta1t57,35,1,3,1,1,2,2,5,8,5,3,5,5,4,5,2,3,2,8,1,20,12,7,12,12,0,0,7600,0,0,0,8,0,0,0,0,0,0,11,14,4,2,4,2,1600,0,0
1,0,9,1,dzta1t57,35,1,3,1,1,2,2,5,8,5,3,5,5,4,5,2,3,2,9,2,16,12,9,17,17,1,0,6700,0,0,0,4,5,5,1,0,0,0,14,22,4,2,9,3,2400,0,0
1,0,9,1,dzta1t57,35,1,3,1,1,2,2,5,8,5,3,5,5,4,5,2,3,2,10,2,17,12,2,15,15,0,0,5900,0,0,0,5,3,3,1,5,5,1,22,26,4,2,12,4,3300,1,0
1,0,9,1,dzta1t57,35,1,3,1,1,2,2,5,8,5,3,5,5,4,5,2,3,2,11,1,19,11,11,13,12,0,0,5100,0,-1,-0.142857142857143,7,0,3,1,3,3,1,26,31,9,3,12,5,4100,0,0
1,0,9,1,dzta1t57,35,1,3,1,1,2,2,5,8,5,3,5,5,4,5,2,3,2,12,2,12,12,5,13,13,0,0,5000,0,0,0,0,1,1,1,0,3,1,31,38,12,4,13,6,4900,0,0
1,0,9,1,dzta1t57,35,1,3,1,1,2,2,5,8,5,3,5,5,4,5,2,3,2,13,2,17,12,9,20,20,0,0,3700,0,0,0,5,8,8,1,1,1,1,38,38,12,5,21,7,5000,0,0
1,0,9,1,dzta1t57,35,1,3,1,1,2,2,5,8,5,3,5,5,4,5,2,3,2,14,1,13,12,9,15,12,1,0,3600,0,0,0,1,0,8,1,8,8,1,38,43,13,6,21,8,6300,0,0
1,0,9,1,dzta1t57,35,1,3,1,1,2,2,5,8,5,3,5,5,4,5,2,3,2,15,1,14,12,3,15,12,1,0,3400,0,0,0,2,0,8,1,0,8,1,43,44,21,7,21,9,6400,1,0
1,0,9,1,6aonynpv,58,2,3,1,0,1,2,10,10,10,1,5,5,3,5,3,3,3,1,2,12,12,3,14,12,0,0,10000,0,0,0,0,0,0,0,0,0,0,0,0,0,0,0,0,0,0,0
1,0,9,1,6aonynpv,58,2,3,1,0,1,2,10,10,10,1,5,5,3,5,3,3,3,2,1,13,13,10,15,12,0,0,10000,1,1,1,1,0,0,0,0,0,0,0,0,0,0,0,0,0,0,0
1,0,9,1,6aonynpv,58,2,3,1,0,1,2,10,10,10,1,5,5,3,5,3,3,3,3,2,14,14,13,13,12,0,0,9800,1,2,1,2,0,0,0,0,0,0,0,1,0,0,0,0,0,0,0
1,0,9,1,6aonynpv,58,2,3,1,0,1,2,10,10,10,1,5,5,3,5,3,3,3,4,1,11,11,8,13,12,0,0,9800,0,-1,-1,-1,0,0,0,0,0,0,1,3,0,0,0,0,200,0,0
1,0,9,1,6aonynpv,58,2,3,1,0,1,2,10,10,10,1,5,5,3,5,3,3,3,5,1,15,15,13,12,12,0,0,9800,1,3,1,3,0,0,0,0,0,0,3,2,0,0,0,0,200,0,0
1,0,9,1,6aonynpv,58,2,3,1,0,1,2,10,10,10,1,5,5,3,5,3,3,3,6,2,16,16,12,18,20,0,0,8600,1,4,1,4,8,8,1,0,0,0,2,5,0,0,8,1,200,0,0
1,0,9,1,6aonynpv,58,2,3,1,0,1,2,10,10,10,1,5,5,3,5,3,3,3,7,1,17,17,13,12,12,0,0,8600,1,5,1,5,0,8,1,8,8,1,5,9,0,0,8,2,1400,0,0
1,0,9,1,6aonynpv,58,2,3,1,0,1,2,10,10,10,1,5,5,3,5,3,3,3,8,2,18,18,5,15,15,0,0,7700,1,6,1,6,3,3,1,0,8,1,9,14,8,1,11,3,1400,0,0
1,0,9,1,6aonynpv,58,2,3,1,0,1,2,10,10,10,1,5,5,3,5,3,3,3,9,2,17,17,13,19,12,1,0,7200,1,5,1,5,0,0,0,3,3,1,14,20,8,2,11,3,2300,0,0
1,0,9,1,6aonynpv,58,2,3,1,0,1,2,10,10,10,1,5,5,3,5,3,3,3,10,2,12,12,13,14,14,0,0,7000,0,0,0,0,2,2,1,0,0,0,20,25,11,3,13,4,2800,1,0
1,0,9,1,6aonynpv,58,2,3,1,0,1,2,10,10,10,1,5,5,3,5,3,3,3,11,2,13,13,14,17,17,0,0,6400,1,1,1,1,5,5,1,2,2,1,25,25,11,3,18,5,3000,0,0
1,0,9,1,6aonynpv,58,2,3,1,0,1,2,10,10,10,1,5,5,3,5,3,3,3,12,1,19,19,13,13,12,0,0,6400,1,7,1,7,0,5,1,5,5,1,25,26,13,4,18,6,3600,0,0
1,0,9,1,6aonynpv,58,2,3,1,0,1,2,10,10,10,1,5,5,3,5,3,3,3,13,1,20,20,8,17,12,0,0,6400,1,8,1,8,0,5,1,0,5,1,26,33,18,5,18,7,3600,0,0
1,0,9,1,6aonynpv,58,2,3,1,0,1,2,10,10,10,1,5,5,3,5,3,3,3,14,2,15,15,8,13,12,0,0,6100,1,3,1,3,0,0,0,0,5,1,33,41,18,6,18,7,3600,0,0
1,0,9,1,6aonynpv,58,2,3,1,0,1,2,10,10,10,1,5,5,3,5,3,3,3,15,2,14,14,2,18,18,1,0,5300,1,2,1,2,6,6,1,0,0,0,41,44,18,7,24,8,3900,0,0
1,0,9,1,bjxhivuk,58,2,3,1,1,1,2,7,7,10,4,4,2,2,2,3,3,3,1,1,11,11,8,14,12,0,0,10000,0,-1,-1,-1,0,0,0,0,0,0,0,0,0,0,0,0,0,0,0
1,0,9,1,bjxhivuk,58,2,3,1,1,1,2,7,7,10,4,4,2,2,2,3,3,3,2,2,15,12,9,13,13,0,0,9600,0,0,0,3,1,1,1,0,0,0,-1,-1,0,0,0,0,0,0,0
1,0,9,1,bjxhivuk,58,2,3,1,1,1,2,7,7,10,4,4,2,2,2,3,3,3,3,1,13,12,12,15,12,0,0,9500,0,0,0,1,0,1,1,1,1,1,-1,2,0,0,1,2,400,0,0
1,0,9,1,bjxhivuk,58,2,3,1,1,1,2,7,7,10,4,4,2,2,2,3,3,3,4,1,12,12,7,14,12,0,0,9500,0,0,0,0,0,1,1,0,1,1,2,3,1,1,1,3,500,0,0
1,0,9,1,bjxhivuk,58,2,3,1,1,1,2,7,7,10,4,4,2,2,2,3,3,3,5,2,14,12,14,15,11,1,0,9400,0,0,0,2,0,0,0,0,1,1,3,3,1,2,1,3,500,0,0
1,0,9,1,bjxhivuk,58,2,3,1,1,1,2,7,7,10,4,4,2,2,2,3,3,3,6,1,12,12,8,18,12,0,0,9400,0,0,0,0,0,0,0,0,0,0,3,5,1,3,1,3,600,1,0
1,0,9,1,bjxhivuk,58,2,3,1,1,1,2,7,7,10,4,4,2,2,2,3,3,3,7,2,17,12,2,17,17,0,0,8400,0,0,0,5,5,5,1,0,0,0,5,5,1,3,6,4,600,0,0
1,0,9,1,bjxhivuk,58,2,3,1,1,1,2,7,7,10,4,4,2,2,2,3,3,3,8,1,15,12,12,15,12,1,0,8100,0,0,0,3,0,5,1,5,5,1,5,10,1,3,6,5,1600,0,0
1,0,9,1,bjxhivuk,58,2,3,1,1,1,2,7,7,10,4,4,2,2,2,3,3,3,9,1,19,13,14,12,12,0,0,7500,1,1,0.142857142857143,7,0,5,1,0,5,1,10,13,6,4,6,6,1900,1,0
1,0,9,1,bjxhivuk,58,2,3,1,1,1,2,7,7,10,4,4,2,2,2,3,3,3,10,1,18,12,3,18,12,0,0,6900,0,0,0,6,0,5,1,0,5,1,13,20,6,5,6,7,2500,0,0
1,0,9,1,bjxhivuk,58,2,3,1,1,1,2,7,7,10,4,4,2,2,2,3,3,3,11,2,13,13,2,20,20,0,0,6000,1,1,1,1,8,8,1,0,5,1,20,26,6,6,14,8,3100,0,0
1,0,9,1,bjxhivuk,58,2,3,1,1,1,2,7,7,10,4,4,2,2,2,3,3,3,12,1,14,13,7,17,12,0,0,5900,1,1,0.5,2,0,8,1,8,8,1,26,27,6,7,14,9,4000,0,0
1,0,9,1,bjxhivuk,58,2,3,1,1,1,2,7,7,10,4,4,2,2,2,3,3,3,13,1,16,13,15,13,12,0,0,5600,1,1,0.25,4,0,8,1,0,8,1,27,29,14,8,14,10,4100,0,0
1,0,9,1,bjxhivuk,58,2,3,1,1,1,2,7,7,10,4,4,2,2,2,3,3,3,14,1,20,12,13,16,12,0,0,4800,0,0,0,8,0,8,1,0,8,1,29,33,14,9,14,11,4400,0,0
1,0,9,1,bjxhivuk,58,2,3,1,1,1,2,7,7,10,4,4,2,2,2,3,3,3,15,2,17,14,1,12,12,0,0,4300,1,2,0.4,5,0,0,0,0,8,1,33,41,14,10,14,11,5200,0,0
1,0,9,1,phm8ds96,75,2,3,1,0,5,1,5,5,5,2,2,2,4,4,2,2,2,1,2,13,12,14,11,11,1,0,10000,0,0,0,1,0,0,0,0,0,0,0,0,0,0,0,0,0,0,0
1,0,9,1,phm8ds96,75,2,3,1,0,5,1,5,5,5,2,2,2,4,4,2,2,2,2,2,15,12,13,11,12,0,0,9700,0,0,0,3,0,0,0,0,0,0,1,1,0,0,0,0,0,0,0
1,0,9,1,phm8ds96,75,2,3,1,0,5,1,5,5,5,2,2,2,4,4,2,2,2,3,1,11,12,1,13,12,0,0,9700,0,0,0,-1,0,0,0,0,0,0,1,4,0,0,0,0,300,0,0
1,0,9,1,phm8ds96,75,2,3,1,0,5,1,5,5,5,2,2,2,4,4,2,2,2,4,2,14,12,12,11,13,1,0,9400,0,0,0,2,1,1,1,0,0,0,4,3,0,0,1,1,300,0,0
1,0,9,1,phm8ds96,75,2,3,1,0,5,1,5,5,5,2,2,2,4,4,2,2,2,5,1,12,12,12,13,12,0,0,9400,0,0,0,0,0,1,1,1,1,1,3,5,0,0,1,2,600,1,0
1,0,9,1,phm8ds96,75,2,3,1,0,5,1,5,5,5,2,2,2,4,4,2,2,2,6,1,16,12,7,14,12,0,0,9000,0,0,0,4,0,1,1,0,1,1,5,5,1,1,1,3,600,0,0
1,0,9,1,phm8ds96,75,2,3,1,0,5,1,5,5,5,2,2,2,4,4,2,2,2,7,1,17,12,14,17,12,0,0,8500,0,0,0,5,0,1,1,0,1,1,5,9,1,2,1,4,1000,0,0
1,0,9,1,phm8ds96,75,2,3,1,0,5,1,5,5,5,2,2,2,4,4,2,2,2,8,1,20,15,13,17,12,0,0,8000,1,3,0.375,8,0,1,1,0,1,1,9,14,1,3,1,5,1500,0,0
1,0,9,1,phm8ds96,75,2,3,1,0,5,1,5,5,5,2,2,2,4,4,2,2,2,9,2,12,12,6,19,23,0,0,6900,0,0,0,0,11,11,1,0,1,1,14,22,1,4,12,6,2000,0,0
1,0,9,1,phm8ds96,75,2,3,1,0,5,1,5,5,5,2,2,2,4,4,2,2,2,10,2,17,12,14,16,16,0,0,6000,0,0,0,5,4,4,1,11,11,1,22,22,1,5,16,7,3100,0,0
1,0,9,1,phm8ds96,75,2,3,1,0,5,1,5,5,5,2,2,2,4,4,2,2,2,11,2,13,11,8,19,11,0,0,6000,0,-1,-1,1,0,0,0,4,4,1,22,27,12,6,16,7,4000,0,0
1,0,9,1,phm8ds96,75,2,3,1,0,5,1,5,5,5,2,2,2,4,4,2,2,2,12,1,14,13,6,12,12,0,0,5900,1,1,0.5,2,0,0,0,0,0,0,27,28,16,7,16,7,4000,0,0
1,0,9,1,phm8ds96,75,2,3,1,0,5,1,5,5,5,2,2,2,4,4,2,2,2,13,2,19,13,5,12,12,0,0,5200,1,1,0.142857142857143,7,0,0,0,0,0,0,28,30,16,7,16,7,4100,0,0
1,0,9,1,phm8ds96,75,2,3,1,0,5,1,5,5,5,2,2,2,4,4,2,2,2,14,2,18,14,5,16,16,0,0,4200,1,2,0.333333333333333,6,4,4,1,0,0,0,30,37,16,7,20,8,4800,0,0
1,0,9,1,phm8ds96,75,2,3,1,0,5,1,5,5,5,2,2,2,4,4,2,2,2,15,1,15,13,6,14,12,0,0,4000,1,1,0.333333333333333,3,0,4,1,4,4,1,37,43,16,7,20,9,5800,0,0
1,0,9,1,z09hoomp,57,2,1,1,1,2,2,5,5,5,2,5,3,4,4,2,2,2,1,1,14,14,2,13,12,0,0,10000,1,2,1,2,0,0,0,0,0,0,0,0,0,0,0,0,0,0,0
1,0,9,1,z09hoomp,57,2,1,1,1,2,2,5,5,5,2,5,3,4,4,2,2,2,2,2,12,13,2,11,11,0,0,10000,1,1,1,0,0,0,0,0,0,0,2,2,0,0,0,0,0,0,0
1,0,9,1,z09hoomp,57,2,1,1,1,2,2,5,5,5,2,5,3,4,4,2,2,2,3,2,15,14,10,13,12,0,0,9700,1,2,0.666666666666667,3,0,0,0,0,0,0,2,2,0,0,0,0,0,0,0
1,0,9,1,z09hoomp,57,2,1,1,1,2,2,5,5,5,2,5,3,4,4,2,2,2,4,1,11,13,11,14,12,0,0,9700,1,1,1,-1,0,0,0,0,0,0,2,5,0,0,0,0,300,0,0
1,0,9,1,z09hoomp,57,2,1,1,1,2,2,5,5,5,2,5,3,4,4,2,2,2,5,2,13,13,11,12,12,0,0,9600,1,1,1,1,0,0,0,0,0,0,5,4,0,0,0,0,300,0,0
1,0,9,1,z09hoomp,57,2,1,1,1,2,2,5,5,5,2,5,3,4,4,2,2,2,6,1,18,20,9,16,12,0,0,9600,1,8,1.33333333333333,6,0,0,0,0,0,0,4,5,0,0,0,0,400,0,0
1,0,9,1,z09hoomp,57,2,1,1,1,2,2,5,5,5,2,5,3,4,4,2,2,2,7,1,14,19,14,17,12,0,0,9600,1,7,3.5,2,0,0,0,0,0,0,5,11,0,0,0,0,400,0,0
1,0,9,1,z09hoomp,57,2,1,1,1,2,2,5,5,5,2,5,3,4,4,2,2,2,8,2,15,21,10,15,12,0,0,9300,1,9,3,3,0,0,0,0,0,0,11,13,0,0,0,0,400,0,0
1,0,9,1,z09hoomp,57,2,1,1,1,2,2,5,5,5,2,5,3,4,4,2,2,2,9,2,16,24,15,12,12,0,0,8900,1,12,3,4,0,0,0,0,0,0,13,16,0,0,0,0,700,0,0
1,0,9,1,z09hoomp,57,2,1,1,1,2,2,5,5,5,2,5,3,4,4,2,2,2,10,2,17,21,1,17,14,1,0,8200,1,9,1.8,5,2,2,1,0,0,0,16,20,0,0,2,1,1100,0,0
1,0,9,1,z09hoomp,57,2,1,1,1,2,2,5,5,5,2,5,3,4,4,2,2,2,11,1,12,13,4,14,12,0,0,8200,1,1,1,0,0,2,1,2,2,1,20,25,0,0,2,2,1800,1,0
1,0,9,1,z09hoomp,57,2,1,1,1,2,2,5,5,5,2,5,3,4,4,2,2,2,12,1,19,24,3,14,12,0,0,8200,1,12,1.71428571428571,7,0,2,1,0,2,1,25,25,2,1,2,3,1800,0,0
1,0,9,1,z09hoomp,57,2,1,1,1,2,2,5,5,5,2,5,3,4,4,2,2,2,13,2,20,24,6,18,24,0,0,6200,1,12,1.5,8,12,12,1,0,2,1,25,32,2,2,14,4,1800,0,0
1,0,9,1,z09hoomp,57,2,1,1,1,2,2,5,5,5,2,5,3,4,4,2,2,2,14,2,17,23,15,17,17,0,0,5200,1,11,2.2,5,5,5,1,12,12,1,32,40,2,3,19,5,3800,0,0
1,0,9,1,z09hoomp,57,2,1,1,1,2,2,5,5,5,2,5,3,4,4,2,2,2,15,1,13,15,13,18,12,0,0,5200,1,3,3,1,0,5,1,5,5,1,40,45,14,4,19,6,4800,0,0
1,0,9,1,t1qpwe11,66,2,1,1,1,3,1,7,7,6,1,5,5,5,5,3,3,2,1,1,15,12,7,12,12,1,0,9700,0,0,0,3,0,0,0,0,0,0,0,0,0,0,0,0,0,0,0
1,0,9,1,t1qpwe11,66,2,1,1,1,3,1,7,7,6,1,5,5,5,5,3,3,2,2,1,11,12,11,15,12,0,0,9700,0,0,0,-1,0,0,0,0,0,0,3,3,0,0,0,0,300,0,0
1,0,9,1,t1qpwe11,66,2,1,1,1,3,1,7,7,6,1,5,5,5,5,3,3,2,3,1,13,12,9,14,12,0,0,9600,0,0,0,1,0,0,0,0,0,0,3,2,0,0,0,0,300,0,0
1,0,9,1,t1qpwe11,66,2,1,1,1,3,1,7,7,6,1,5,5,5,5,3,3,2,4,1,14,12,3,12,12,0,0,9400,0,0,0,2,0,0,0,0,0,0,2,3,0,0,0,0,400,0,0
1,0,9,1,t1qpwe11,66,2,1,1,1,3,1,7,7,6,1,5,5,5,5,3,3,2,5,2,12,12,9,15,15,0,0,9100,0,0,0,0,3,3,1,0,0,0,3,5,0,0,3,1,600,0,0
1,0,9,1,t1qpwe11,66,2,1,1,1,3,1,7,7,6,1,5,5,5,5,3,3,2,6,1,15,15,14,14,12,1,150,8950,1,3,1,3,0,3,1,3,3,1,5,5,0,0,3,2,900,0,0
1,0,9,1,t1qpwe11,66,2,1,1,1,3,1,7,7,6,1,5,5,5,5,3,3,2,7,2,12,12,9,17,17,0,0,8450,0,0,0,0,5,5,1,0,3,1,5,8,3,1,8,3,1050,1,1
1,0,9,1,t1qpwe11,66,2,1,1,1,3,1,7,7,6,1,5,5,5,5,3,3,2,8,2,17,17,11,20,15,0,0,7650,1,5,1,5,3,3,1,5,5,1,8,8,3,2,11,4,1550,0,0
1,0,9,1,t1qpwe11,66,2,1,1,1,3,1,7,7,6,1,5,5,5,5,3,3,2,9,1,19,12,9,17,12,0,0,6950,0,0,0,7,0,3,1,3,3,1,8,13,8,3,11,5,2350,0,0
1,0,9,1,t1qpwe11,66,2,1,1,1,3,1,7,7,6,1,5,5,5,5,3,3,2,10,1,14,14,9,12,12,0,0,6950,1,2,1,2,0,3,1,0,3,1,13,20,11,4,11,6,3050,0,0
1,0,9,1,t1qpwe11,66,2,1,1,1,3,1,7,7,6,1,5,5,5,5,3,3,2,11,2,17,17,15,19,19,0,0,5750,1,5,1,5,7,7,1,0,3,1,20,22,11,5,18,7,3050,0,0
1,0,9,1,t1qpwe11,66,2,1,1,1,3,1,7,7,6,1,5,5,5,5,3,3,2,12,2,13,12,9,19,19,0,0,4950,0,0,0,1,7,7,1,7,7,1,22,27,11,6,25,8,4250,0,0
1,0,9,1,t1qpwe11,66,2,1,1,1,3,1,7,7,6,1,5,5,5,5,3,3,2,13,2,20,12,3,17,17,0,0,3650,0,0,0,8,5,5,1,7,7,1,27,28,18,7,30,9,5050,0,0
1,0,9,1,t1qpwe11,66,2,1,1,1,3,1,7,7,6,1,5,5,5,5,3,3,2,14,2,16,16,10,20,12,0,0,3250,1,4,1,4,0,0,0,5,5,1,28,36,25,8,30,9,6350,0,0
1,0,9,1,t1qpwe11,66,2,1,1,1,3,1,7,7,6,1,5,5,5,5,3,3,2,15,2,18,12,12,13,15,0,0,2350,0,0,0,6,3,3,1,0,0,0,36,40,30,9,33,10,6750,0,0
1,0,9,1,toceyqik,73,2,3,1,0,4,1,4,8,10,3,5,5,5,5,2,3,3,1,1,11,11,11,13,12,0,0,10000,0,-1,-1,-1,0,0,0,0,0,0,0,0,0,0,0,0,0,0,0
1,0,9,1,toceyqik,73,2,3,1,0,4,1,4,8,10,3,5,5,5,5,2,3,3,2,1,14,10,6,12,12,1,0,9600,0,-2,-1,2,0,0,0,0,0,0,-1,-1,0,0,0,0,0,0,0
1,0,9,1,toceyqik,73,2,3,1,0,4,1,4,8,10,3,5,5,5,5,2,3,3,3,2,13,13,4,11,11,1,0,9600,1,1,1,1,0,0,0,0,0,0,-1,1,0,0,0,0,400,0,0
1,0,9,1,toceyqik,73,2,3,1,0,4,1,4,8,10,3,5,5,5,5,2,3,3,4,1,12,9,5,15,12,1,0,9300,0,-3,-3,0,0,0,0,0,0,0,1,2,0,0,0,0,400,1,0
1,0,9,1,toceyqik,73,2,3,1,0,4,1,4,8,10,3,5,5,5,5,2,3,3,5,1,15,11,10,14,12,0,0,8900,0,-1,-0.333333333333333,3,0,0,0,0,0,0,2,2,0,0,0,0,700,1,0
1,0,9,1,toceyqik,73,2,3,1,0,4,1,4,8,10,3,5,5,5,5,2,3,3,6,2,14,12,13,15,15,0,0,8400,0,0,0,2,3,3,1,0,0,0,2,5,0,0,3,1,1100,0,0
1,0,9,1,toceyqik,73,2,3,1,0,4,1,4,8,10,3,5,5,5,5,2,3,3,7,2,17,17,11,17,12,0,0,7900,1,5,1,5,0,0,0,3,3,1,5,7,0,0,3,1,1600,0,0
1,0,9,1,toceyqik,73,2,3,1,0,4,1,4,8,10,3,5,5,5,5,2,3,3,8,2,15,15,8,20,12,0,0,7600,1,3,1,3,0,0,0,0,0,0,7,12,3,1,3,1,2100,0,0
1,0,9,1,toceyqik,73,2,3,1,0,4,1,4,8,10,3,5,5,5,5,2,3,3,9,2,12,12,10,19,13,0,0,7500,0,0,0,0,1,1,1,0,0,0,12,15,3,1,4,2,2400,0,0
1,0,9,1,toceyqik,73,2,3,1,0,4,1,4,8,10,3,5,5,5,5,2,3,3,10,1,16,16,11,17,12,0,0,7500,1,4,1,4,0,1,1,1,1,1,15,15,3,1,4,3,2500,0,0
1,0,9,1,toceyqik,73,2,3,1,0,4,1,4,8,10,3,5,5,5,5,2,3,3,11,1,17,17,9,13,12,0,0,7500,1,5,1,5,0,1,1,0,1,1,15,19,4,2,4,4,2500,0,0
1,0,9,1,toceyqik,73,2,3,1,0,4,1,4,8,10,3,5,5,5,5,2,3,3,12,2,13,13,1,13,13,0,0,7300,1,1,1,1,1,1,1,0,1,1,19,24,4,3,5,5,2500,0,0
1,0,9,1,toceyqik,73,2,3,1,0,4,1,4,8,10,3,5,5,5,5,2,3,3,13,1,18,18,2,12,12,0,0,7300,1,6,1,6,0,1,1,1,1,1,24,25,4,4,5,6,2700,0,0
1,0,9,1,toceyqik,73,2,3,1,0,4,1,4,8,10,3,5,5,5,5,2,3,3,14,1,19,19,3,19,12,0,0,7300,1,7,1,7,0,1,1,0,1,1,25,31,5,5,5,7,2700,0,0
1,0,9,1,toceyqik,73,2,3,1,0,4,1,4,8,10,3,5,5,5,5,2,3,3,15,1,20,20,1,12,12,0,0,7300,1,8,1,8,0,1,1,0,1,1,31,38,5,6,5,8,2700,0,0
1,0,9,1,27jrqjbc,60,2,2,1,1,1,2,5,6,5,2,5,5,4,5,2,2,2,1,1,15,11,5,13,12,0,0,9600,0,-1,-0.333333333333333,3,0,0,0,0,0,0,0,0,0,0,0,0,0,0,0
1,0,9,1,27jrqjbc,60,2,2,1,1,1,2,5,6,5,2,5,5,4,5,2,2,2,2,1,13,13,1,12,12,0,0,9600,1,1,1,1,0,0,0,0,0,0,3,3,0,0,0,0,400,0,0
1,0,9,1,27jrqjbc,60,2,2,1,1,1,2,5,6,5,2,5,5,4,5,2,2,2,3,2,12,12,7,11,11,0,0,9600,0,0,0,0,0,0,0,0,0,0,3,4,0,0,0,0,400,0,0
1,0,9,1,27jrqjbc,60,2,2,1,1,1,2,5,6,5,2,5,5,4,5,2,2,2,4,2,14,14,1,14,14,1,0,9200,1,2,1,2,2,2,1,0,0,0,4,4,0,0,2,1,400,0,0
1,0,9,1,27jrqjbc,60,2,2,1,1,1,2,5,6,5,2,5,5,4,5,2,2,2,5,1,11,11,3,15,12,0,0,9200,0,-1,-1,-1,0,2,1,2,2,1,4,6,0,0,2,2,800,1,0
1,0,9,1,27jrqjbc,60,2,2,1,1,1,2,5,6,5,2,5,5,4,5,2,2,2,6,1,17,17,3,20,12,0,0,9200,1,5,1,5,0,2,1,0,2,1,6,5,2,1,2,3,800,0,0
1,0,9,1,27jrqjbc,60,2,2,1,1,1,2,5,6,5,2,5,5,4,5,2,2,2,7,2,15,15,6,15,15,0,0,8600,1,3,1,3,3,3,1,0,2,1,5,10,2,2,5,4,800,0,0
1,0,9,1,27jrqjbc,60,2,2,1,1,1,2,5,6,5,2,5,5,4,5,2,2,2,8,2,18,18,6,20,18,1,0,7400,1,6,1,6,6,6,1,3,3,1,10,13,2,3,11,5,1400,0,0
1,0,9,1,27jrqjbc,60,2,2,1,1,1,2,5,6,5,2,5,5,4,5,2,2,2,9,1,12,12,12,16,12,0,0,7400,0,0,0,0,0,6,1,6,6,1,13,19,5,4,11,6,2600,1,0
1,0,9,1,27jrqjbc,60,2,2,1,1,1,2,5,6,5,2,5,5,4,5,2,2,2,10,1,16,16,8,17,12,0,0,7400,1,4,1,4,0,6,1,0,6,1,19,19,11,5,11,7,2600,0,0
1,0,9,1,27jrqjbc,60,2,2,1,1,1,2,5,6,5,2,5,5,4,5,2,2,2,11,1,19,19,13,17,12,0,0,7400,1,7,1,7,0,6,1,0,6,1,19,23,11,6,11,8,2600,0,0
1,0,9,1,27jrqjbc,60,2,2,1,1,1,2,5,6,5,2,5,5,4,5,2,2,2,12,2,20,20,2,14,14,0,0,6400,1,8,1,8,2,2,1,0,6,1,23,30,11,7,13,9,2600,0,0
1,0,9,1,27jrqjbc,60,2,2,1,1,1,2,5,6,5,2,5,5,4,5,2,2,2,13,2,13,13,10,16,13,0,0,6200,1,1,1,1,1,1,1,2,2,1,30,38,11,8,14,10,3600,0,0
1,0,9,1,27jrqjbc,60,2,2,1,1,1,2,5,6,5,2,5,5,4,5,2,2,2,14,1,17,17,12,17,12,0,0,6200,1,5,1,5,0,1,1,1,1,1,38,39,13,9,14,11,3800,0,0
1,0,9,1,27jrqjbc,60,2,2,1,1,1,2,5,6,5,2,5,5,4,5,2,2,2,15,2,14,14,7,13,13,0,0,5900,1,2,1,2,1,1,1,0,1,1,39,44,14,10,15,12,3800,0,0
1,0,10,1,2rlsvru5,53,2,4,2,0,2,2,2,4,2,2,4,5,4,5,1,2,1,1,2,12,11,6,15,13,0,0,9900,0,-1,-1,0,1,1,1,0,0,0,0,0,0,0,0,0,0,0,0
1,0,10,1,2rlsvru5,53,2,4,2,0,2,2,2,4,2,2,4,5,4,5,1,2,1,2,1,13,12,5,15,12,0,0,9800,0,0,0,1,0,1,1,1,1,1,0,0,1,1,1,1,100,0,0
1,0,10,1,2rlsvru5,53,2,4,2,0,2,2,2,4,2,2,4,5,4,5,1,2,1,3,1,11,11,6,12,12,0,0,9800,0,-1,-1,-1,0,1,1,0,1,1,0,1,1,1,1,3,200,0,0
1,0,10,1,2rlsvru5,53,2,4,2,0,2,2,2,4,2,2,4,5,4,5,1,2,1,4,1,14,14,7,15,12,0,0,9800,1,2,1,2,0,1,1,0,1,1,1,0,1,2,1,4,200,0,0
1,0,10,1,2rlsvru5,53,2,4,2,0,2,2,2,4,2,2,4,5,4,5,1,2,1,5,1,15,13,5,12,12,1,50,9550,1,1,0.333333333333333,3,0,1,1,0,1,1,0,2,1,3,1,5,200,0,0
1,0,10,1,2rlsvru5,53,2,4,2,0,2,2,2,4,2,2,4,5,4,5,1,2,1,6,2,20,12,3,18,18,0,0,8150,0,0,0,8,6,6,1,0,1,1,2,5,1,4,7,6,450,1,1
1,0,10,1,2rlsvru5,53,2,4,2,0,2,2,2,4,2,2,4,5,4,5,1,2,1,7,2,14,12,5,17,15,0,0,7650,0,0,0,2,3,3,1,6,6,1,5,13,1,5,10,7,1850,0,0
1,0,10,1,2rlsvru5,53,2,4,2,0,2,2,2,4,2,2,4,5,4,5,1,2,1,8,1,15,12,3,19,12,0,0,7350,0,0,0,3,0,3,1,3,3,1,13,15,7,6,10,8,2350,0,0
1,0,10,1,2rlsvru5,53,2,4,2,0,2,2,2,4,2,2,4,5,4,5,1,2,1,9,2,18,12,3,15,18,0,0,6150,0,0,0,6,6,6,1,0,3,1,15,18,10,7,16,9,2650,0,0
1,0,10,1,2rlsvru5,53,2,4,2,0,2,2,2,4,2,2,4,5,4,5,1,2,1,10,1,13,12,7,14,12,0,0,6050,0,0,0,1,0,6,1,6,6,1,18,24,10,8,16,10,3850,0,0
1,0,10,1,2rlsvru5,53,2,4,2,0,2,2,2,4,2,2,4,5,4,5,1,2,1,11,1,17,12,2,14,12,0,0,5550,0,0,0,5,0,6,1,0,6,1,24,25,16,9,16,11,3950,0,0
1,0,10,1,2rlsvru5,53,2,4,2,0,2,2,2,4,2,2,4,5,4,5,1,2,1,12,1,12,12,6,14,12,0,0,5550,0,0,0,0,0,6,1,0,6,1,25,30,16,10,16,12,4450,0,0
1,0,10,1,2rlsvru5,53,2,4,2,0,2,2,2,4,2,2,4,5,4,5,1,2,1,13,2,19,12,4,20,20,0,0,4050,0,0,0,7,8,8,1,0,6,1,30,30,16,11,24,13,4450,0,0
1,0,10,1,2rlsvru5,53,2,4,2,0,2,2,2,4,2,2,4,5,4,5,1,2,1,14,2,16,12,6,18,12,0,0,3650,0,0,0,4,0,0,0,8,8,1,30,37,16,12,24,13,5950,0,0
1,0,10,1,2rlsvru5,53,2,4,2,0,2,2,2,4,2,2,4,5,4,5,1,2,1,15,1,15,12,5,15,12,0,0,3350,0,0,0,3,0,0,0,0,0,0,37,41,24,13,24,13,6350,0,0
1,0,10,1,g9l2zxg7,62,2,3,1,1,3,1,5,2,3,4,4,4,4,4,2,1,1,1,1,15,14,3,11,12,0,0,9900,1,2,0.666666666666667,3,0,0,0,0,0,0,0,0,0,0,0,0,0,0,0
1,0,10,1,g9l2zxg7,62,2,3,1,1,3,1,5,2,3,4,4,4,4,4,2,1,1,2,2,13,13,6,14,14,0,0,9600,1,1,1,1,2,2,1,0,0,0,3,3,0,0,0,0,100,0,0
1,0,10,1,g9l2zxg7,62,2,3,1,1,3,1,5,2,3,4,4,4,4,4,2,1,1,3,2,11,11,4,11,11,0,0,9600,0,-1,-1,-1,0,0,0,2,2,1,3,4,0,0,2,1,400,0,0
1,0,10,1,g9l2zxg7,62,2,3,1,1,3,1,5,2,3,4,4,4,4,4,2,1,1,4,2,12,12,4,14,12,1,0,9600,0,0,0,0,0,0,0,0,0,0,4,3,2,1,2,1,400,0,0
1,0,10,1,g9l2zxg7,62,2,3,1,1,3,1,5,2,3,4,4,4,4,4,2,1,1,5,2,14,14,7,12,12,0,0,9400,1,2,1,2,0,0,0,0,0,0,3,3,2,1,2,1,400,1,0
1,0,10,1,g9l2zxg7,62,2,3,1,1,3,1,5,2,3,4,4,4,4,4,2,1,1,6,1,15,14,4,15,12,0,0,9300,1,2,0.666666666666667,3,0,0,0,0,0,0,3,5,2,1,2,1,600,0,0
1,0,10,1,g9l2zxg7,62,2,3,1,1,3,1,5,2,3,4,4,4,4,4,2,1,1,7,1,20,20,6,15,12,1,400,8900,1,8,1,8,0,0,0,0,0,0,5,8,2,1,2,1,700,0,0
1,0,10,1,g9l2zxg7,62,2,3,1,1,3,1,5,2,3,4,4,4,4,4,2,1,1,8,2,17,12,4,17,17,1,0,7900,0,0,0,5,5,5,1,0,0,0,8,16,2,1,7,2,1100,1,1
1,0,10,1,g9l2zxg7,62,2,3,1,1,3,1,5,2,3,4,4,4,4,4,2,1,1,9,1,19,18,6,20,12,0,0,7800,1,6,0.857142857142857,7,0,5,1,5,5,1,16,21,2,1,7,3,2100,1,0
1,0,10,1,g9l2zxg7,62,2,3,1,1,3,1,5,2,3,4,4,4,4,4,2,1,1,10,2,18,12,4,18,18,0,0,6600,0,0,0,6,6,6,1,0,5,1,21,28,7,2,13,4,2200,0,0
1,0,10,1,g9l2zxg7,62,2,3,1,1,3,1,5,2,3,4,4,4,4,4,2,1,1,11,2,14,12,1,17,12,0,0,6400,0,0,0,2,0,0,0,6,6,1,28,34,7,3,13,4,3400,0,0
1,0,10,1,g9l2zxg7,62,2,3,1,1,3,1,5,2,3,4,4,4,4,4,2,1,1,12,2,15,15,4,19,19,0,0,5400,1,3,1,3,7,7,1,0,0,0,34,36,13,4,20,5,3600,0,0
1,0,10,1,g9l2zxg7,62,2,3,1,1,3,1,5,2,3,4,4,4,4,4,2,1,1,13,1,13,13,3,20,12,0,0,5400,1,1,1,1,0,7,1,7,7,1,36,39,13,4,20,6,4600,0,0
1,0,10,1,g9l2zxg7,62,2,3,1,1,3,1,5,2,3,4,4,4,4,4,2,1,1,14,1,16,16,4,13,12,0,0,5400,1,4,1,4,0,7,1,0,7,1,39,40,20,5,20,7,4600,0,0
1,0,10,1,g9l2zxg7,62,2,3,1,1,3,1,5,2,3,4,4,4,4,4,2,1,1,15,1,12,12,7,18,12,0,0,5400,0,0,0,0,0,7,1,0,7,1,40,44,20,6,20,8,4600,0,0
1,0,10,1,2i41jr2n,19,1,2,1,1,3,1,6,4,4,1,1,1,1,1,2,2,2,1,2,11,12,2,15,14,1,0,9900,0,0,0,-1,2,2,1,0,0,0,0,0,0,0,0,0,0,0,0
1,0,10,1,2i41jr2n,19,1,2,1,1,3,1,6,4,4,1,1,1,1,1,2,2,2,2,1,14,12,4,12,12,0,0,9700,0,0,0,2,0,2,1,2,2,1,-1,-1,2,1,2,1,100,0,0
1,0,10,1,2i41jr2n,19,1,2,1,1,3,1,6,4,4,1,1,1,1,1,2,2,2,3,1,13,13,5,13,12,0,0,9700,1,1,1,1,0,2,1,0,2,1,-1,1,2,1,2,3,300,0,0
1,0,10,1,2i41jr2n,19,1,2,1,1,3,1,6,4,4,1,1,1,1,1,2,2,2,4,2,12,12,5,14,14,0,0,9500,0,0,0,0,2,2,1,0,2,1,1,2,2,2,4,4,300,0,0
1,0,10,1,2i41jr2n,19,1,2,1,1,3,1,6,4,4,1,1,1,1,1,2,2,2,5,1,15,15,4,13,12,0,0,9500,1,3,1,3,0,2,1,2,2,1,2,2,2,3,4,5,500,0,0
1,0,10,1,2i41jr2n,19,1,2,1,1,3,1,6,4,4,1,1,1,1,1,2,2,2,6,1,18,18,1,20,12,0,0,9500,1,6,1,6,0,2,1,0,2,1,2,5,4,4,4,6,500,0,0
1,0,10,1,2i41jr2n,19,1,2,1,1,3,1,6,4,4,1,1,1,1,1,2,2,2,7,1,16,12,4,14,12,0,0,9100,0,0,0,4,0,2,1,0,2,1,5,11,4,5,4,7,500,0,0
1,0,10,1,2i41jr2n,19,1,2,1,1,3,1,6,4,4,1,1,1,1,1,2,2,2,8,2,19,19,1,15,12,0,0,8400,1,7,1,7,0,0,0,0,2,1,11,15,4,6,4,7,900,0,0
1,0,10,1,2i41jr2n,19,1,2,1,1,3,1,6,4,4,1,1,1,1,1,2,2,2,9,1,15,18,1,18,12,1,300,8100,1,6,2,3,0,0,0,0,0,0,15,22,4,7,4,7,1600,0,0
1,0,10,1,2i41jr2n,19,1,2,1,1,3,1,6,4,4,1,1,1,1,1,2,2,2,10,1,17,17,6,12,12,0,0,8100,1,5,1,5,0,0,0,0,0,0,22,25,4,7,4,7,1900,1,1
1,0,10,1,2i41jr2n,19,1,2,1,1,3,1,6,4,4,1,1,1,1,1,2,2,2,11,2,12,12,7,20,14,1,0,7900,0,0,0,0,2,2,1,0,0,0,25,30,4,7,6,8,1900,0,0
1,0,10,1,2i41jr2n,19,1,2,1,1,3,1,6,4,4,1,1,1,1,1,2,2,2,12,1,15,15,6,14,12,0,0,7900,1,3,1,3,0,2,1,2,2,1,30,30,4,7,6,9,2100,1,0
1,0,10,1,2i41jr2n,19,1,2,1,1,3,1,6,4,4,1,1,1,1,1,2,2,2,13,2,20,20,2,13,13,0,0,7000,1,8,1,8,1,1,1,0,2,1,30,33,6,8,7,10,2100,0,0
1,0,10,1,2i41jr2n,19,1,2,1,1,3,1,6,4,4,1,1,1,1,1,2,2,2,14,1,14,14,7,13,12,0,0,7000,1,2,1,2,0,1,1,1,1,1,33,41,6,9,7,11,3000,0,0
1,0,10,1,2i41jr2n,19,1,2,1,1,3,1,6,4,4,1,1,1,1,1,2,2,2,15,2,13,12,6,15,12,0,0,6900,0,0,0,1,0,0,0,0,1,1,41,43,7,10,7,11,3000,0,0
1,0,10,1,uo2kyvm9,73,2,5,2,0,3,1,5,5,9,1,2,4,4,4,2,2,3,1,1,15,15,7,14,12,0,0,10000,1,3,1,3,0,0,0,0,0,0,0,0,0,0,0,0,0,0,0
1,0,10,1,uo2kyvm9,73,2,5,2,0,3,1,5,5,9,1,2,4,4,4,2,2,3,2,2,12,10,3,14,12,0,0,10000,0,-2,-2,0,0,0,0,0,0,0,3,3,0,0,0,0,0,0,0
1,0,10,1,uo2kyvm9,73,2,5,2,0,3,1,5,5,9,1,2,4,4,4,2,2,3,3,1,11,11,2,11,12,0,0,10000,0,-1,-1,-1,0,0,0,0,0,0,3,3,0,0,0,0,0,0,0
1,0,10,1,uo2kyvm9,73,2,5,2,0,3,1,5,5,9,1,2,4,4,4,2,2,3,4,1,14,12,2,12,12,1,0,9800,0,0,0,2,0,0,0,0,0,0,3,2,0,0,0,0,0,0,0
1,0,10,1,uo2kyvm9,73,2,5,2,0,3,1,5,5,9,1,2,4,4,4,2,2,3,5,2,13,13,3,15,15,1,0,9400,1,1,1,1,3,3,1,0,0,0,2,4,0,0,3,1,200,1,0
1,0,10,1,uo2kyvm9,73,2,5,2,0,3,1,5,5,9,1,2,4,4,4,2,2,3,6,2,15,15,2,15,14,0,0,8900,1,3,1,3,2,2,1,3,3,1,4,5,0,0,5,2,600,1,0
1,0,10,1,uo2kyvm9,73,2,5,2,0,3,1,5,5,9,1,2,4,4,4,2,2,3,7,2,14,14,3,16,12,1,0,8700,1,2,1,2,0,0,0,2,2,1,5,8,3,1,5,2,1100,0,0
1,0,10,1,uo2kyvm9,73,2,5,2,0,3,1,5,5,9,1,2,4,4,4,2,2,3,8,1,17,17,2,17,12,0,0,8700,1,5,1,5,0,0,0,0,0,0,8,10,5,2,5,2,1300,1,0
1,0,10,1,uo2kyvm9,73,2,5,2,0,3,1,5,5,9,1,2,4,4,4,2,2,3,9,1,12,12,5,19,12,0,0,8700,0,0,0,0,0,0,0,0,0,0,10,15,5,2,5,2,1300,0,0
1,0,10,1,uo2kyvm9,73,2,5,2,0,3,1,5,5,9,1,2,4,4,4,2,2,3,10,1,18,18,2,18,12,0,0,8700,1,6,1,6,0,0,0,0,0,0,15,15,5,2,5,2,1300,0,0
1,0,10,1,uo2kyvm9,73,2,5,2,0,3,1,5,5,9,1,2,4,4,4,2,2,3,11,2,15,15,7,20,14,0,0,8200,1,3,1,3,2,2,1,0,0,0,15,21,5,2,7,3,1300,0,0
1,0,10,1,uo2kyvm9,73,2,5,2,0,3,1,5,5,9,1,2,4,4,4,2,2,3,12,1,19,19,2,15,12,0,0,8200,1,7,1,7,0,2,1,2,2,1,21,24,5,2,7,4,1800,0,0
1,0,10,1,uo2kyvm9,73,2,5,2,0,3,1,5,5,9,1,2,4,4,4,2,2,3,13,1,20,20,1,19,12,0,0,8200,1,8,1,8,0,2,1,0,2,1,24,31,7,3,7,5,1800,0,0
1,0,10,1,uo2kyvm9,73,2,5,2,0,3,1,5,5,9,1,2,4,4,4,2,2,3,14,2,13,13,2,16,16,0,0,7700,1,1,1,1,4,4,1,0,2,1,31,39,7,4,11,6,1800,0,0
1,0,10,1,uo2kyvm9,73,2,5,2,0,3,1,5,5,9,1,2,4,4,4,2,2,3,15,1,16,16,6,15,12,0,0,7700,1,4,1,4,0,4,1,4,4,1,39,40,7,5,11,7,2300,0,0
1,0,10,1,3q1gpkdk,42,1,4,2,1,1,2,5,9,7,1,1,1,1,1,2,3,3,1,1,11,11,7,14,12,0,0,10000,0,-1,-1,-1,0,0,0,0,0,0,0,0,0,0,0,0,0,0,0
1,0,10,1,3q1gpkdk,42,1,4,2,1,1,2,5,9,7,1,1,1,1,1,2,3,3,2,2,15,14,1,13,12,0,0,9700,1,2,0.666666666666667,3,0,0,0,0,0,0,-1,-1,0,0,0,0,0,0,0
1,0,10,1,3q1gpkdk,42,1,4,2,1,1,2,5,9,7,1,1,1,1,1,2,3,3,3,2,13,13,3,13,13,0,0,9500,1,1,1,1,1,1,1,0,0,0,-1,2,0,0,1,1,300,0,0
1,0,10,1,3q1gpkdk,42,1,4,2,1,1,2,5,9,7,1,1,1,1,1,2,3,3,4,1,14,14,6,11,12,0,0,9500,1,2,1,2,0,1,1,1,1,1,2,3,0,0,1,2,500,0,0
1,0,10,1,3q1gpkdk,42,1,4,2,1,1,2,5,9,7,1,1,1,1,1,2,3,3,5,2,12,12,1,15,13,0,0,9400,0,0,0,0,1,1,1,0,1,1,3,5,1,1,2,3,500,0,0
1,0,10,1,3q1gpkdk,42,1,4,2,1,1,2,5,9,7,1,1,1,1,1,2,3,3,6,2,16,16,6,13,12,0,0,9000,1,4,1,4,0,0,0,1,1,1,5,5,1,2,2,3,600,0,0
1,0,10,1,3q1gpkdk,42,1,4,2,1,1,2,5,9,7,1,1,1,1,1,2,3,3,7,1,17,15,1,14,12,0,0,8800,1,3,0.6,5,0,0,0,0,0,0,5,9,2,3,2,3,1000,0,0
1,0,10,1,3q1gpkdk,42,1,4,2,1,1,2,5,9,7,1,1,1,1,1,2,3,3,8,1,12,12,7,12,12,0,0,8800,0,0,0,0,0,0,0,0,0,0,9,14,2,3,2,3,1200,0,0
1,0,10,1,3q1gpkdk,42,1,4,2,1,1,2,5,9,7,1,1,1,1,1,2,3,3,9,2,19,17,4,12,12,0,0,8100,1,5,0.714285714285714,7,0,0,0,0,0,0,14,14,2,3,2,3,1200,0,0
1,0,10,1,3q1gpkdk,42,1,4,2,1,1,2,5,9,7,1,1,1,1,1,2,3,3,10,2,14,12,6,12,12,0,0,7900,0,0,0,2,0,0,0,0,0,0,14,21,2,3,2,3,1900,0,0
1,0,10,1,3q1gpkdk,42,1,4,2,1,1,2,5,9,7,1,1,1,1,1,2,3,3,11,1,13,13,6,16,12,0,0,7900,1,1,1,1,0,0,0,0,0,0,21,23,2,3,2,3,2100,0,0
1,0,10,1,3q1gpkdk,42,1,4,2,1,1,2,5,9,7,1,1,1,1,1,2,3,3,12,2,18,14,7,16,12,1,0,7300,1,2,0.333333333333333,6,0,0,0,0,0,0,23,24,2,3,2,3,2100,0,0
1,0,10,1,3q1gpkdk,42,1,4,2,1,1,2,5,9,7,1,1,1,1,1,2,3,3,13,1,20,14,7,17,12,0,0,6700,1,2,0.25,8,0,0,0,0,0,0,24,30,2,3,2,3,2700,1,0
1,0,10,1,3q1gpkdk,42,1,4,2,1,1,2,5,9,7,1,1,1,1,1,2,3,3,14,1,15,15,7,13,12,0,0,6700,1,3,1,3,0,0,0,0,0,0,30,38,2,3,2,3,3300,0,0
1,0,10,1,3q1gpkdk,42,1,4,2,1,1,2,5,9,7,1,1,1,1,1,2,3,3,15,2,15,15,1,15,12,0,0,6400,1,3,1,3,0,0,0,0,0,0,38,41,2,3,2,3,3300,0,0
1,0,10,1,m8u6mu82,60,2,4,2,1,1,2,4,4,6,3,1,1,2,1,2,2,2,1,1,15,13,1,12,12,0,0,9800,1,1,0.333333333333333,3,0,0,0,0,0,0,0,0,0,0,0,0,0,0,0
1,0,10,1,m8u6mu82,60,2,4,2,1,1,2,4,4,6,3,1,1,2,1,2,2,2,2,1,14,14,2,13,12,0,0,9800,1,2,1,2,0,0,0,0,0,0,3,3,0,0,0,0,200,0,0
1,0,10,1,m8u6mu82,60,2,4,2,1,1,2,4,4,6,3,1,1,2,1,2,2,2,3,2,12,12,1,11,11,0,0,9800,0,0,0,0,0,0,0,0,0,0,3,5,0,0,0,0,200,0,0
1,0,10,1,m8u6mu82,60,2,4,2,1,1,2,4,4,6,3,1,1,2,1,2,2,2,4,2,11,11,5,14,14,0,0,9700,0,-1,-1,-1,2,2,1,0,0,0,5,5,0,0,2,1,200,0,0
1,0,10,1,m8u6mu82,60,2,4,2,1,1,2,4,4,6,3,1,1,2,1,2,2,2,5,2,13,12,7,12,12,1,0,9600,0,0,0,1,0,0,0,2,2,1,5,4,0,0,2,1,300,0,0
1,0,10,1,m8u6mu82,60,2,4,2,1,1,2,4,4,6,3,1,1,2,1,2,2,2,6,1,13,12,5,16,12,0,0,9500,0,0,0,1,0,0,0,0,0,0,4,5,2,1,2,1,400,1,0
1,0,10,1,m8u6mu82,60,2,4,2,1,1,2,4,4,6,3,1,1,2,1,2,2,2,7,2,15,12,7,15,13,0,0,9100,0,0,0,3,1,1,1,0,0,0,5,6,2,1,3,2,500,0,0
1,0,10,1,m8u6mu82,60,2,4,2,1,1,2,4,4,6,3,1,1,2,1,2,2,2,8,2,17,17,7,12,12,1,0,8600,1,5,1,5,0,0,0,1,1,1,6,9,2,1,3,2,900,0,0
1,0,10,1,m8u6mu82,60,2,4,2,1,1,2,4,4,6,3,1,1,2,1,2,2,2,9,2,20,12,2,19,18,0,0,7200,0,0,0,8,6,6,1,0,0,0,9,14,3,2,9,3,1400,1,0
1,0,10,1,m8u6mu82,60,2,4,2,1,1,2,4,4,6,3,1,1,2,1,2,2,2,10,1,12,12,5,14,12,1,0,7200,0,0,0,0,0,6,1,6,6,1,14,22,3,2,9,4,2800,0,0
1,0,10,1,m8u6mu82,60,2,4,2,1,1,2,4,4,6,3,1,1,2,1,2,2,2,11,2,16,16,5,13,13,1,0,6700,1,4,1,4,1,1,1,0,6,1,22,22,9,3,10,5,2800,1,0
1,0,10,1,m8u6mu82,60,2,4,2,1,1,2,4,4,6,3,1,1,2,1,2,2,2,12,2,14,14,1,12,12,0,0,6500,1,2,1,2,0,0,0,1,1,1,22,26,9,4,10,5,3300,1,0
1,0,10,1,m8u6mu82,60,2,4,2,1,1,2,4,4,6,3,1,1,2,1,2,2,2,13,1,19,19,1,19,12,1,350,6150,1,7,1,7,0,0,0,0,0,0,26,28,10,5,10,5,3500,0,0
1,0,10,1,m8u6mu82,60,2,4,2,1,1,2,4,4,6,3,1,1,2,1,2,2,2,14,1,18,12,1,16,12,1,0,5550,0,0,0,6,0,0,0,0,0,0,28,35,10,5,10,5,3850,1,1
1,0,10,1,m8u6mu82,60,2,4,2,1,1,2,4,4,6,3,1,1,2,1,2,2,2,15,2,15,12,4,16,16,0,0,4850,0,0,0,3,4,4,1,0,0,0,35,41,10,5,14,6,4450,1,0
1,0,10,1,ls2gzd4w,74,2,3,1,0,5,1,3,4,3,4,3,3,4,3,1,2,1,1,2,14,12,4,15,15,0,0,9500,0,0,0,2,3,3,1,0,0,0,0,0,0,0,0,0,0,0,0
1,0,10,1,ls2gzd4w,74,2,3,1,0,5,1,3,4,3,4,3,3,4,3,1,2,1,2,1,11,10,3,14,12,0,0,9400,0,-2,-2,-1,0,3,1,3,3,1,2,2,3,1,3,1,500,0,0
1,0,10,1,ls2gzd4w,74,2,3,1,0,5,1,3,4,3,4,3,3,4,3,1,2,1,3,1,13,13,6,12,12,0,0,9400,1,1,1,1,0,3,1,0,3,1,2,1,3,1,3,3,600,0,0
1,0,10,1,ls2gzd4w,74,2,3,1,0,5,1,3,4,3,4,3,3,4,3,1,2,1,4,2,15,13,1,14,14,0,0,8900,1,1,0.333333333333333,3,2,2,1,0,3,1,1,2,3,2,5,4,600,0,0
1,0,10,1,ls2gzd4w,74,2,3,1,0,5,1,3,4,3,4,3,3,4,3,1,2,1,5,1,12,12,6,13,12,0,0,8900,0,0,0,0,0,2,1,2,2,1,2,5,3,3,5,5,1100,0,0
1,0,10,1,ls2gzd4w,74,2,3,1,0,5,1,3,4,3,4,3,3,4,3,1,2,1,6,2,19,13,2,15,14,0,0,8000,1,1,0.142857142857143,7,2,2,1,0,2,1,5,5,5,4,7,6,1100,0,0
1,0,10,1,ls2gzd4w,74,2,3,1,0,5,1,3,4,3,4,3,3,4,3,1,2,1,7,1,15,13,6,15,12,1,50,7750,1,1,0.333333333333333,3,0,2,1,2,2,1,5,12,5,5,7,7,2000,0,0
1,0,10,1,ls2gzd4w,74,2,3,1,0,5,1,3,4,3,4,3,3,4,3,1,2,1,8,2,12,12,5,12,12,1,0,7750,0,0,0,0,0,0,0,0,2,1,12,15,7,6,7,7,2250,1,1
1,0,10,1,ls2gzd4w,74,2,3,1,0,5,1,3,4,3,4,3,3,4,3,1,2,1,9,2,15,14,3,15,18,0,0,6850,1,2,0.666666666666667,3,6,6,1,0,0,0,15,15,7,7,13,8,2250,1,0
1,0,10,1,ls2gzd4w,74,2,3,1,0,5,1,3,4,3,4,3,3,4,3,1,2,1,10,2,14,13,1,13,12,0,0,6650,1,1,0.5,2,0,0,0,6,6,1,15,18,7,7,13,8,3150,0,0
1,0,10,1,ls2gzd4w,74,2,3,1,0,5,1,3,4,3,4,3,3,4,3,1,2,1,11,1,20,14,4,15,12,1,100,5950,1,2,0.25,8,0,0,0,0,0,0,18,20,13,8,13,8,3350,0,0
1,0,10,1,ls2gzd4w,74,2,3,1,0,5,1,3,4,3,4,3,3,4,3,1,2,1,12,1,16,12,5,18,12,0,0,5550,0,0,0,4,0,0,0,0,0,0,20,28,13,8,13,8,4050,1,1
1,0,10,1,ls2gzd4w,74,2,3,1,0,5,1,3,4,3,4,3,3,4,3,1,2,1,13,2,17,12,5,20,14,0,0,4850,0,0,0,5,2,2,1,0,0,0,28,32,13,8,15,9,4450,0,0
1,0,10,1,ls2gzd4w,74,2,3,1,0,5,1,3,4,3,4,3,3,4,3,1,2,1,14,2,13,11,5,15,15,0,0,4450,0,-1,-1,1,3,3,1,2,2,1,32,37,13,8,18,10,5150,0,0
1,0,10,1,ls2gzd4w,74,2,3,1,0,5,1,3,4,3,4,3,3,4,3,1,2,1,15,2,18,13,2,12,12,0,0,3850,1,1,0.166666666666667,6,0,0,0,3,3,1,37,38,15,9,18,10,5550,0,0
1,0,11,0,qds9wyf4,19,1,2,1,0,2,2,4,10,9,4,4,2,2,5,2,3,3,1,2,12,12,9,11,11,0,0,10000,0,0,0,0,0,0,0,0,0,0,0,0,0,0,0,0,0,0,0
1,0,11,0,qds9wyf4,19,1,2,1,0,2,2,4,10,9,4,4,2,2,5,2,3,3,2,1,15,9,12,15,12,0,0,9400,0,-3,-1,3,0,0,0,0,0,0,0,0,0,0,0,0,0,0,0
1,0,11,0,qds9wyf4,19,1,2,1,0,2,2,4,10,9,4,4,2,2,5,2,3,3,3,1,13,12,11,13,12,0,0,9300,0,0,0,1,0,0,0,0,0,0,0,3,0,0,0,0,600,0,0
1,0,11,0,qds9wyf4,19,1,2,1,0,2,2,4,10,9,4,4,2,2,5,2,3,3,4,1,11,13,12,11,12,0,0,9300,1,1,1,-1,0,0,0,0,0,0,3,4,0,0,0,0,700,0,0
1,0,11,0,qds9wyf4,19,1,2,1,0,2,2,4,10,9,4,4,2,2,5,2,3,3,5,1,14,14,9,14,12,0,0,9300,1,2,1,2,0,0,0,0,0,0,4,3,0,0,0,0,700,0,0
1,0,11,0,qds9wyf4,19,1,2,1,0,2,2,4,10,9,4,4,2,2,5,2,3,3,6,2,15,10,2,15,12,0,0,9000,0,-2,-0.666666666666667,3,0,0,0,0,0,0,3,5,0,0,0,0,700,0,0
1,0,11,0,qds9wyf4,19,1,2,1,0,2,2,4,10,9,4,4,2,2,5,2,3,3,7,1,17,17,10,15,12,0,0,9000,1,5,1,5,0,0,0,0,0,0,5,8,0,0,0,0,1000,0,0
1,0,11,0,qds9wyf4,19,1,2,1,0,2,2,4,10,9,4,4,2,2,5,2,3,3,8,2,19,19,11,20,20,0,0,7500,1,7,1,7,8,8,1,0,0,0,8,13,0,0,8,1,1000,0,0
1,0,11,0,qds9wyf4,19,1,2,1,0,2,2,4,10,9,4,4,2,2,5,2,3,3,9,2,13,15,12,18,12,1,0,7400,1,3,3,1,0,0,0,8,8,1,13,20,0,0,8,1,2500,0,0
1,0,11,0,qds9wyf4,19,1,2,1,0,2,2,4,10,9,4,4,2,2,5,2,3,3,10,2,20,20,7,15,12,0,0,6600,1,8,1,8,0,0,0,0,0,0,20,21,8,1,8,1,2600,1,0
1,0,11,0,qds9wyf4,19,1,2,1,0,2,2,4,10,9,4,4,2,2,5,2,3,3,11,1,12,12,4,15,12,0,0,6600,0,0,0,0,0,0,0,0,0,0,21,29,8,1,8,1,3400,0,0
1,0,11,0,qds9wyf4,19,1,2,1,0,2,2,4,10,9,4,4,2,2,5,2,3,3,12,2,14,15,12,13,12,1,0,6400,1,3,1.5,2,0,0,0,0,0,0,29,29,8,1,8,1,3400,0,0
1,0,11,0,qds9wyf4,19,1,2,1,0,2,2,4,10,9,4,4,2,2,5,2,3,3,13,2,18,20,8,20,15,0,0,5500,1,8,1.33333333333333,6,3,3,1,0,0,0,29,31,8,1,11,2,3600,1,0
1,0,11,0,qds9wyf4,19,1,2,1,0,2,2,4,10,9,4,4,2,2,5,2,3,3,14,1,16,12,8,17,12,0,0,5100,0,0,0,4,0,3,1,3,3,1,31,37,8,1,11,3,4500,0,0
1,0,11,0,qds9wyf4,19,1,2,1,0,2,2,4,10,9,4,4,2,2,5,2,3,3,15,1,15,19,2,16,12,0,0,5100,1,7,2.33333333333333,3,0,3,1,0,3,1,37,41,11,2,11,4,4900,0,0
1,0,11,0,ne70pjog,64,2,5,2,0,5,1,8,6,10,4,4,1,3,2,3,2,3,1,2,13,13,3,14,7,0,0,10000,1,1,1,1,0,0,0,0,0,0,0,0,0,0,0,0,0,0,0
1,0,11,0,ne70pjog,64,2,5,2,0,5,1,8,6,10,4,4,1,3,2,3,2,3,2,2,14,14,4,12,12,0,0,9800,1,2,1,2,0,0,0,0,0,0,1,1,0,0,0,0,0,0,0
1,0,11,0,ne70pjog,64,2,5,2,0,5,1,8,6,10,4,4,1,3,2,3,2,3,3,1,15,12,6,11,12,1,0,9500,0,0,0,3,0,0,0,0,0,0,1,3,0,0,0,0,200,0,0
1,0,11,0,ne70pjog,64,2,5,2,0,5,1,8,6,10,4,4,1,3,2,3,2,3,4,2,11,11,7,14,12,1,0,9500,0,-1,-1,-1,0,0,0,0,0,0,3,6,0,0,0,0,500,1,0
1,0,11,0,ne70pjog,64,2,5,2,0,5,1,8,6,10,4,4,1,3,2,3,2,3,5,2,12,12,6,12,6,0,0,9500,0,0,0,0,0,0,0,0,0,0,6,5,0,0,0,0,500,1,0
1,0,11,0,ne70pjog,64,2,5,2,0,5,1,8,6,10,4,4,1,3,2,3,2,3,6,1,15,12,1,15,12,1,0,9200,0,0,0,3,0,0,0,0,0,0,5,5,0,0,0,0,500,0,0
1,0,11,0,ne70pjog,64,2,5,2,0,5,1,8,6,10,4,4,1,3,2,3,2,3,7,2,13,13,8,15,12,0,0,9100,1,1,1,1,0,0,0,0,0,0,5,8,0,0,0,0,800,1,0
1,0,11,0,ne70pjog,64,2,5,2,0,5,1,8,6,10,4,4,1,3,2,3,2,3,8,2,12,12,9,19,19,0,0,8400,0,0,0,0,7,7,1,0,0,0,8,9,0,0,7,1,900,0,0
1,0,11,0,ne70pjog,64,2,5,2,0,5,1,8,6,10,4,4,1,3,2,3,2,3,9,2,14,14,8,15,15,0,0,7900,1,2,1,2,3,3,1,7,7,1,9,9,0,0,10,2,1600,0,0
1,0,11,0,ne70pjog,64,2,5,2,0,5,1,8,6,10,4,4,1,3,2,3,2,3,10,2,15,12,12,14,12,0,0,7600,0,0,0,3,0,0,0,3,3,1,9,11,7,1,10,2,2100,0,0
1,0,11,0,ne70pjog,64,2,5,2,0,5,1,8,6,10,4,4,1,3,2,3,2,3,11,2,19,14,5,18,12,0,0,6900,1,2,0.285714285714286,7,0,0,0,0,0,0,11,14,10,2,10,2,2400,0,0
1,0,11,0,ne70pjog,64,2,5,2,0,5,1,8,6,10,4,4,1,3,2,3,2,3,12,2,17,14,8,19,19,0,0,5700,1,2,0.4,5,7,7,1,0,0,0,14,21,10,2,17,3,3100,0,0
1,0,11,0,ne70pjog,64,2,5,2,0,5,1,8,6,10,4,4,1,3,2,3,2,3,13,1,18,18,7,20,12,0,0,5700,1,6,1,6,0,7,1,7,7,1,21,26,10,2,17,4,4300,0,0
1,0,11,0,ne70pjog,64,2,5,2,0,5,1,8,6,10,4,4,1,3,2,3,2,3,14,1,20,12,7,13,12,1,0,4900,0,0,0,8,0,7,1,0,7,1,26,32,17,3,17,5,4300,0,0
1,0,11,0,ne70pjog,64,2,5,2,0,5,1,8,6,10,4,4,1,3,2,3,2,3,15,2,16,12,1,15,19,0,0,3800,0,0,0,4,7,7,1,0,7,1,32,40,17,4,24,6,5100,1,0
1,0,11,0,olle8tdt,38,1,4,2,1,1,2,3,10,8,5,2,5,2,4,1,3,3,1,1,14,7,2,13,12,0,0,9300,0,-5,-2.5,2,0,0,0,0,0,0,0,0,0,0,0,0,0,0,0
1,0,11,0,olle8tdt,38,1,4,2,1,1,2,3,10,8,5,2,5,2,4,1,3,3,2,1,12,12,8,15,12,0,0,9300,0,0,0,0,0,0,0,0,0,0,2,2,0,0,0,0,700,0,0
1,0,11,0,olle8tdt,38,1,4,2,1,1,2,3,10,8,5,2,5,2,4,1,3,3,3,1,13,10,9,15,12,1,0,9000,0,-2,-2,1,0,0,0,0,0,0,2,2,0,0,0,0,700,0,0
1,0,11,0,olle8tdt,38,1,4,2,1,1,2,3,10,8,5,2,5,2,4,1,3,3,4,1,11,11,10,13,12,0,0,9000,0,-1,-1,-1,0,0,0,0,0,0,2,3,0,0,0,0,1000,1,0
1,0,11,0,olle8tdt,38,1,4,2,1,1,2,3,10,8,5,2,5,2,4,1,3,3,5,2,15,12,8,11,12,1,0,8700,0,0,0,3,0,0,0,0,0,0,3,2,0,0,0,0,1000,0,0
1,0,11,0,olle8tdt,38,1,4,2,1,1,2,3,10,8,5,2,5,2,4,1,3,3,6,1,18,18,7,12,12,1,300,8400,1,6,1,6,0,0,0,0,0,0,2,5,0,0,0,0,1300,1,0
1,0,11,0,olle8tdt,38,1,4,2,1,1,2,3,10,8,5,2,5,2,4,1,3,3,7,2,15,12,5,19,12,0,0,8100,0,0,0,3,0,0,0,0,0,0,5,11,0,0,0,0,1600,1,1
1,0,11,0,olle8tdt,38,1,4,2,1,1,2,3,10,8,5,2,5,2,4,1,3,3,8,2,12,12,7,14,14,1,0,7900,0,0,0,0,2,2,1,0,0,0,11,14,0,0,2,1,1900,0,0
1,0,11,0,olle8tdt,38,1,4,2,1,1,2,3,10,8,5,2,5,2,4,1,3,3,9,2,14,12,9,16,16,0,0,7300,0,0,0,2,4,4,1,2,2,1,14,14,0,0,6,2,2100,1,0
1,0,11,0,olle8tdt,38,1,4,2,1,1,2,3,10,8,5,2,5,2,4,1,3,3,10,2,15,12,9,13,13,0,0,6900,0,0,0,3,1,1,1,4,4,1,14,16,2,1,7,3,2700,0,0
1,0,11,0,olle8tdt,38,1,4,2,1,1,2,3,10,8,5,2,5,2,4,1,3,3,11,2,16,8,10,20,18,1,0,5900,0,-4,-1,4,6,6,1,1,1,1,16,19,6,2,13,4,3100,0,0
1,0,11,0,olle8tdt,38,1,4,2,1,1,2,3,10,8,5,2,5,2,4,1,3,3,12,2,17,12,7,17,12,0,0,5400,0,0,0,5,0,0,0,6,6,1,19,23,7,3,13,4,4100,1,0
1,0,11,0,olle8tdt,38,1,4,2,1,1,2,3,10,8,5,2,5,2,4,1,3,3,13,2,19,19,12,12,12,0,0,4700,1,7,1,7,0,0,0,0,0,0,23,28,13,4,13,4,4600,0,0
1,0,11,0,olle8tdt,38,1,4,2,1,1,2,3,10,8,5,2,5,2,4,1,3,3,14,2,13,12,9,15,15,0,0,4300,0,0,0,1,3,3,1,0,0,0,28,35,13,4,16,5,5300,0,0
1,0,11,0,olle8tdt,38,1,4,2,1,1,2,3,10,8,5,2,5,2,4,1,3,3,15,1,20,20,5,16,12,0,0,4300,1,8,1,8,0,3,1,3,3,1,35,36,13,4,16,6,5700,0,0
1,0,11,0,j8a5titm,55,2,4,2,1,2,2,10,10,10,4,4,4,4,4,3,3,3,1,2,15,15,7,11,10,0,0,9900,1,3,1,3,0,0,0,0,0,0,0,0,0,0,0,0,0,0,0
1,0,11,0,j8a5titm,55,2,4,2,1,2,2,10,10,10,4,4,4,4,4,3,3,3,2,1,12,12,2,14,12,0,0,9900,0,0,0,0,0,0,0,0,0,0,3,3,0,0,0,0,100,0,0
1,0,11,0,j8a5titm,55,2,4,2,1,2,2,10,10,10,4,4,4,4,4,3,3,3,3,2,13,13,10,15,13,0,0,9700,1,1,1,1,1,1,1,0,0,0,3,3,0,0,1,1,100,0,0
1,0,11,0,j8a5titm,55,2,4,2,1,2,2,10,10,10,4,4,4,4,4,3,3,3,4,2,11,11,5,15,12,0,0,9700,0,-1,-1,-1,0,0,0,1,1,1,3,4,0,0,1,1,300,0,0
1,0,11,0,j8a5titm,55,2,4,2,1,2,2,10,10,10,4,4,4,4,4,3,3,3,5,1,14,14,11,15,12,0,0,9700,1,2,1,2,0,0,0,0,0,0,4,3,1,1,1,1,300,0,0
1,0,11,0,j8a5titm,55,2,4,2,1,2,2,10,10,10,4,4,4,4,4,3,3,3,6,2,20,20,8,14,12,0,0,8900,1,8,1,8,0,0,0,0,0,0,3,5,1,1,1,1,300,0,0
1,0,11,0,j8a5titm,55,2,4,2,1,2,2,10,10,10,4,4,4,4,4,3,3,3,7,1,19,19,11,19,12,1,350,8550,1,7,1,7,0,0,0,0,0,0,5,13,1,1,1,1,1100,0,0
1,0,11,0,j8a5titm,55,2,4,2,1,2,2,10,10,10,4,4,4,4,4,3,3,3,8,1,17,17,8,12,12,0,0,8550,1,5,1,5,0,0,0,0,0,0,13,20,1,1,1,1,1450,1,1
1,0,11,0,j8a5titm,55,2,4,2,1,2,2,10,10,10,4,4,4,4,4,3,3,3,9,1,14,14,11,15,12,0,0,8550,1,2,1,2,0,0,0,0,0,0,20,25,1,1,1,1,1450,0,0
1,0,11,0,j8a5titm,55,2,4,2,1,2,2,10,10,10,4,4,4,4,4,3,3,3,10,2,12,12,8,13,12,0,0,8550,0,0,0,0,0,0,0,0,0,0,25,27,1,1,1,1,1450,0,0
1,0,11,0,j8a5titm,55,2,4,2,1,2,2,10,10,10,4,4,4,4,4,3,3,3,11,2,15,15,1,12,12,0,0,8250,1,3,1,3,0,0,0,0,0,0,27,27,1,1,1,1,1450,0,0
1,0,11,0,j8a5titm,55,2,4,2,1,2,2,10,10,10,4,4,4,4,4,3,3,3,12,2,15,15,5,13,12,0,0,7950,1,3,1,3,0,0,0,0,0,0,27,30,1,1,1,1,1750,0,0
1,0,11,0,j8a5titm,55,2,4,2,1,2,2,10,10,10,4,4,4,4,4,3,3,3,13,2,13,14,10,12,12,0,0,7850,1,2,2,1,0,0,0,0,0,0,30,33,1,1,1,1,2050,0,0
1,0,11,0,j8a5titm,55,2,4,2,1,2,2,10,10,10,4,4,4,4,4,3,3,3,14,2,18,18,6,16,8,0,0,7650,1,6,1,6,0,0,0,0,0,0,33,34,1,1,1,1,2150,0,0
1,0,11,0,j8a5titm,55,2,4,2,1,2,2,10,10,10,4,4,4,4,4,3,3,3,15,1,16,18,11,12,12,0,0,7650,1,6,1.5,4,0,0,0,0,0,0,34,40,1,1,1,1,2350,0,0
1,0,11,0,3ilrp121,64,2,4,2,0,2,2,6,7,7,5,5,5,5,5,2,3,3,1,1,13,12,8,13,12,0,0,9900,0,0,0,1,0,0,0,0,0,0,0,0,0,0,0,0,0,0,0
1,0,11,0,3ilrp121,64,2,4,2,0,2,2,6,7,7,5,5,5,5,5,2,3,3,2,1,14,12,9,13,12,0,0,9700,0,0,0,2,0,0,0,0,0,0,1,1,0,0,0,0,100,0,0
1,0,11,0,3ilrp121,64,2,4,2,0,2,2,6,7,7,5,5,5,5,5,2,3,3,3,1,12,12,12,14,12,0,0,9700,0,0,0,0,0,0,0,0,0,0,1,3,0,0,0,0,300,0,0
1,0,11,0,3ilrp121,64,2,4,2,0,2,2,6,7,7,5,5,5,5,5,2,3,3,4,1,15,12,4,11,12,0,0,9400,0,0,0,3,0,0,0,0,0,0,3,3,0,0,0,0,300,0,0
1,0,11,0,3ilrp121,64,2,4,2,0,2,2,6,7,7,5,5,5,5,5,2,3,3,5,1,11,11,7,15,12,0,0,9400,0,-1,-1,-1,0,0,0,0,0,0,3,6,0,0,0,0,600,0,0
1,0,11,0,3ilrp121,64,2,4,2,0,2,2,6,7,7,5,5,5,5,5,2,3,3,6,2,17,12,10,15,14,0,0,8700,0,0,0,5,2,2,1,0,0,0,6,5,0,0,2,1,600,0,0
1,0,11,0,3ilrp121,64,2,4,2,0,2,2,6,7,7,5,5,5,5,5,2,3,3,7,1,19,12,3,15,12,0,0,8000,0,0,0,7,0,2,1,2,2,1,5,10,0,0,2,2,1300,0,0
1,0,11,0,3ilrp121,64,2,4,2,0,2,2,6,7,7,5,5,5,5,5,2,3,3,8,1,20,12,12,15,12,0,0,7200,0,0,0,8,0,2,1,0,2,1,10,17,2,1,2,3,2000,0,0
1,0,11,0,3ilrp121,64,2,4,2,0,2,2,6,7,7,5,5,5,5,5,2,3,3,9,2,14,12,6,18,4,0,0,7200,0,0,0,2,0,0,0,0,2,1,17,25,2,2,2,3,2800,0,0
1,0,11,0,3ilrp121,64,2,4,2,0,2,2,6,7,7,5,5,5,5,5,2,3,3,10,2,12,12,10,17,15,0,0,6900,0,0,0,0,3,3,1,0,0,0,25,27,2,3,5,4,2800,0,0
1,0,11,0,3ilrp121,64,2,4,2,0,2,2,6,7,7,5,5,5,5,5,2,3,3,11,1,18,12,2,19,12,0,0,6300,0,0,0,6,0,3,1,3,3,1,27,27,2,3,5,5,3100,0,0
1,0,11,0,3ilrp121,64,2,4,2,0,2,2,6,7,7,5,5,5,5,5,2,3,3,12,1,13,12,4,15,12,1,0,6200,0,0,0,1,0,3,1,0,3,1,27,33,5,4,5,6,3700,0,0
1,0,11,0,3ilrp121,64,2,4,2,0,2,2,6,7,7,5,5,5,5,5,2,3,3,13,2,15,12,11,14,14,0,0,5700,0,0,0,3,2,2,1,0,3,1,33,34,5,5,7,7,3800,1,0
1,0,11,0,3ilrp121,64,2,4,2,0,2,2,6,7,7,5,5,5,5,5,2,3,3,14,1,15,12,11,16,12,0,0,5400,0,0,0,3,0,2,1,2,2,1,34,37,5,6,7,8,4300,0,0
1,0,11,0,3ilrp121,64,2,4,2,0,2,2,6,7,7,5,5,5,5,5,2,3,3,15,2,16,12,3,20,20,0,0,4200,0,0,0,4,8,8,1,0,2,1,37,40,7,7,15,9,4600,0,0
1,0,11,0,5klmvjxz,61,2,4,2,1,3,1,5,8,8,2,1,5,5,5,2,3,3,1,1,13,8,11,11,12,0,0,9500,0,-4,-4,1,0,0,0,0,0,0,0,0,0,0,0,0,0,0,0
1,0,11,0,5klmvjxz,61,2,4,2,1,3,1,5,8,8,2,1,5,5,5,2,3,3,2,2,14,8,10,14,14,0,0,9100,0,-4,-2,2,2,2,1,0,0,0,1,1,0,0,0,0,500,0,0
1,0,11,0,5klmvjxz,61,2,4,2,1,3,1,5,8,8,2,1,5,5,5,2,3,3,3,2,11,4,2,15,12,0,0,9100,0,-8,-8,-1,0,0,0,2,2,1,1,3,0,0,2,1,900,0,0
1,0,11,0,5klmvjxz,61,2,4,2,1,3,1,5,8,8,2,1,5,5,5,2,3,3,4,2,15,6,8,14,12,1,0,8800,0,-6,-2,3,0,0,0,0,0,0,3,2,2,1,2,1,900,0,0
1,0,11,0,5klmvjxz,61,2,4,2,1,3,1,5,8,8,2,1,5,5,5,2,3,3,5,1,12,6,2,12,12,0,0,8200,0,-6,-6,0,0,0,0,0,0,0,2,5,2,1,2,1,1200,1,0
1,0,11,0,5klmvjxz,61,2,4,2,1,3,1,5,8,8,2,1,5,5,5,2,3,3,6,1,20,8,11,18,12,0,0,7000,0,-4,-0.5,8,0,0,0,0,0,0,5,5,2,1,2,1,1800,0,0
1,0,11,0,5klmvjxz,61,2,4,2,1,3,1,5,8,8,2,1,5,5,5,2,3,3,7,1,12,4,12,19,12,0,0,6200,0,-8,-8,0,0,0,0,0,0,0,5,13,2,1,2,1,3000,0,0
1,0,11,0,5klmvjxz,61,2,4,2,1,3,1,5,8,8,2,1,5,5,5,2,3,3,8,2,15,7,10,16,14,0,0,5700,0,-5,-1.66666666666667,3,2,2,1,0,0,0,13,13,2,1,4,2,3800,0,0
1,0,11,0,5klmvjxz,61,2,4,2,1,3,1,5,8,8,2,1,5,5,5,2,3,3,9,1,18,4,5,14,12,0,0,4300,0,-8,-1.33333333333333,6,0,2,1,2,2,1,13,16,2,1,4,3,4300,0,0
1,0,11,0,5klmvjxz,61,2,4,2,1,3,1,5,8,8,2,1,5,5,5,2,3,3,10,1,14,8,11,13,12,1,0,3700,0,-4,-2,2,0,2,1,0,2,1,16,22,4,2,4,4,5700,0,0
1,0,11,0,5klmvjxz,61,2,4,2,1,3,1,5,8,8,2,1,5,5,5,2,3,3,11,2,13,8,7,19,17,0,0,3100,0,-4,-4,1,5,5,1,0,2,1,22,24,4,3,9,5,6300,1,0
1,0,11,0,5klmvjxz,61,2,4,2,1,3,1,5,8,8,2,1,5,5,5,2,3,3,12,2,15,4,9,18,12,0,0,2800,0,-8,-2.66666666666667,3,0,0,0,5,5,1,24,25,4,4,9,5,6900,0,0
1,0,11,0,5klmvjxz,61,2,4,2,1,3,1,5,8,8,2,1,5,5,5,2,3,3,13,2,19,6,9,20,14,1,0,1900,0,-6,-0.857142857142857,7,2,2,1,0,0,0,25,28,9,5,11,6,7200,0,0
1,0,11,0,5klmvjxz,61,2,4,2,1,3,1,5,8,8,2,1,5,5,5,2,3,3,14,1,16,8,4,18,12,0,0,1100,0,-4,-1,4,0,2,1,2,2,1,28,35,9,5,11,7,8100,1,0
1,0,11,0,5klmvjxz,61,2,4,2,1,3,1,5,8,8,2,1,5,5,5,2,3,3,15,1,17,6,8,18,12,0,0,0,0,-6,-1.2,5,0,2,1,0,2,1,35,39,11,6,11,8,8900,0,0
1,0,11,0,2xx2ekvi,38,1,4,2,1,3,1,8,8,7,5,3,5,4,4,3,3,3,1,1,11,10,4,15,12,0,0,9900,0,-2,-2,-1,0,0,0,0,0,0,0,0,0,0,0,0,0,0,0
1,0,11,0,2xx2ekvi,38,1,4,2,1,3,1,8,8,7,5,3,5,4,4,3,3,3,2,1,13,12,11,14,12,0,0,9800,0,0,0,1,0,0,0,0,0,0,-1,-1,0,0,0,0,100,0,0
1,0,11,0,2xx2ekvi,38,1,4,2,1,3,1,8,8,7,5,3,5,4,4,3,3,3,3,1,12,12,8,12,12,0,0,9800,0,0,0,0,0,0,0,0,0,0,-1,0,0,0,0,0,200,0,0
1,0,11,0,2xx2ekvi,38,1,4,2,1,3,1,8,8,7,5,3,5,4,4,3,3,3,4,1,14,12,2,11,12,0,0,9600,0,0,0,2,0,0,0,0,0,0,0,0,0,0,0,0,200,0,0
1,0,11,0,2xx2ekvi,38,1,4,2,1,3,1,8,8,7,5,3,5,4,4,3,3,3,5,2,15,15,5,11,11,0,0,9400,1,3,1,3,0,0,0,0,0,0,0,2,0,0,0,0,400,0,0
1,0,11,0,2xx2ekvi,38,1,4,2,1,3,1,8,8,7,5,3,5,4,4,3,3,3,6,2,12,12,3,18,18,0,0,8800,0,0,0,0,6,6,1,0,0,0,2,5,0,0,6,1,600,0,0
1,0,11,0,2xx2ekvi,38,1,4,2,1,3,1,8,8,7,5,3,5,4,4,3,3,3,7,2,18,15,9,12,12,0,0,8200,1,3,0.5,6,0,0,0,6,6,1,5,5,0,0,6,1,1200,0,0
1,0,11,0,2xx2ekvi,38,1,4,2,1,3,1,8,8,7,5,3,5,4,4,3,3,3,8,1,14,14,3,12,12,1,100,8100,1,2,1,2,0,0,0,0,0,0,5,11,6,1,6,1,1800,0,0
1,0,11,0,2xx2ekvi,38,1,4,2,1,3,1,8,8,7,5,3,5,4,4,3,3,3,9,1,15,12,10,13,12,0,0,7800,0,0,0,3,0,0,0,0,0,0,11,13,6,1,6,1,1900,1,1
1,0,11,0,2xx2ekvi,38,1,4,2,1,3,1,8,8,7,5,3,5,4,4,3,3,3,10,1,15,12,1,20,12,0,0,7500,0,0,0,3,0,0,0,0,0,0,13,16,6,1,6,1,2200,0,0
1,0,11,0,2xx2ekvi,38,1,4,2,1,3,1,8,8,7,5,3,5,4,4,3,3,3,11,1,19,17,6,13,12,1,250,7050,1,5,0.714285714285714,7,0,0,0,0,0,0,16,19,6,1,6,1,2500,0,0
1,0,11,0,2xx2ekvi,38,1,4,2,1,3,1,8,8,7,5,3,5,4,4,3,3,3,12,1,17,12,3,17,12,0,0,6550,0,0,0,5,0,0,0,0,0,0,19,26,6,1,6,1,2950,1,1
1,0,11,0,2xx2ekvi,38,1,4,2,1,3,1,8,8,7,5,3,5,4,4,3,3,3,13,2,20,13,2,18,18,0,0,5150,1,1,0.125,8,6,6,1,0,0,0,26,31,6,1,12,2,3450,0,0
1,0,11,0,2xx2ekvi,38,1,4,2,1,3,1,8,8,7,5,3,5,4,4,3,3,3,14,2,13,13,2,20,12,1,0,5050,1,1,1,1,0,0,0,6,6,1,31,39,6,1,12,2,4850,0,0
1,0,11,0,2xx2ekvi,38,1,4,2,1,3,1,8,8,7,5,3,5,4,4,3,3,3,15,2,16,13,12,17,17,0,0,4150,1,1,0.25,4,5,5,1,0,0,0,39,40,12,2,17,3,4950,1,0
1,0,11,0,1c9ru0gr,24,1,3,1,1,1,2,5,0,7,3,1,3,2,1,2,1,3,1,2,13,12,5,13,12,0,0,9900,0,0,0,1,0,0,0,0,0,0,0,0,0,0,0,0,0,0,0
1,0,11,0,1c9ru0gr,24,1,3,1,1,1,2,5,0,7,3,1,3,2,1,2,1,3,2,2,15,12,3,12,12,0,0,9600,0,0,0,3,0,0,0,0,0,0,1,1,0,0,0,0,100,0,0
1,0,11,0,1c9ru0gr,24,1,3,1,1,1,2,5,0,7,3,1,3,2,1,2,1,3,3,2,12,12,7,12,12,0,0,9600,0,0,0,0,0,0,0,0,0,0,1,4,0,0,0,0,400,0,0
1,0,11,0,1c9ru0gr,24,1,3,1,1,1,2,5,0,7,3,1,3,2,1,2,1,3,4,1,14,12,6,15,12,0,0,9400,0,0,0,2,0,0,0,0,0,0,4,4,0,0,0,0,400,0,0
1,0,11,0,1c9ru0gr,24,1,3,1,1,1,2,5,0,7,3,1,3,2,1,2,1,3,5,1,11,12,3,15,12,0,0,9400,0,0,0,-1,0,0,0,0,0,0,4,6,0,0,0,0,600,0,0
1,0,11,0,1c9ru0gr,24,1,3,1,1,1,2,5,0,7,3,1,3,2,1,2,1,3,6,1,14,12,4,20,12,1,0,9200,0,0,0,2,0,0,0,0,0,0,6,5,0,0,0,0,600,0,0
1,0,11,0,1c9ru0gr,24,1,3,1,1,1,2,5,0,7,3,1,3,2,1,2,1,3,7,1,15,12,2,13,12,1,0,8900,0,0,0,3,0,0,0,0,0,0,5,7,0,0,0,0,800,1,0
1,0,11,0,1c9ru0gr,24,1,3,1,1,1,2,5,0,7,3,1,3,2,1,2,1,3,8,2,12,12,4,17,17,0,0,8400,0,0,0,0,5,5,1,0,0,0,7,10,0,0,5,1,1100,1,0
1,0,11,0,1c9ru0gr,24,1,3,1,1,1,2,5,0,7,3,1,3,2,1,2,1,3,9,1,15,15,2,14,12,0,0,8400,1,3,1,3,0,5,1,5,5,1,10,10,0,0,5,2,1600,0,0
1,0,11,0,1c9ru0gr,24,1,3,1,1,1,2,5,0,7,3,1,3,2,1,2,1,3,10,1,13,12,4,12,12,1,0,8300,0,0,0,1,0,5,1,0,5,1,10,13,5,1,5,3,1600,0,0
1,0,11,0,1c9ru0gr,24,1,3,1,1,1,2,5,0,7,3,1,3,2,1,2,1,3,11,2,16,16,9,17,17,0,0,7400,1,4,1,4,5,5,1,0,5,1,13,14,5,2,10,4,1700,1,0
1,0,11,0,1c9ru0gr,24,1,3,1,1,1,2,5,0,7,3,1,3,2,1,2,1,3,12,1,19,19,2,17,12,0,0,7400,1,7,1,7,0,5,1,5,5,1,14,18,5,3,10,5,2600,0,0
1,0,11,0,1c9ru0gr,24,1,3,1,1,1,2,5,0,7,3,1,3,2,1,2,1,3,13,1,20,15,1,18,12,0,0,6900,1,3,0.375,8,0,5,1,0,5,1,18,25,10,4,10,6,2600,0,0
1,0,11,0,1c9ru0gr,24,1,3,1,1,1,2,5,0,7,3,1,3,2,1,2,1,3,14,2,17,17,1,16,12,1,0,6400,1,5,1,5,0,0,0,0,5,1,25,33,10,5,10,6,3100,0,0
1,0,11,0,1c9ru0gr,24,1,3,1,1,1,2,5,0,7,3,1,3,2,1,2,1,3,15,2,18,18,6,17,6,0,0,6400,1,6,1,6,0,0,0,0,0,0,33,38,10,6,10,6,3600,1,0
1,0,11,0,00h06boe,63,2,5,2,1,4,1,7,6,6,4,2,2,5,2,3,2,2,1,1,11,11,1,12,12,0,0,10000,0,-1,-1,-1,0,0,0,0,0,0,0,0,0,0,0,0,0,0,0
1,0,11,0,00h06boe,63,2,5,2,1,4,1,7,6,6,4,2,2,5,2,3,2,2,2,2,13,12,5,14,12,0,0,9900,0,0,0,1,0,0,0,0,0,0,-1,-1,0,0,0,0,0,0,0
1,0,11,0,00h06boe,63,2,5,2,1,4,1,7,6,6,4,2,2,5,2,3,2,2,3,2,15,12,3,13,10,1,0,9800,0,0,0,3,0,0,0,0,0,0,-1,0,0,0,0,0,100,0,0
1,0,11,0,00h06boe,63,2,5,2,1,4,1,7,6,6,4,2,2,5,2,3,2,2,4,2,12,11,11,12,12,0,0,9800,0,-1,-1,0,0,0,0,0,0,0,0,3,0,0,0,0,200,1,0
1,0,11,0,00h06boe,63,2,5,2,1,4,1,7,6,6,4,2,2,5,2,3,2,2,5,2,14,12,1,14,14,0,0,9400,0,0,0,2,2,2,1,0,0,0,3,3,0,0,2,1,200,0,0
1,0,11,0,00h06boe,63,2,5,2,1,4,1,7,6,6,4,2,2,5,2,3,2,2,6,1,15,8,12,16,12,0,0,8700,0,-4,-1.33333333333333,3,0,2,1,2,2,1,3,5,0,0,2,2,600,0,0
1,0,11,0,00h06boe,63,2,5,2,1,4,1,7,6,6,4,2,2,5,2,3,2,2,7,1,12,12,7,18,12,1,0,8700,0,0,0,0,0,2,1,0,2,1,5,8,2,1,2,3,1300,0,0
1,0,11,0,00h06boe,63,2,5,2,1,4,1,7,6,6,4,2,2,5,2,3,2,2,8,1,19,19,2,12,12,0,0,8700,1,7,1,7,0,2,1,0,2,1,8,8,2,2,2,4,1300,1,0
1,0,11,0,00h06boe,63,2,5,2,1,4,1,7,6,6,4,2,2,5,2,3,2,2,9,1,16,16,3,14,12,0,0,8700,1,4,1,4,0,2,1,0,2,1,8,15,2,3,2,5,1300,0,0
1,0,11,0,00h06boe,63,2,5,2,1,4,1,7,6,6,4,2,2,5,2,3,2,2,10,1,13,13,3,15,12,0,0,8700,1,1,1,1,0,2,1,0,2,1,15,19,2,4,2,6,1300,0,0
1,0,11,0,00h06boe,63,2,5,2,1,4,1,7,6,6,4,2,2,5,2,3,2,2,11,1,17,17,8,16,12,1,250,8450,1,5,1,5,0,2,1,0,2,1,19,20,2,5,2,7,1300,0,0
1,0,11,0,00h06boe,63,2,5,2,1,4,1,7,6,6,4,2,2,5,2,3,2,2,12,1,18,12,6,15,12,0,0,7850,0,0,0,6,0,2,1,0,2,1,20,25,2,6,2,8,1550,1,1
1,0,11,0,00h06boe,63,2,5,2,1,4,1,7,6,6,4,2,2,5,2,3,2,2,13,1,20,14,6,19,12,0,0,7250,1,2,0.25,8,0,2,1,0,2,1,25,31,2,7,2,9,2150,0,0
1,0,11,0,00h06boe,63,2,5,2,1,4,1,7,6,6,4,2,2,5,2,3,2,2,14,1,15,15,3,13,12,1,150,7100,1,3,1,3,0,2,1,0,2,1,31,39,2,8,2,10,2750,0,0
1,0,11,0,00h06boe,63,2,5,2,1,4,1,7,6,6,4,2,2,5,2,3,2,2,15,2,14,12,10,14,14,0,0,6700,0,0,0,2,2,2,1,0,2,1,39,42,2,9,4,11,2900,1,1
1,0,11,0,u62cz9zq,34,1,3,1,0,5,1,6,6,6,1,1,5,1,5,2,2,2,1,1,11,11,12,13,12,0,0,10000,0,-1,-1,-1,0,0,0,0,0,0,0,0,0,0,0,0,0,0,0
1,0,11,0,u62cz9zq,34,1,3,1,0,5,1,6,6,6,1,1,5,1,5,2,2,2,2,1,14,14,6,14,12,0,0,10000,1,2,1,2,0,0,0,0,0,0,-1,-1,0,0,0,0,0,0,0
1,0,11,0,u62cz9zq,34,1,3,1,0,5,1,6,6,6,1,1,5,1,5,2,2,2,3,1,15,13,4,13,12,0,0,9800,1,1,0.333333333333333,3,0,0,0,0,0,0,-1,1,0,0,0,0,0,0,0
1,0,11,0,u62cz9zq,34,1,3,1,0,5,1,6,6,6,1,1,5,1,5,2,2,2,4,2,13,13,3,11,11,0,0,9800,1,1,1,1,0,0,0,0,0,0,1,4,0,0,0,0,200,0,0
1,0,11,0,u62cz9zq,34,1,3,1,0,5,1,6,6,6,1,1,5,1,5,2,2,2,5,1,12,12,12,12,12,1,0,9800,0,0,0,0,0,0,0,0,0,0,4,5,0,0,0,0,200,0,0
1,0,11,0,u62cz9zq,34,1,3,1,0,5,1,6,6,6,1,1,5,1,5,2,2,2,6,1,15,14,5,17,12,1,100,9600,1,2,0.666666666666667,3,0,0,0,0,0,0,5,5,0,0,0,0,200,1,0
1,0,11,0,u62cz9zq,34,1,3,1,0,5,1,6,6,6,1,1,5,1,5,2,2,2,7,2,15,14,1,17,17,1,0,8800,1,2,0.666666666666667,3,5,5,1,0,0,0,5,8,0,0,5,1,400,1,1
1,0,11,0,u62cz9zq,34,1,3,1,0,5,1,6,6,6,1,1,5,1,5,2,2,2,8,1,16,14,6,15,12,0,0,8600,1,2,0.5,4,0,5,1,5,5,1,8,11,0,0,5,2,1200,1,0
1,0,11,0,u62cz9zq,34,1,3,1,0,5,1,6,6,6,1,1,5,1,5,2,2,2,9,2,13,13,7,15,12,0,0,8500,1,1,1,1,0,0,0,0,5,1,11,15,5,1,5,2,1400,0,0
1,0,11,0,u62cz9zq,34,1,3,1,0,5,1,6,6,6,1,1,5,1,5,2,2,2,10,1,17,15,5,12,12,0,0,8300,1,3,0.6,5,0,0,0,0,0,0,15,16,5,2,5,2,1500,0,0
1,0,11,0,u62cz9zq,34,1,3,1,0,5,1,6,6,6,1,1,5,1,5,2,2,2,11,1,20,18,3,16,12,1,300,7800,1,6,0.75,8,0,0,0,0,0,0,16,21,5,2,5,2,1700,0,0
1,0,11,0,u62cz9zq,34,1,3,1,0,5,1,6,6,6,1,1,5,1,5,2,2,2,12,1,19,17,11,17,12,0,0,7600,1,5,0.714285714285714,7,0,0,0,0,0,0,21,29,5,2,5,2,2200,1,1
1,0,11,0,u62cz9zq,34,1,3,1,0,5,1,6,6,6,1,1,5,1,5,2,2,2,13,1,12,12,4,13,12,0,0,7600,0,0,0,0,0,0,0,0,0,0,29,36,5,2,5,2,2400,0,0
1,0,11,0,u62cz9zq,34,1,3,1,0,5,1,6,6,6,1,1,5,1,5,2,2,2,14,2,18,16,12,20,12,0,0,7000,1,4,0.666666666666667,6,0,0,0,0,0,0,36,36,5,2,5,2,2400,0,0
1,0,11,0,u62cz9zq,34,1,3,1,0,5,1,6,6,6,1,1,5,1,5,2,2,2,15,1,14,14,9,14,12,0,0,7000,1,2,1,2,0,0,0,0,0,0,36,42,5,2,5,2,3000,0,0
1,0,11,0,sgjgdzmp,58,2,3,1,0,5,1,3,3,6,4,2,5,5,4,1,1,2,1,2,11,10,6,13,8,0,0,10000,0,-2,-2,-1,0,0,0,0,0,0,0,0,0,0,0,0,0,0,0
1,0,11,0,sgjgdzmp,58,2,3,1,0,5,1,3,3,6,4,2,5,5,4,1,1,2,2,2,14,12,7,13,12,0,0,9800,0,0,0,2,0,0,0,0,0,0,-1,-1,0,0,0,0,0,0,0
1,0,11,0,sgjgdzmp,58,2,3,1,0,5,1,3,3,6,4,2,5,5,4,1,1,2,3,2,13,12,1,13,12,1,0,9700,0,0,0,1,0,0,0,0,0,0,-1,1,0,0,0,0,200,0,0
1,0,11,0,sgjgdzmp,58,2,3,1,0,5,1,3,3,6,4,2,5,5,4,1,1,2,4,1,12,12,9,12,12,0,0,9700,0,0,0,0,0,0,0,0,0,0,1,2,0,0,0,0,300,1,0
1,0,11,0,sgjgdzmp,58,2,3,1,0,5,1,3,3,6,4,2,5,5,4,1,1,2,5,2,15,12,4,14,14,1,0,9200,0,0,0,3,2,2,1,0,0,0,2,2,0,0,2,1,300,0,0
1,0,11,0,sgjgdzmp,58,2,3,1,0,5,1,3,3,6,4,2,5,5,4,1,1,2,6,2,18,14,6,20,8,0,0,9000,1,2,0.333333333333333,6,0,0,0,2,2,1,2,5,0,0,2,1,800,1,0
1,0,11,0,sgjgdzmp,58,2,3,1,0,5,1,3,3,6,4,2,5,5,4,1,1,2,7,2,19,15,4,19,19,0,0,7600,1,3,0.428571428571429,7,7,7,1,0,0,0,5,11,2,1,9,2,1000,0,0
1,0,11,0,sgjgdzmp,58,2,3,1,0,5,1,3,3,6,4,2,5,5,4,1,1,2,8,1,20,20,1,19,12,0,0,7600,1,8,1,8,0,7,1,7,7,1,11,18,2,1,9,3,2400,0,0
1,0,11,0,sgjgdzmp,58,2,3,1,0,5,1,3,3,6,4,2,5,5,4,1,1,2,9,2,15,15,4,14,14,0,0,7100,1,3,1,3,2,2,1,0,7,1,18,26,9,2,11,4,2400,0,0
1,0,11,0,sgjgdzmp,58,2,3,1,0,5,1,3,3,6,4,2,5,5,4,1,1,2,10,2,13,13,6,14,8,0,0,7100,1,1,1,1,0,0,0,2,2,1,26,29,9,3,11,4,2900,0,0
1,0,11,0,sgjgdzmp,58,2,3,1,0,5,1,3,3,6,4,2,5,5,4,1,1,2,11,2,15,15,12,15,12,0,0,6800,1,3,1,3,0,0,0,0,0,0,29,30,11,4,11,4,2900,0,0
1,0,11,0,sgjgdzmp,58,2,3,1,0,5,1,3,3,6,4,2,5,5,4,1,1,2,12,2,17,17,10,19,17,0,0,5800,1,5,1,5,5,5,1,0,0,0,30,33,11,4,16,5,3200,0,0
1,0,11,0,sgjgdzmp,58,2,3,1,0,5,1,3,3,6,4,2,5,5,4,1,1,2,13,1,14,14,5,15,12,1,100,5700,1,2,1,2,0,5,1,5,5,1,33,38,11,4,16,6,4200,0,0
1,0,11,0,sgjgdzmp,58,2,3,1,0,5,1,3,3,6,4,2,5,5,4,1,1,2,14,2,16,16,5,15,12,1,0,5300,1,4,1,4,0,0,0,0,5,1,38,40,16,5,16,6,4300,1,1
1,0,11,0,sgjgdzmp,58,2,3,1,0,5,1,3,3,6,4,2,5,5,4,1,1,2,15,2,12,12,4,16,18,0,0,4700,0,0,0,0,6,6,1,0,0,0,40,44,16,6,22,7,4700,1,0
1,0,11,0,mspo8h5p,48,1,4,2,1,2,2,3,5,8,3,2,4,4,4,1,2,3,1,2,13,12,10,11,11,0,0,10000,0,0,0,1,0,0,0,0,0,0,0,0,0,0,0,0,0,0,0
1,0,11,0,mspo8h5p,48,1,4,2,1,2,2,3,5,8,3,2,4,4,4,1,2,3,2,2,15,12,1,15,9,0,0,10000,0,0,0,3,0,0,0,0,0,0,1,1,0,0,0,0,0,0,0
1,0,11,0,mspo8h5p,48,1,4,2,1,2,2,3,5,8,3,2,4,4,4,1,2,3,3,2,14,12,5,12,12,1,0,9800,0,0,0,2,0,0,0,0,0,0,1,4,0,0,0,0,0,0,0
1,0,11,0,mspo8h5p,48,1,4,2,1,2,2,3,5,8,3,2,4,4,4,1,2,3,4,2,11,11,1,11,13,0,0,9800,0,-1,-1,-1,1,1,1,0,0,0,4,6,0,0,1,1,200,1,0
1,0,11,0,mspo8h5p,48,1,4,2,1,2,2,3,5,8,3,2,4,4,4,1,2,3,5,2,12,12,10,12,12,0,0,9800,0,0,0,0,0,0,0,1,1,1,6,5,0,0,1,1,200,0,0
1,0,11,0,mspo8h5p,48,1,4,2,1,2,2,3,5,8,3,2,4,4,4,1,2,3,6,2,16,12,9,15,8,0,0,9800,0,0,0,4,0,0,0,0,0,0,5,5,1,1,1,1,200,0,0
1,0,11,0,mspo8h5p,48,1,4,2,1,2,2,3,5,8,3,2,4,4,4,1,2,3,7,2,19,12,6,12,4,1,0,9800,0,0,0,7,0,0,0,0,0,0,5,9,1,1,1,1,200,0,0
1,0,11,0,mspo8h5p,48,1,4,2,1,2,2,3,5,8,3,2,4,4,4,1,2,3,8,2,15,12,5,20,12,0,0,9500,0,0,0,3,0,0,0,0,0,0,9,16,1,1,1,1,200,1,0
1,0,11,0,mspo8h5p,48,1,4,2,1,2,2,3,5,8,3,2,4,4,4,1,2,3,9,1,18,12,1,13,12,0,0,8900,0,0,0,6,0,0,0,0,0,0,16,19,1,1,1,1,500,0,0
1,0,11,0,mspo8h5p,48,1,4,2,1,2,2,3,5,8,3,2,4,4,4,1,2,3,10,1,14,12,2,15,12,0,0,8700,0,0,0,2,0,0,0,0,0,0,19,25,1,1,1,1,1100,0,0
1,0,11,0,mspo8h5p,48,1,4,2,1,2,2,3,5,8,3,2,4,4,4,1,2,3,11,1,15,12,11,15,12,0,0,8400,0,0,0,3,0,0,0,0,0,0,25,27,1,1,1,1,1300,0,0
1,0,11,0,mspo8h5p,48,1,4,2,1,2,2,3,5,8,3,2,4,4,4,1,2,3,12,1,13,12,1,14,12,0,0,8300,0,0,0,1,0,0,0,0,0,0,27,30,1,1,1,1,1600,0,0
1,0,11,0,mspo8h5p,48,1,4,2,1,2,2,3,5,8,3,2,4,4,4,1,2,3,13,1,12,12,3,19,12,0,0,8300,0,0,0,0,0,0,0,0,0,0,30,31,1,1,1,1,1700,0,0
1,0,11,0,mspo8h5p,48,1,4,2,1,2,2,3,5,8,3,2,4,4,4,1,2,3,14,1,20,12,10,18,12,0,0,7500,0,0,0,8,0,0,0,0,0,0,31,31,1,1,1,1,1700,0,0
1,0,11,0,mspo8h5p,48,1,4,2,1,2,2,3,5,8,3,2,4,4,4,1,2,3,15,1,17,17,7,16,12,0,0,7500,1,5,1,5,0,0,0,0,0,0,31,39,1,1,1,1,2500,0,0
0,1,12,0,93rfkbwt,22,1,4,2,1,2,2,8,8,8,4,3,5,3,3,3,3,3,1,1,12,12,9,14,12,0,0,10000,0,0,0,0,0,0,0,0,0,0,0,0,0,0,0,0,0,0,0
0,1,12,0,93rfkbwt,22,1,4,2,1,2,2,8,8,8,4,3,5,3,3,3,3,3,2,2,11,11,10,12,12,0,0,10000,0,-1,-1,-1,0,0,0,0,0,0,0,0,0,0,0,0,0,0,0
0,1,12,0,93rfkbwt,22,1,4,2,1,2,2,8,8,8,4,3,5,3,3,3,3,3,3,1,13,13,3,12,12,0,0,10000,1,1,1,1,0,0,0,0,0,0,0,-1,0,0,0,0,0,0,0
0,1,12,0,93rfkbwt,22,1,4,2,1,2,2,8,8,8,4,3,5,3,3,3,3,3,4,2,14,12,6,14,14,0,0,9600,0,0,0,2,2,2,1,0,0,0,-1,0,0,0,2,1,0,0,0
0,1,12,0,93rfkbwt,22,1,4,2,1,2,2,8,8,8,4,3,5,3,3,3,3,3,5,2,15,15,10,15,15,0,0,9000,1,3,1,3,3,3,1,2,2,1,0,2,0,0,5,2,400,0,0
0,1,12,0,93rfkbwt,22,1,4,2,1,2,2,8,8,8,4,3,5,3,3,3,3,3,6,2,20,12,9,16,12,0,0,8200,0,0,0,8,0,0,0,3,3,1,2,5,2,1,5,2,1000,0,0
0,1,12,0,93rfkbwt,22,1,4,2,1,2,2,8,8,8,4,3,5,3,3,3,3,3,7,2,12,12,4,15,18,0,0,7600,0,0,0,0,6,6,1,0,0,0,5,13,5,2,11,3,1800,0,0
0,1,12,0,93rfkbwt,22,1,4,2,1,2,2,8,8,8,4,3,5,3,3,3,3,3,8,1,19,12,3,20,12,0,0,6900,0,0,0,7,0,6,1,6,6,1,13,13,5,2,11,4,2400,0,0
0,1,12,0,93rfkbwt,22,1,4,2,1,2,2,8,8,8,4,3,5,3,3,3,3,3,9,2,17,12,5,20,10,0,0,6600,0,0,0,5,0,0,0,0,6,1,13,20,11,3,11,4,3100,0,0
0,1,12,0,93rfkbwt,22,1,4,2,1,2,2,8,8,8,4,3,5,3,3,3,3,3,10,1,16,12,5,18,12,0,0,6200,0,0,0,4,0,0,0,0,0,0,20,25,11,4,11,4,3400,0,0
0,1,12,0,93rfkbwt,22,1,4,2,1,2,2,8,8,8,4,3,5,3,3,3,3,3,11,1,15,12,6,14,12,1,0,5900,0,0,0,3,0,0,0,0,0,0,25,29,11,4,11,4,3800,0,0
0,1,12,0,93rfkbwt,22,1,4,2,1,2,2,8,8,8,4,3,5,3,3,3,3,3,12,2,18,12,7,20,20,1,0,4500,0,0,0,6,8,8,1,0,0,0,29,32,11,4,19,5,4100,1,0
0,1,12,0,93rfkbwt,22,1,4,2,1,2,2,8,8,8,4,3,5,3,3,3,3,3,13,2,13,12,3,16,16,1,0,4000,0,0,0,1,4,4,1,8,8,1,32,38,11,4,23,6,5500,1,0
0,1,12,0,93rfkbwt,22,1,4,2,1,2,2,8,8,8,4,3,5,3,3,3,3,3,14,1,16,16,10,16,12,1,200,3800,1,4,1,4,0,4,1,4,4,1,38,39,19,5,23,7,6000,1,0
0,1,12,0,93rfkbwt,22,1,4,2,1,2,2,8,8,8,4,3,5,3,3,3,3,3,15,2,14,12,9,12,12,0,0,3600,0,0,0,2,0,0,0,0,4,1,39,43,23,6,23,7,6200,1,1
0,1,12,0,3ukqad6x,19,1,5,2,0,5,1,2,2,10,1,5,5,1,5,1,1,3,1,2,15,12,6,13,12,0,0,9700,0,0,0,3,0,0,0,0,0,0,0,0,0,0,0,0,0,0,0
0,1,12,0,3ukqad6x,19,1,5,2,0,5,1,2,2,10,1,5,5,1,5,1,1,3,2,2,13,13,7,15,14,0,0,9400,1,1,1,1,2,2,1,0,0,0,3,3,0,0,0,0,300,0,0
0,1,12,0,3ukqad6x,19,1,5,2,0,5,1,2,2,10,1,5,5,1,5,1,1,3,3,1,14,15,4,15,12,1,150,9250,1,3,1.5,2,0,2,1,2,2,1,3,4,0,0,2,2,600,0,0
0,1,12,0,3ukqad6x,19,1,5,2,0,5,1,2,2,10,1,5,5,1,5,1,1,3,4,1,12,12,8,14,12,0,0,9250,0,0,0,0,0,2,1,0,2,1,4,6,2,1,2,3,750,1,1
0,1,12,0,3ukqad6x,19,1,5,2,0,5,1,2,2,10,1,5,5,1,5,1,1,3,5,2,11,11,9,12,12,0,0,9250,0,-1,-1,-1,0,0,0,0,2,1,6,6,2,2,2,3,750,0,0
0,1,12,0,3ukqad6x,19,1,5,2,0,5,1,2,2,10,1,5,5,1,5,1,1,3,6,2,15,12,11,12,12,1,0,8950,0,0,0,3,0,0,0,0,0,0,6,5,2,3,2,3,750,0,0
0,1,12,0,3ukqad6x,19,1,5,2,0,5,1,2,2,10,1,5,5,1,5,1,1,3,7,2,13,13,6,17,17,1,0,8350,1,1,1,1,5,5,1,0,0,0,5,8,2,3,7,4,1050,1,0
0,1,12,0,3ukqad6x,19,1,5,2,0,5,1,2,2,10,1,5,5,1,5,1,1,3,8,2,16,17,5,12,12,0,0,7950,1,5,1.25,4,0,0,0,5,5,1,8,9,2,3,7,4,1650,1,0
0,1,12,0,3ukqad6x,19,1,5,2,0,5,1,2,2,10,1,5,5,1,5,1,1,3,9,2,16,20,4,13,17,0,0,7050,1,8,2,4,5,5,1,0,0,0,9,13,7,4,12,5,2050,0,0
0,1,12,0,3ukqad6x,19,1,5,2,0,5,1,2,2,10,1,5,5,1,5,1,1,3,10,2,19,24,3,18,18,0,0,5750,1,12,1.71428571428571,7,6,6,1,5,5,1,13,17,7,4,18,6,2950,0,0
0,1,12,0,3ukqad6x,19,1,5,2,0,5,1,2,2,10,1,5,5,1,5,1,1,3,11,1,14,12,5,14,12,0,0,5550,0,0,0,2,0,6,1,6,6,1,17,24,12,5,18,7,4250,0,0
0,1,12,0,3ukqad6x,19,1,5,2,0,5,1,2,2,10,1,5,5,1,5,1,1,3,12,2,18,12,9,15,15,0,0,4650,0,0,0,6,3,3,1,0,6,1,24,26,18,6,21,8,4450,0,0
0,1,12,0,3ukqad6x,19,1,5,2,0,5,1,2,2,10,1,5,5,1,5,1,1,3,13,2,20,11,8,20,21,0,0,2950,0,-1,-0.125,8,9,9,1,3,3,1,26,32,18,7,30,9,5350,0,0
0,1,12,0,3ukqad6x,19,1,5,2,0,5,1,2,2,10,1,5,5,1,5,1,1,3,14,1,17,17,12,19,12,1,250,2700,1,5,1,5,0,9,1,9,9,1,32,40,21,8,30,10,7050,0,0
0,1,12,0,3ukqad6x,19,1,5,2,0,5,1,2,2,10,1,5,5,1,5,1,1,3,15,2,12,12,10,12,12,0,0,2700,0,0,0,0,0,0,0,0,9,1,40,45,30,9,30,10,7300,1,1
0,1,12,0,kd21r8md,24,1,3,1,1,2,2,5,6,9,3,3,4,2,5,2,2,3,1,1,11,10,7,13,12,0,0,9900,0,-2,-2,-1,0,0,0,0,0,0,0,0,0,0,0,0,0,0,0
0,1,12,0,kd21r8md,24,1,3,1,1,2,2,5,6,9,3,3,4,2,5,2,2,3,2,1,13,13,11,13,12,0,0,9900,1,1,1,1,0,0,0,0,0,0,-1,-1,0,0,0,0,100,0,0
0,1,12,0,kd21r8md,24,1,3,1,1,2,2,5,6,9,3,3,4,2,5,2,2,3,3,2,12,12,1,13,13,0,0,9800,0,0,0,0,1,1,1,0,0,0,-1,0,0,0,1,1,100,0,0
0,1,12,0,kd21r8md,24,1,3,1,1,2,2,5,6,9,3,3,4,2,5,2,2,3,4,2,15,16,9,11,11,0,0,9600,1,4,1.33333333333333,3,0,0,0,1,1,1,0,0,0,0,1,1,200,0,0
0,1,12,0,kd21r8md,24,1,3,1,1,2,2,5,6,9,3,3,4,2,5,2,2,3,5,2,14,17,12,13,13,0,0,9300,1,5,2.5,2,1,1,1,0,0,0,0,3,1,1,2,2,400,0,0
0,1,12,0,kd21r8md,24,1,3,1,1,2,2,5,6,9,3,3,4,2,5,2,2,3,6,1,17,22,12,13,12,0,0,9300,1,10,2,5,0,1,1,1,1,1,3,5,1,1,2,3,700,0,0
0,1,12,0,kd21r8md,24,1,3,1,1,2,2,5,6,9,3,3,4,2,5,2,2,3,7,2,15,20,12,16,16,0,0,8600,1,8,2.66666666666667,3,4,4,1,0,1,1,5,10,2,2,6,4,700,0,0
0,1,12,0,kd21r8md,24,1,3,1,1,2,2,5,6,9,3,3,4,2,5,2,2,3,8,2,20,24,1,19,12,0,0,7800,1,12,1.5,8,0,0,0,4,4,1,10,13,2,3,6,4,1400,0,0
0,1,12,0,kd21r8md,24,1,3,1,1,2,2,5,6,9,3,3,4,2,5,2,2,3,9,2,13,16,11,15,15,0,0,7400,1,4,4,1,3,3,1,0,0,0,13,21,6,4,9,5,2200,0,0
0,1,12,0,kd21r8md,24,1,3,1,1,2,2,5,6,9,3,3,4,2,5,2,2,3,10,1,18,18,2,19,12,0,0,7400,1,6,1,6,0,3,1,3,3,1,21,22,6,4,9,6,2600,0,0
0,1,12,0,kd21r8md,24,1,3,1,1,2,2,5,6,9,3,3,4,2,5,2,2,3,11,1,16,16,8,15,12,1,200,7200,1,4,1,4,0,3,1,0,3,1,22,28,9,5,9,7,2600,0,0
0,1,12,0,kd21r8md,24,1,3,1,1,2,2,5,6,9,3,3,4,2,5,2,2,3,12,1,19,19,12,14,12,0,0,7200,1,7,1,7,0,3,1,0,3,1,28,32,9,6,9,8,2800,1,1
0,1,12,0,kd21r8md,24,1,3,1,1,2,2,5,6,9,3,3,4,2,5,2,2,3,13,1,16,16,1,13,12,1,200,7000,1,4,1,4,0,3,1,0,3,1,32,39,9,7,9,9,2800,0,0
0,1,12,0,kd21r8md,24,1,3,1,1,2,2,5,6,9,3,3,4,2,5,2,2,3,14,2,12,12,4,16,16,0,0,6600,0,0,0,0,4,4,1,0,3,1,39,43,9,8,13,10,3000,1,1
0,1,12,0,kd21r8md,24,1,3,1,1,2,2,5,6,9,3,3,4,2,5,2,2,3,15,2,14,14,6,16,15,0,0,6100,1,2,1,2,3,3,1,4,4,1,43,43,9,9,16,11,3400,0,0
0,1,12,0,q6yv9fas,23,1,5,2,1,3,1,5,3,8,4,2,4,2,4,2,1,3,1,2,11,11,5,12,12,0,0,10000,0,-1,-1,-1,0,0,0,0,0,0,0,0,0,0,0,0,0,0,0
0,1,12,0,q6yv9fas,23,1,5,2,1,3,1,5,3,8,4,2,4,2,4,2,1,3,2,2,12,12,5,15,15,0,0,9700,0,0,0,0,3,3,1,0,0,0,-1,-1,0,0,0,0,0,0,0
0,1,12,0,q6yv9fas,23,1,5,2,1,3,1,5,3,8,4,2,4,2,4,2,1,3,3,2,15,15,2,14,15,0,0,9100,1,3,1,3,3,3,1,3,3,1,-1,-1,0,0,6,2,300,0,0
0,1,12,0,q6yv9fas,23,1,5,2,1,3,1,5,3,8,4,2,4,2,4,2,1,3,4,1,13,14,5,11,12,0,0,9100,1,2,2,1,0,3,1,3,3,1,-1,2,3,1,6,3,900,0,0
0,1,12,0,q6yv9fas,23,1,5,2,1,3,1,5,3,8,4,2,4,2,4,2,1,3,5,1,14,15,6,11,12,0,0,9100,1,3,1.5,2,0,3,1,0,3,1,2,3,6,2,6,4,900,0,0
0,1,12,0,q6yv9fas,23,1,5,2,1,3,1,5,3,8,4,2,4,2,4,2,1,3,6,2,18,19,8,18,19,0,0,7800,1,7,1.16666666666667,6,7,7,1,0,3,1,3,5,6,3,13,5,900,0,0
0,1,12,0,q6yv9fas,23,1,5,2,1,3,1,5,3,8,4,2,4,2,4,2,1,3,7,1,15,18,1,12,12,0,0,7800,1,6,2,3,0,7,1,7,7,1,5,11,6,4,13,6,2200,0,0
0,1,12,0,q6yv9fas,23,1,5,2,1,3,1,5,3,8,4,2,4,2,4,2,1,3,8,2,12,15,9,16,16,1,0,7400,1,3,3,0,4,4,1,0,7,1,11,14,13,5,17,7,2200,0,0
0,1,12,0,q6yv9fas,23,1,5,2,1,3,1,5,3,8,4,2,4,2,4,2,1,3,9,1,13,17,2,16,12,1,250,7150,1,5,5,1,0,4,1,4,4,1,14,14,13,6,17,8,2600,1,0
0,1,12,0,q6yv9fas,23,1,5,2,1,3,1,5,3,8,4,2,4,2,4,2,1,3,10,1,19,21,7,15,12,0,0,7150,1,9,1.28571428571429,7,0,4,1,0,4,1,14,15,17,7,17,9,2850,1,1
0,1,12,0,q6yv9fas,23,1,5,2,1,3,1,5,3,8,4,2,4,2,4,2,1,3,11,1,20,23,10,16,12,1,550,6600,1,11,1.375,8,0,4,1,0,4,1,15,22,17,8,17,10,2850,0,0
0,1,12,0,q6yv9fas,23,1,5,2,1,3,1,5,3,8,4,2,4,2,4,2,1,3,12,1,14,15,5,16,12,0,0,6600,1,3,1.5,2,0,4,1,0,4,1,22,30,17,9,17,11,3400,1,1
0,1,12,0,q6yv9fas,23,1,5,2,1,3,1,5,3,8,4,2,4,2,4,2,1,3,13,1,16,17,7,12,12,1,250,6350,1,5,1.25,4,0,4,1,0,4,1,30,32,17,10,17,12,3400,0,0
0,1,12,0,q6yv9fas,23,1,5,2,1,3,1,5,3,8,4,2,4,2,4,2,1,3,14,1,16,16,3,12,12,0,0,6350,1,4,1,4,0,4,1,0,4,1,32,36,17,11,17,13,3650,1,1
0,1,12,0,q6yv9fas,23,1,5,2,1,3,1,5,3,8,4,2,4,2,4,2,1,3,15,2,17,19,11,18,18,0,0,5250,1,7,1.4,5,6,6,1,0,4,1,36,40,17,12,23,14,3650,0,0
0,1,12,0,fnkxf1sy,21,1,4,2,0,1,2,10,2,9,4,4,5,2,5,3,1,3,1,1,12,12,4,11,12,1,0,10000,0,0,0,0,0,0,0,0,0,0,0,0,0,0,0,0,0,0,0
0,1,12,0,fnkxf1sy,21,1,4,2,0,1,2,10,2,9,4,4,5,2,5,3,1,3,2,1,15,15,4,12,12,0,0,10000,1,3,1,3,0,0,0,0,0,0,0,0,0,0,0,0,0,0,0
0,1,12,0,fnkxf1sy,21,1,4,2,0,1,2,10,2,9,4,4,5,2,5,3,1,3,3,1,14,14,7,12,12,0,0,10000,1,2,1,2,0,0,0,0,0,0,0,3,0,0,0,0,0,0,0
0,1,12,0,fnkxf1sy,21,1,4,2,0,1,2,10,2,9,4,4,5,2,5,3,1,3,4,2,11,11,4,13,14,1,0,9900,0,-1,-1,-1,2,2,1,0,0,0,3,5,0,0,2,1,0,0,0
0,1,12,0,fnkxf1sy,21,1,4,2,0,1,2,10,2,9,4,4,5,2,5,3,1,3,5,1,13,13,11,14,12,1,50,9850,1,1,1,1,0,2,1,2,2,1,5,4,0,0,2,2,100,1,0
0,1,12,0,fnkxf1sy,21,1,4,2,0,1,2,10,2,9,4,4,5,2,5,3,1,3,6,1,15,15,6,20,12,0,0,9850,1,3,1,3,0,2,1,0,2,1,4,5,2,1,2,3,150,1,1
0,1,12,0,fnkxf1sy,21,1,4,2,0,1,2,10,2,9,4,4,5,2,5,3,1,3,7,2,17,17,9,19,19,0,0,8650,1,5,1,5,7,7,1,0,2,1,5,8,2,2,9,4,150,0,0
0,1,12,0,fnkxf1sy,21,1,4,2,0,1,2,10,2,9,4,4,5,2,5,3,1,3,8,1,12,12,2,16,12,0,0,8650,0,0,0,0,0,7,1,7,7,1,8,13,2,3,9,5,1350,0,0
0,1,12,0,fnkxf1sy,21,1,4,2,0,1,2,10,2,9,4,4,5,2,5,3,1,3,9,1,20,10,1,17,12,0,0,7650,0,-2,-0.25,8,0,7,1,0,7,1,13,13,9,4,9,6,1350,0,0
0,1,12,0,fnkxf1sy,21,1,4,2,0,1,2,10,2,9,4,4,5,2,5,3,1,3,10,2,18,18,1,16,12,0,0,7050,1,6,1,6,0,0,0,0,7,1,13,21,9,5,9,6,2350,0,0
0,1,12,0,fnkxf1sy,21,1,4,2,0,1,2,10,2,9,4,4,5,2,5,3,1,3,11,2,14,14,2,14,12,0,0,6850,1,2,1,2,0,0,0,0,0,0,21,27,9,6,9,6,2950,0,0
0,1,12,0,fnkxf1sy,21,1,4,2,0,1,2,10,2,9,4,4,5,2,5,3,1,3,12,2,16,16,4,14,15,0,0,6150,1,4,1,4,3,3,1,0,0,0,27,29,9,6,12,7,3150,0,0
0,1,12,0,fnkxf1sy,21,1,4,2,0,1,2,10,2,9,4,4,5,2,5,3,1,3,13,2,13,13,12,16,16,0,0,5650,1,1,1,1,4,4,1,3,3,1,29,33,9,6,16,8,3850,0,0
0,1,12,0,fnkxf1sy,21,1,4,2,0,1,2,10,2,9,4,4,5,2,5,3,1,3,14,1,16,16,7,18,12,0,0,5650,1,4,1,4,0,4,1,4,4,1,33,34,12,7,16,9,4350,0,0
0,1,12,0,fnkxf1sy,21,1,4,2,0,1,2,10,2,9,4,4,5,2,5,3,1,3,15,1,19,19,8,14,12,0,0,5650,1,7,1,7,0,4,1,0,4,1,34,38,16,8,16,10,4350,0,0
0,1,12,0,wvytnmxv,22,1,4,2,1,4,1,4,2,3,4,3,4,3,4,2,1,1,1,1,13,12,2,15,12,0,0,9900,0,0,0,1,0,0,0,0,0,0,0,0,0,0,0,0,0,0,0
0,1,12,0,wvytnmxv,22,1,4,2,1,4,1,4,2,3,4,3,4,3,4,2,1,1,2,2,12,12,9,15,15,0,0,9600,0,0,0,0,3,3,1,0,0,0,1,1,0,0,0,0,100,0,0
0,1,12,0,wvytnmxv,22,1,4,2,1,4,1,4,2,3,4,3,4,3,4,2,1,1,3,1,15,13,9,13,12,0,0,9400,1,1,0.333333333333333,3,0,3,1,3,3,1,1,1,0,0,3,2,400,0,0
0,1,12,0,wvytnmxv,22,1,4,2,1,4,1,4,2,3,4,3,4,3,4,2,1,1,4,1,14,14,1,14,12,1,100,9300,1,2,1,2,0,3,1,0,3,1,1,4,3,1,3,3,600,0,0
0,1,12,0,wvytnmxv,22,1,4,2,1,4,1,4,2,3,4,3,4,3,4,2,1,1,5,2,11,11,4,14,15,0,0,9100,0,-1,-1,-1,3,3,1,0,3,1,4,6,3,2,6,4,700,1,1
0,1,12,0,wvytnmxv,22,1,4,2,1,4,1,4,2,3,4,3,4,3,4,2,1,1,6,2,20,15,5,15,15,0,0,8000,1,3,0.375,8,3,3,1,3,3,1,6,5,3,3,9,5,900,0,0
0,1,12,0,wvytnmxv,22,1,4,2,1,4,1,4,2,3,4,3,4,3,4,2,1,1,7,1,17,17,2,13,12,0,0,8000,1,5,1,5,0,3,1,3,3,1,5,13,6,4,9,6,2000,0,0
0,1,12,0,wvytnmxv,22,1,4,2,1,4,1,4,2,3,4,3,4,3,4,2,1,1,8,2,18,18,11,14,14,0,0,7200,1,6,1,6,2,2,1,0,3,1,13,18,9,5,11,7,2000,0,0
0,1,12,0,wvytnmxv,22,1,4,2,1,4,1,4,2,3,4,3,4,3,4,2,1,1,9,2,19,19,9,18,15,0,0,6200,1,7,1,7,3,3,1,2,2,1,18,24,9,6,14,8,2800,0,0
0,1,12,0,wvytnmxv,22,1,4,2,1,4,1,4,2,3,4,3,4,3,4,2,1,1,10,1,16,16,12,15,12,0,0,6200,1,4,1,4,0,3,1,3,3,1,24,31,11,7,14,9,3800,0,0
0,1,12,0,wvytnmxv,22,1,4,2,1,4,1,4,2,3,4,3,4,3,4,2,1,1,11,2,14,13,1,15,12,0,0,6000,1,1,0.5,2,0,0,0,0,3,1,31,35,14,8,14,9,3800,0,0
0,1,12,0,wvytnmxv,22,1,4,2,1,4,1,4,2,3,4,3,4,3,4,2,1,1,12,2,15,15,8,19,22,0,0,4700,1,3,1,3,10,10,1,0,0,0,35,37,14,9,24,10,4000,0,0
0,1,12,0,wvytnmxv,22,1,4,2,1,4,1,4,2,3,4,3,4,3,4,2,1,1,13,1,13,13,10,19,12,0,0,4700,1,1,1,1,0,10,1,10,10,1,37,40,14,9,24,11,5300,0,0
0,1,12,0,wvytnmxv,22,1,4,2,1,4,1,4,2,3,4,3,4,3,4,2,1,1,14,1,12,12,8,13,12,1,0,4700,0,0,0,0,0,10,1,0,10,1,40,41,24,10,24,12,5300,0,0
0,1,12,0,wvytnmxv,22,1,4,2,1,4,1,4,2,3,4,3,4,3,4,2,1,1,15,1,16,15,3,14,12,1,150,4450,1,3,0.75,4,0,10,1,0,10,1,41,41,24,11,24,13,5300,1,0
0,1,12,0,2116t1ml,27,1,4,2,0,3,1,4,7,10,3,2,3,2,2,2,3,3,1,2,13,12,3,11,10,0,0,10000,0,0,0,1,0,0,0,0,0,0,0,0,0,0,0,0,0,0,0
0,1,12,0,2116t1ml,27,1,4,2,0,3,1,4,7,10,3,2,3,2,2,2,3,3,2,1,15,14,2,13,12,0,0,9900,1,2,0.666666666666667,3,0,0,0,0,0,0,1,1,0,0,0,0,0,0,0
0,1,12,0,2116t1ml,27,1,4,2,0,3,1,4,7,10,3,2,3,2,2,2,3,3,3,2,12,12,5,14,14,1,0,9700,0,0,0,0,2,2,1,0,0,0,1,4,0,0,2,1,100,0,0
0,1,12,0,2116t1ml,27,1,4,2,0,3,1,4,7,10,3,2,3,2,2,2,3,3,4,2,14,14,11,15,15,0,0,9200,1,2,1,2,3,3,1,2,2,1,4,4,0,0,5,2,300,1,0
0,1,12,0,2116t1ml,27,1,4,2,0,3,1,4,7,10,3,2,3,2,2,2,3,3,5,2,11,11,8,13,13,0,0,9200,0,-1,-1,-1,1,1,1,3,3,1,4,6,2,1,6,3,800,0,0
0,1,12,0,2116t1ml,27,1,4,2,0,3,1,4,7,10,3,2,3,2,2,2,3,3,6,2,19,17,10,17,17,0,0,8000,1,5,0.714285714285714,7,5,5,1,1,1,1,6,5,5,2,11,4,800,0,0
0,1,12,0,2116t1ml,27,1,4,2,0,3,1,4,7,10,3,2,3,2,2,2,3,3,7,1,14,14,8,16,12,0,0,8000,1,2,1,2,0,5,1,5,5,1,5,12,6,3,11,5,2000,0,0
0,1,12,0,2116t1ml,27,1,4,2,0,3,1,4,7,10,3,2,3,2,2,2,3,3,8,2,16,13,12,20,20,0,0,6800,1,1,0.25,4,8,8,1,0,5,1,12,14,11,4,19,6,2000,0,0
0,1,12,0,2116t1ml,27,1,4,2,0,3,1,4,7,10,3,2,3,2,2,2,3,3,9,1,17,17,10,13,12,0,0,6800,1,5,1,5,0,8,1,8,8,1,14,18,11,5,19,7,3200,0,0
0,1,12,0,2116t1ml,27,1,4,2,0,3,1,4,7,10,3,2,3,2,2,2,3,3,10,2,15,14,4,19,21,1,0,5600,1,2,0.666666666666667,3,9,9,1,0,8,1,18,23,19,6,28,8,3200,0,0
0,1,12,0,2116t1ml,27,1,4,2,0,3,1,4,7,10,3,2,3,2,2,2,3,3,11,1,16,19,9,17,12,1,350,5250,1,7,1.75,4,0,9,1,9,9,1,23,26,19,7,28,9,4400,1,0
0,1,12,0,2116t1ml,27,1,4,2,0,3,1,4,7,10,3,2,3,2,2,2,3,3,12,1,20,20,1,18,12,1,400,4850,1,8,1,8,0,9,1,0,9,1,26,30,28,8,28,10,4750,1,1
0,1,12,0,2116t1ml,27,1,4,2,0,3,1,4,7,10,3,2,3,2,2,2,3,3,13,2,12,12,4,16,17,0,0,4350,0,0,0,0,5,5,1,0,9,1,30,38,28,9,33,11,5150,1,1
0,1,12,0,2116t1ml,27,1,4,2,0,3,1,4,7,10,3,2,3,2,2,2,3,3,14,2,18,16,5,16,16,0,0,3350,1,4,0.666666666666667,6,4,4,1,5,5,1,38,38,28,10,37,12,5650,0,0
0,1,12,0,2116t1ml,27,1,4,2,0,3,1,4,7,10,3,2,3,2,2,2,3,3,15,1,13,18,12,17,12,0,0,3350,1,6,6,1,0,4,1,4,4,1,38,44,33,11,37,13,6650,0,0
0,1,12,0,a37gsqm6,22,1,4,2,1,2,2,7,5,7,5,5,5,1,3,3,2,3,1,1,12,12,11,11,12,0,0,10000,0,0,0,0,0,0,0,0,0,0,0,0,0,0,0,0,0,0,0
0,1,12,0,a37gsqm6,22,1,4,2,1,2,2,7,5,7,5,5,5,1,3,3,2,3,2,2,11,13,12,15,15,1,0,9800,1,1,1,-1,3,3,1,0,0,0,0,0,0,0,0,0,0,0,0
0,1,12,0,a37gsqm6,22,1,4,2,1,2,2,7,5,7,5,5,5,1,3,3,2,3,3,2,15,17,10,14,12,0,0,9500,1,5,1.66666666666667,3,0,0,0,3,3,1,0,-1,0,0,3,1,200,0,0
0,1,12,0,a37gsqm6,22,1,4,2,1,2,2,7,5,7,5,5,5,1,3,3,2,3,4,2,14,16,2,12,12,0,0,9300,1,4,2,2,0,0,0,0,0,0,-1,2,3,1,3,1,500,0,0
0,1,12,0,a37gsqm6,22,1,4,2,1,2,2,7,5,7,5,5,5,1,3,3,2,3,5,1,13,13,7,11,12,0,0,9300,1,1,1,1,0,0,0,0,0,0,2,4,3,1,3,1,700,0,0
0,1,12,0,a37gsqm6,22,1,4,2,1,2,2,7,5,7,5,5,5,1,3,3,2,3,6,1,18,19,4,18,12,0,0,9300,1,7,1.16666666666667,6,0,0,0,0,0,0,4,5,3,1,3,1,700,0,0
0,1,12,0,a37gsqm6,22,1,4,2,1,2,2,7,5,7,5,5,5,1,3,3,2,3,7,2,16,16,7,14,14,0,0,8700,1,4,1,4,2,2,1,0,0,0,5,11,3,1,5,2,700,0,0
0,1,12,0,a37gsqm6,22,1,4,2,1,2,2,7,5,7,5,5,5,1,3,3,2,3,8,1,17,17,10,18,12,0,0,8700,1,5,1,5,0,2,1,2,2,1,11,15,3,1,5,3,1300,0,0
0,1,12,0,a37gsqm6,22,1,4,2,1,2,2,7,5,7,5,5,5,1,3,3,2,3,9,2,12,12,12,18,18,0,0,8100,0,0,0,0,6,6,1,0,2,1,15,20,5,2,11,4,1300,0,0
0,1,12,0,a37gsqm6,22,1,4,2,1,2,2,7,5,7,5,5,5,1,3,3,2,3,10,2,16,16,11,19,19,0,0,7000,1,4,1,4,7,7,1,6,6,1,20,20,5,3,18,5,1900,0,0
0,1,12,0,a37gsqm6,22,1,4,2,1,2,2,7,5,7,5,5,5,1,3,3,2,3,11,2,15,20,3,16,16,0,0,6300,1,8,2.66666666666667,3,4,4,1,7,7,1,20,24,11,4,22,6,3000,0,0
0,1,12,0,a37gsqm6,22,1,4,2,1,2,2,7,5,7,5,5,5,1,3,3,2,3,12,1,19,22,6,15,12,1,500,5800,1,10,1.42857142857143,7,0,4,1,4,4,1,24,27,18,5,22,7,3700,0,0
0,1,12,0,a37gsqm6,22,1,4,2,1,2,2,7,5,7,5,5,5,1,3,3,2,3,13,1,20,21,2,20,12,0,0,5800,1,9,1.125,8,0,4,1,0,4,1,27,34,22,6,22,8,4200,1,1
0,1,12,0,a37gsqm6,22,1,4,2,1,2,2,7,5,7,5,5,5,1,3,3,2,3,14,2,13,14,6,12,12,1,0,5700,1,2,2,1,0,0,0,0,4,1,34,42,22,7,22,8,4200,0,0
0,1,12,0,a37gsqm6,22,1,4,2,1,2,2,7,5,7,5,5,5,1,3,3,2,3,15,2,14,14,5,19,19,0,0,4800,1,2,1,2,7,7,1,0,0,0,42,43,22,8,29,9,4300,1,0
0,1,12,0,8sg5nesq,21,1,3,1,0,1,2,4,4,6,4,3,1,1,4,2,2,2,1,2,14,12,1,12,12,0,0,9800,0,0,0,2,0,0,0,0,0,0,0,0,0,0,0,0,0,0,0
0,1,12,0,8sg5nesq,21,1,3,1,0,1,2,4,4,6,4,3,1,1,4,2,2,2,2,1,15,15,6,12,12,0,0,9800,1,3,1,3,0,0,0,0,0,0,2,2,0,0,0,0,200,0,0
0,1,12,0,8sg5nesq,21,1,3,1,0,1,2,4,4,6,4,3,1,1,4,2,2,2,3,2,13,13,6,15,13,0,0,9600,1,1,1,1,1,1,1,0,0,0,2,5,0,0,1,1,200,0,0
0,1,12,0,8sg5nesq,21,1,3,1,0,1,2,4,4,6,4,3,1,1,4,2,2,2,4,1,11,11,3,15,12,0,0,9600,0,-1,-1,-1,0,1,1,1,1,1,5,6,0,0,1,2,400,0,0
0,1,12,0,8sg5nesq,21,1,3,1,0,1,2,4,4,6,4,3,1,1,4,2,2,2,5,1,12,12,2,11,12,0,0,9600,0,0,0,0,0,1,1,0,1,1,6,5,1,1,1,3,400,0,0
0,1,12,0,8sg5nesq,21,1,3,1,0,1,2,4,4,6,4,3,1,1,4,2,2,2,6,1,16,12,1,20,12,0,0,9200,0,0,0,4,0,1,1,0,1,1,5,5,1,2,1,4,400,0,0
0,1,12,0,8sg5nesq,21,1,3,1,0,1,2,4,4,6,4,3,1,1,4,2,2,2,7,1,19,19,5,17,12,1,350,8850,1,7,1,7,0,1,1,0,1,1,5,9,1,3,1,5,800,0,0
0,1,12,0,8sg5nesq,21,1,3,1,0,1,2,4,4,6,4,3,1,1,4,2,2,2,8,1,16,16,4,12,12,1,200,8650,1,4,1,4,0,1,1,0,1,1,9,16,1,4,1,6,1150,1,1
0,1,12,0,8sg5nesq,21,1,3,1,0,1,2,4,4,6,4,3,1,1,4,2,2,2,9,1,18,15,6,19,12,0,0,8350,1,3,0.5,6,0,1,1,0,1,1,16,20,1,5,1,7,1350,1,1
0,1,12,0,8sg5nesq,21,1,3,1,0,1,2,4,4,6,4,3,1,1,4,2,2,2,10,1,14,12,10,15,12,0,0,8150,0,0,0,2,0,1,1,0,1,1,20,26,1,6,1,8,1650,0,0
0,1,12,0,8sg5nesq,21,1,3,1,0,1,2,4,4,6,4,3,1,1,4,2,2,2,11,2,17,17,7,16,19,1,0,6950,1,5,1,5,7,7,1,0,1,1,26,28,1,7,8,9,1850,0,0
0,1,12,0,8sg5nesq,21,1,3,1,0,1,2,4,4,6,4,3,1,1,4,2,2,2,12,1,15,15,2,18,12,0,0,6950,1,3,1,3,0,7,1,7,7,1,28,33,1,8,8,10,3050,1,0
0,1,12,0,8sg5nesq,21,1,3,1,0,1,2,4,4,6,4,3,1,1,4,2,2,2,13,1,13,13,11,16,12,0,0,6950,1,1,1,1,0,7,1,0,7,1,33,36,8,9,8,11,3050,0,0
0,1,12,0,8sg5nesq,21,1,3,1,0,1,2,4,4,6,4,3,1,1,4,2,2,2,14,1,20,20,11,17,12,0,0,6950,1,8,1,8,0,7,1,0,7,1,36,37,8,10,8,12,3050,0,0
0,1,12,0,8sg5nesq,21,1,3,1,0,1,2,4,4,6,4,3,1,1,4,2,2,2,15,1,12,12,1,14,12,0,0,6950,0,0,0,0,0,7,1,0,7,1,37,45,8,11,8,13,3050,0,0
0,1,12,0,5a42g2o0,25,1,5,2,1,2,2,8,3,4,3,2,5,2,2,3,1,2,1,2,13,9,12,14,12,0,0,9900,0,-3,-3,1,0,0,0,0,0,0,0,0,0,0,0,0,0,0,0
0,1,12,0,5a42g2o0,25,1,5,2,1,2,2,8,3,4,3,2,5,2,2,3,1,2,2,1,12,12,1,11,12,0,0,9900,0,0,0,0,0,0,0,0,0,0,1,1,0,0,0,0,100,0,0
0,1,12,0,5a42g2o0,25,1,5,2,1,2,2,8,3,4,3,2,5,2,2,3,1,2,3,1,14,12,8,15,12,0,0,9700,0,0,0,2,0,0,0,0,0,0,1,1,0,0,0,0,100,0,0
0,1,12,0,5a42g2o0,25,1,5,2,1,2,2,8,3,4,3,2,5,2,2,3,1,2,4,1,11,11,12,12,12,0,0,9700,0,-1,-1,-1,0,0,0,0,0,0,1,3,0,0,0,0,300,0,0
0,1,12,0,5a42g2o0,25,1,5,2,1,2,2,8,3,4,3,2,5,2,2,3,1,2,5,1,15,15,1,15,12,0,0,9700,1,3,1,3,0,0,0,0,0,0,3,2,0,0,0,0,300,0,0
0,1,12,0,5a42g2o0,25,1,5,2,1,2,2,8,3,4,3,2,5,2,2,3,1,2,6,1,17,17,7,19,12,0,0,9700,1,5,1,5,0,0,0,0,0,0,2,5,0,0,0,0,300,0,0
0,1,12,0,5a42g2o0,25,1,5,2,1,2,2,8,3,4,3,2,5,2,2,3,1,2,7,1,14,14,11,16,12,0,0,9700,1,2,1,2,0,0,0,0,0,0,5,10,0,0,0,0,300,0,0
0,1,12,0,5a42g2o0,25,1,5,2,1,2,2,8,3,4,3,2,5,2,2,3,1,2,8,2,18,18,8,17,17,0,0,8600,1,6,1,6,5,5,1,0,0,0,10,12,0,0,5,1,300,0,0
0,1,12,0,5a42g2o0,25,1,5,2,1,2,2,8,3,4,3,2,5,2,2,3,1,2,9,2,13,14,7,17,17,0,0,8000,1,2,2,1,5,5,1,5,5,1,12,18,0,0,10,2,1400,0,0
0,1,12,0,5a42g2o0,25,1,5,2,1,2,2,8,3,4,3,2,5,2,2,3,1,2,10,2,15,21,9,14,12,0,0,7700,1,9,3,3,0,0,0,5,5,1,18,19,5,1,10,2,2000,0,0
0,1,12,0,5a42g2o0,25,1,5,2,1,2,2,8,3,4,3,2,5,2,2,3,1,2,11,2,16,21,4,20,23,0,0,6200,1,9,2.25,4,11,11,1,0,0,0,19,22,10,2,21,3,2300,0,0
0,1,12,0,5a42g2o0,25,1,5,2,1,2,2,8,3,4,3,2,5,2,2,3,1,2,12,1,20,24,11,13,12,1,600,5600,1,12,1.5,8,0,11,1,11,11,1,22,26,10,2,21,4,3800,0,0
0,1,12,0,5a42g2o0,25,1,5,2,1,2,2,8,3,4,3,2,5,2,2,3,1,2,13,2,19,21,6,13,13,0,0,4800,1,9,1.28571428571429,7,1,1,1,0,11,1,26,34,21,3,22,5,4400,1,1
0,1,12,0,5a42g2o0,25,1,5,2,1,2,2,8,3,4,3,2,5,2,2,3,1,2,14,2,16,16,1,16,16,0,0,4000,1,4,1,4,4,4,1,1,1,1,34,41,21,4,26,6,5200,0,0
0,1,12,0,5a42g2o0,25,1,5,2,1,2,2,8,3,4,3,2,5,2,2,3,1,2,15,1,12,12,2,12,12,0,0,4000,0,0,0,0,0,4,1,4,4,1,41,45,22,5,26,7,6000,0,0
0,1,12,0,ierrbwki,21,1,5,2,1,1,2,10,10,10,5,1,5,5,5,3,3,3,1,2,11,11,8,12,12,0,0,10000,0,-1,-1,-1,0,0,0,0,0,0,0,0,0,0,0,0,0,0,0
0,1,12,0,ierrbwki,21,1,5,2,1,1,2,10,10,10,5,1,5,5,5,3,3,3,2,2,13,13,3,13,13,0,0,9800,1,1,1,1,1,1,1,0,0,0,-1,-1,0,0,0,0,0,0,0
0,1,12,0,ierrbwki,21,1,5,2,1,1,2,10,10,10,5,1,5,5,5,3,3,3,3,1,12,12,12,11,12,0,0,9800,0,0,0,0,0,1,1,1,1,1,-1,0,0,0,1,2,200,0,0
0,1,12,0,ierrbwki,21,1,5,2,1,1,2,10,10,10,5,1,5,5,5,3,3,3,4,1,15,15,7,14,12,0,0,9800,1,3,1,3,0,1,1,0,1,1,0,0,1,1,1,3,200,0,0
0,1,12,0,ierrbwki,21,1,5,2,1,1,2,10,10,10,5,1,5,5,5,3,3,3,5,2,14,13,5,13,13,0,0,9500,1,1,0.5,2,1,1,1,0,1,1,0,3,1,2,2,4,200,0,0
0,1,12,0,ierrbwki,21,1,5,2,1,1,2,10,10,10,5,1,5,5,5,3,3,3,6,1,12,12,2,15,12,1,0,9500,0,0,0,0,0,1,1,1,1,1,3,5,1,3,2,5,500,0,0
0,1,12,0,ierrbwki,21,1,5,2,1,1,2,10,10,10,5,1,5,5,5,3,3,3,7,2,16,16,10,14,14,1,0,8900,1,4,1,4,2,2,1,0,1,1,5,5,2,4,4,6,500,1,0
0,1,12,0,ierrbwki,21,1,5,2,1,1,2,10,10,10,5,1,5,5,5,3,3,3,8,1,14,14,6,18,12,0,0,8900,1,2,1,2,0,2,1,2,2,1,5,9,2,5,4,7,1100,1,0
0,1,12,0,ierrbwki,21,1,5,2,1,1,2,10,10,10,5,1,5,5,5,3,3,3,9,1,15,15,3,13,12,0,0,8900,1,3,1,3,0,2,1,0,2,1,9,11,4,6,4,8,1100,0,0
0,1,12,0,ierrbwki,21,1,5,2,1,1,2,10,10,10,5,1,5,5,5,3,3,3,10,1,19,19,8,16,12,0,0,8900,1,7,1,7,0,2,1,0,2,1,11,14,4,7,4,9,1100,0,0
0,1,12,0,ierrbwki,21,1,5,2,1,1,2,10,10,10,5,1,5,5,5,3,3,3,11,2,20,20,12,12,12,1,0,8100,1,8,1,8,0,0,0,0,2,1,14,21,4,8,4,9,1100,0,0
0,1,12,0,ierrbwki,21,1,5,2,1,1,2,10,10,10,5,1,5,5,5,3,3,3,12,2,13,13,10,20,24,0,0,6800,1,1,1,1,12,12,1,0,0,0,21,29,4,9,16,10,1900,1,0
0,1,12,0,ierrbwki,21,1,5,2,1,1,2,10,10,10,5,1,5,5,5,3,3,3,13,2,16,16,9,13,13,0,0,6300,1,4,1,4,1,1,1,12,12,1,29,30,4,9,17,11,3200,0,0
0,1,12,0,ierrbwki,21,1,5,2,1,1,2,10,10,10,5,1,5,5,5,3,3,3,14,2,17,17,9,20,20,0,0,5000,1,5,1,5,8,8,1,1,1,1,30,34,16,10,25,12,3700,0,0
0,1,12,0,ierrbwki,21,1,5,2,1,1,2,10,10,10,5,1,5,5,5,3,3,3,15,1,18,18,4,17,12,0,0,5000,1,6,1,6,0,8,1,8,8,1,34,39,17,11,25,13,5000,0,0
0,1,12,0,hca6mhbl,20,1,4,2,1,2,2,5,10,5,4,4,2,3,2,2,3,2,1,1,14,12,10,13,12,0,0,9800,0,0,0,2,0,0,0,0,0,0,0,0,0,0,0,0,0,0,0
0,1,12,0,hca6mhbl,20,1,4,2,1,2,2,5,10,5,4,4,2,3,2,2,3,2,2,1,15,15,8,11,12,0,0,9800,1,3,1,3,0,0,0,0,0,0,2,2,0,0,0,0,200,0,0
0,1,12,0,hca6mhbl,20,1,4,2,1,2,2,5,10,5,4,4,2,3,2,2,3,2,3,2,11,11,11,12,12,1,0,9800,0,-1,-1,-1,0,0,0,0,0,0,2,5,0,0,0,0,200,0,0
0,1,12,0,hca6mhbl,20,1,4,2,1,2,2,5,10,5,4,4,2,3,2,2,3,2,4,2,12,12,10,11,11,0,0,9800,0,0,0,0,0,0,0,0,0,0,5,4,0,0,0,0,200,1,0
0,1,12,0,hca6mhbl,20,1,4,2,1,2,2,5,10,5,4,4,2,3,2,2,3,2,5,1,13,13,3,14,12,0,0,9800,1,1,1,1,0,0,0,0,0,0,4,4,0,0,0,0,200,0,0
0,1,12,0,hca6mhbl,20,1,4,2,1,2,2,5,10,5,4,4,2,3,2,2,3,2,6,2,13,13,3,17,22,0,0,8700,1,1,1,1,10,10,1,0,0,0,4,5,0,0,10,1,200,0,0
0,1,12,0,hca6mhbl,20,1,4,2,1,2,2,5,10,5,4,4,2,3,2,2,3,2,7,1,16,16,3,15,12,0,0,8700,1,4,1,4,0,10,1,10,10,1,5,6,0,0,10,2,1300,0,0
0,1,12,0,hca6mhbl,20,1,4,2,1,2,2,5,10,5,4,4,2,3,2,2,3,2,8,1,20,20,7,16,12,1,400,8300,1,8,1,8,0,10,1,0,10,1,6,10,10,1,10,3,1300,0,0
0,1,12,0,hca6mhbl,20,1,4,2,1,2,2,5,10,5,4,4,2,3,2,2,3,2,9,1,18,18,8,12,12,0,0,8300,1,6,1,6,0,10,1,0,10,1,10,18,10,2,10,4,1700,1,1
0,1,12,0,hca6mhbl,20,1,4,2,1,2,2,5,10,5,4,4,2,3,2,2,3,2,10,2,15,15,6,16,16,0,0,7600,1,3,1,3,4,4,1,0,10,1,18,24,10,3,14,5,1700,0,0
0,1,12,0,hca6mhbl,20,1,4,2,1,2,2,5,10,5,4,4,2,3,2,2,3,2,11,1,12,12,11,20,12,0,0,7600,0,0,0,0,0,4,1,4,4,1,24,27,10,4,14,6,2400,0,0
0,1,12,0,hca6mhbl,20,1,4,2,1,2,2,5,10,5,4,4,2,3,2,2,3,2,12,2,14,14,3,19,19,0,0,6700,1,2,1,2,7,7,1,0,4,1,27,27,14,5,21,7,2400,0,0
0,1,12,0,hca6mhbl,20,1,4,2,1,2,2,5,10,5,4,4,2,3,2,2,3,2,13,1,16,16,5,13,12,0,0,6700,1,4,1,4,0,7,1,7,7,1,27,29,14,6,21,8,3300,0,0
0,1,12,0,hca6mhbl,20,1,4,2,1,2,2,5,10,5,4,4,2,3,2,2,3,2,14,2,19,19,2,17,17,0,0,5500,1,7,1,7,5,5,1,0,7,1,29,33,21,7,26,9,3300,0,0
0,1,12,0,hca6mhbl,20,1,4,2,1,2,2,5,10,5,4,4,2,3,2,2,3,2,15,2,17,17,7,13,18,0,0,4400,1,5,1,5,6,6,1,5,5,1,33,40,21,8,32,10,4500,0,0
0,1,13,1,p9bc0yjz,21,1,4,2,1,2,2,3,2,5,4,5,5,2,3,1,1,2,1,2,13,13,5,12,12,0,0,9900,1,1,1,1,0,0,0,0,0,0,0,0,0,0,0,0,0,0,0
0,1,13,1,p9bc0yjz,21,1,4,2,1,2,2,3,2,5,4,5,5,2,3,1,1,2,2,1,14,14,3,11,12,0,0,9900,1,2,1,2,0,0,0,0,0,0,1,1,0,0,0,0,100,0,0
0,1,13,1,p9bc0yjz,21,1,4,2,1,2,2,3,2,5,4,5,5,2,3,1,1,2,3,1,15,15,3,14,12,0,0,9900,1,3,1,3,0,0,0,0,0,0,1,3,0,0,0,0,100,0,0
0,1,13,1,p9bc0yjz,21,1,4,2,1,2,2,3,2,5,4,5,5,2,3,1,1,2,4,2,11,11,3,13,12,0,0,9900,0,-1,-1,-1,0,0,0,0,0,0,3,6,0,0,0,0,100,0,0
0,1,13,1,p9bc0yjz,21,1,4,2,1,2,2,3,2,5,4,5,5,2,3,1,1,2,5,1,12,12,8,11,12,0,0,9900,0,0,0,0,0,0,0,0,0,0,6,5,0,0,0,0,100,0,0
0,1,13,1,p9bc0yjz,21,1,4,2,1,2,2,3,2,5,4,5,5,2,3,1,1,2,6,2,13,13,5,16,13,0,0,9700,1,1,1,1,1,1,1,0,0,0,5,5,0,0,1,1,100,0,0
0,1,13,1,p9bc0yjz,21,1,4,2,1,2,2,3,2,5,4,5,5,2,3,1,1,2,7,2,17,17,8,18,19,0,0,8500,1,5,1,5,7,7,1,1,1,1,5,6,0,0,8,2,300,0,0
0,1,13,1,p9bc0yjz,21,1,4,2,1,2,2,3,2,5,4,5,5,2,3,1,1,2,8,1,18,18,4,18,12,0,0,8500,1,6,1,6,0,7,1,7,7,1,6,11,1,1,8,3,1500,0,0
0,1,13,1,p9bc0yjz,21,1,4,2,1,2,2,3,2,5,4,5,5,2,3,1,1,2,9,2,12,12,2,14,14,0,0,8300,0,0,0,0,2,2,1,0,7,1,11,17,8,2,10,4,1500,0,0
0,1,13,1,p9bc0yjz,21,1,4,2,1,2,2,3,2,5,4,5,5,2,3,1,1,2,10,1,16,16,5,13,12,0,0,8300,1,4,1,4,0,2,1,2,2,1,17,17,8,3,10,5,1700,0,0
0,1,13,1,p9bc0yjz,21,1,4,2,1,2,2,3,2,5,4,5,5,2,3,1,1,2,11,2,15,15,2,12,12,0,0,8000,1,3,1,3,0,0,0,0,2,1,17,21,10,4,10,5,1700,0,0
0,1,13,1,p9bc0yjz,21,1,4,2,1,2,2,3,2,5,4,5,5,2,3,1,1,2,12,1,19,19,7,20,12,1,350,7650,1,7,1,7,0,0,0,0,0,0,21,24,10,5,10,5,2000,0,0
0,1,13,1,p9bc0yjz,21,1,4,2,1,2,2,3,2,5,4,5,5,2,3,1,1,2,13,2,14,14,3,20,20,0,0,6650,1,2,1,2,8,8,1,0,0,0,24,31,10,5,18,6,2350,1,1
0,1,13,1,p9bc0yjz,21,1,4,2,1,2,2,3,2,5,4,5,5,2,3,1,1,2,14,1,17,12,7,15,12,0,0,6150,0,0,0,5,0,8,1,8,8,1,31,33,10,5,18,7,3350,0,0
0,1,13,1,p9bc0yjz,21,1,4,2,1,2,2,3,2,5,4,5,5,2,3,1,1,2,15,2,20,20,8,16,18,0,0,4750,1,8,1,8,6,6,1,0,8,1,33,38,18,6,24,8,3850,0,0
0,1,13,1,pxtd646i,21,1,3,1,1,2,2,7,0,9,3,2,5,1,3,3,1,3,1,1,11,11,6,12,12,0,0,10000,0,-1,-1,-1,0,0,0,0,0,0,0,0,0,0,0,0,0,0,0
0,1,13,1,pxtd646i,21,1,3,1,1,2,2,7,0,9,3,2,5,1,3,3,1,3,2,1,13,12,6,13,12,0,0,9900,0,0,0,1,0,0,0,0,0,0,-1,-1,0,0,0,0,0,0,0
0,1,13,1,pxtd646i,21,1,3,1,1,2,2,7,0,9,3,2,5,1,3,3,1,3,3,2,14,14,4,12,12,0,0,9700,1,2,1,2,0,0,0,0,0,0,-1,0,0,0,0,0,100,0,0
0,1,13,1,pxtd646i,21,1,3,1,1,2,2,7,0,9,3,2,5,1,3,3,1,3,4,2,12,12,5,11,11,1,0,9700,0,0,0,0,0,0,0,0,0,0,0,2,0,0,0,0,300,0,0
0,1,13,1,pxtd646i,21,1,3,1,1,2,2,7,0,9,3,2,5,1,3,3,1,3,5,2,15,14,5,15,12,1,0,9400,1,2,0.666666666666667,3,0,0,0,0,0,0,2,2,0,0,0,0,300,1,0
0,1,13,1,pxtd646i,21,1,3,1,1,2,2,7,0,9,3,2,5,1,3,3,1,3,6,1,19,19,7,19,12,0,0,9400,1,7,1,7,0,0,0,0,0,0,2,5,0,0,0,0,600,1,0
0,1,13,1,pxtd646i,21,1,3,1,1,2,2,7,0,9,3,2,5,1,3,3,1,3,7,1,13,13,6,17,12,0,0,9400,1,1,1,1,0,0,0,0,0,0,5,12,0,0,0,0,600,0,0
0,1,13,1,pxtd646i,21,1,3,1,1,2,2,7,0,9,3,2,5,1,3,3,1,3,8,1,18,18,5,12,12,0,0,9400,1,6,1,6,0,0,0,0,0,0,12,13,0,0,0,0,600,0,0
0,1,13,1,pxtd646i,21,1,3,1,1,2,2,7,0,9,3,2,5,1,3,3,1,3,9,1,14,14,1,12,12,0,0,9400,1,2,1,2,0,0,0,0,0,0,13,19,0,0,0,0,600,0,0
0,1,13,1,pxtd646i,21,1,3,1,1,2,2,7,0,9,3,2,5,1,3,3,1,3,10,2,16,16,7,17,16,0,0,8600,1,4,1,4,4,4,1,0,0,0,19,21,0,0,4,1,600,0,0
0,1,13,1,pxtd646i,21,1,3,1,1,2,2,7,0,9,3,2,5,1,3,3,1,3,11,1,12,12,1,15,12,0,0,8600,0,0,0,0,0,4,1,4,4,1,21,25,0,0,4,2,1400,0,0
0,1,13,1,pxtd646i,21,1,3,1,1,2,2,7,0,9,3,2,5,1,3,3,1,3,12,2,17,17,5,19,19,0,0,7400,1,5,1,5,7,7,1,0,4,1,25,25,4,1,11,3,1400,0,0
0,1,13,1,pxtd646i,21,1,3,1,1,2,2,7,0,9,3,2,5,1,3,3,1,3,13,1,17,17,8,13,12,0,0,7400,1,5,1,5,0,7,1,7,7,1,25,30,4,2,11,4,2600,0,0
0,1,13,1,pxtd646i,21,1,3,1,1,2,2,7,0,9,3,2,5,1,3,3,1,3,14,1,15,15,8,15,12,0,0,7400,1,3,1,3,0,7,1,0,7,1,30,35,11,3,11,5,2600,0,0
0,1,13,1,pxtd646i,21,1,3,1,1,2,2,7,0,9,3,2,5,1,3,3,1,3,15,2,20,20,7,12,12,1,0,6600,1,8,1,8,0,0,0,0,7,1,35,38,11,4,11,5,2600,0,0
0,1,13,1,m6qz9439,21,1,4,2,0,3,1,2,2,3,5,2,1,3,4,1,1,1,1,1,12,12,8,13,12,0,0,10000,0,0,0,0,0,0,0,0,0,0,0,0,0,0,0,0,0,0,0
0,1,13,1,m6qz9439,21,1,4,2,0,3,1,2,2,3,5,2,1,3,4,1,1,1,2,2,11,11,1,14,14,1,0,9900,0,-1,-1,-1,2,2,1,0,0,0,0,0,0,0,0,0,0,0,0
0,1,13,1,m6qz9439,21,1,4,2,0,3,1,2,2,3,5,2,1,3,4,1,1,1,3,2,14,14,1,15,15,1,0,9400,1,2,1,2,3,3,1,2,2,1,0,-1,0,0,5,2,100,0,0
0,1,13,1,m6qz9439,21,1,4,2,0,3,1,2,2,3,5,2,1,3,4,1,1,1,4,1,13,12,1,11,12,0,0,9300,0,0,0,1,0,3,1,3,3,1,-1,1,2,1,5,3,600,1,0
0,1,13,1,m6qz9439,21,1,4,2,0,3,1,2,2,3,5,2,1,3,4,1,1,1,5,1,15,15,6,11,12,0,0,9300,1,3,1,3,0,3,1,0,3,1,1,2,5,2,5,4,700,0,0
0,1,13,1,m6qz9439,21,1,4,2,0,3,1,2,2,3,5,2,1,3,4,1,1,1,6,2,12,13,8,17,19,0,0,8600,1,1,1,0,7,7,1,0,3,1,2,5,5,3,12,5,700,0,0
0,1,13,1,m6qz9439,21,1,4,2,0,3,1,2,2,3,5,2,1,3,4,1,1,1,7,1,17,17,5,14,12,0,0,8600,1,5,1,5,0,7,1,7,7,1,5,5,5,4,12,6,1400,0,0
0,1,13,1,m6qz9439,21,1,4,2,0,3,1,2,2,3,5,2,1,3,4,1,1,1,8,2,16,16,7,13,12,0,0,8200,1,4,1,4,0,0,0,0,7,1,5,10,12,5,12,6,1400,0,0
0,1,13,1,m6qz9439,21,1,4,2,0,3,1,2,2,3,5,2,1,3,4,1,1,1,9,1,15,16,6,12,12,0,0,8200,1,4,1.33333333333333,3,0,0,0,0,0,0,10,14,12,6,12,6,1800,0,0
0,1,13,1,m6qz9439,21,1,4,2,0,3,1,2,2,3,5,2,1,3,4,1,1,1,10,2,14,14,6,17,14,0,0,7800,1,2,1,2,2,2,1,0,0,0,14,17,12,6,14,7,1800,0,0
0,1,13,1,m6qz9439,21,1,4,2,0,3,1,2,2,3,5,2,1,3,4,1,1,1,11,1,19,19,4,15,12,0,0,7800,1,7,1,7,0,2,1,2,2,1,17,19,12,6,14,8,2200,0,0
0,1,13,1,m6qz9439,21,1,4,2,0,3,1,2,2,3,5,2,1,3,4,1,1,1,12,1,18,18,8,12,12,0,0,7800,1,6,1,6,0,2,1,0,2,1,19,26,14,7,14,9,2200,0,0
0,1,13,1,m6qz9439,21,1,4,2,0,3,1,2,2,3,5,2,1,3,4,1,1,1,13,1,20,20,1,14,12,0,0,7800,1,8,1,8,0,2,1,0,2,1,26,32,14,8,14,10,2200,0,0
0,1,13,1,m6qz9439,21,1,4,2,0,3,1,2,2,3,5,2,1,3,4,1,1,1,14,2,13,13,6,14,13,1,0,7600,1,1,1,1,1,1,1,0,2,1,32,40,14,9,15,11,2200,0,0
0,1,13,1,m6qz9439,21,1,4,2,0,3,1,2,2,3,5,2,1,3,4,1,1,1,15,1,17,17,6,20,12,0,0,7600,1,5,1,5,0,1,1,1,1,1,40,41,14,10,15,12,2400,1,0
0,1,13,1,b709ewxv,21,1,4,2,1,2,2,8,2,9,5,2,5,4,4,3,1,3,1,1,15,13,7,12,12,0,0,9800,1,1,0.333333333333333,3,0,0,0,0,0,0,0,0,0,0,0,0,0,0,0
0,1,13,1,b709ewxv,21,1,4,2,1,2,2,8,2,9,5,2,5,4,4,3,1,3,2,2,11,11,7,14,12,0,0,9800,0,-1,-1,-1,0,0,0,0,0,0,3,3,0,0,0,0,200,0,0
0,1,13,1,b709ewxv,21,1,4,2,1,2,2,8,2,9,5,2,5,4,4,3,1,3,3,1,12,12,2,14,12,1,0,9800,0,0,0,0,0,0,0,0,0,0,3,2,0,0,0,0,200,0,0
0,1,13,1,b709ewxv,21,1,4,2,1,2,2,8,2,9,5,2,5,4,4,3,1,3,4,1,13,12,7,13,12,0,0,9700,0,0,0,1,0,0,0,0,0,0,2,2,0,0,0,0,200,1,0
0,1,13,1,b709ewxv,21,1,4,2,1,2,2,8,2,9,5,2,5,4,4,3,1,3,5,2,14,12,7,15,15,0,0,9200,0,0,0,2,3,3,1,0,0,0,2,3,0,0,3,1,300,0,0
0,1,13,1,b709ewxv,21,1,4,2,1,2,2,8,2,9,5,2,5,4,4,3,1,3,6,1,14,12,6,18,12,1,0,9000,0,0,0,2,0,3,1,3,3,1,3,5,0,0,3,2,800,0,0
0,1,13,1,b709ewxv,21,1,4,2,1,2,2,8,2,9,5,2,5,4,4,3,1,3,7,2,16,12,7,14,14,0,0,8400,0,0,0,4,2,2,1,0,3,1,5,7,3,1,5,3,1000,1,0
0,1,13,1,b709ewxv,21,1,4,2,1,2,2,8,2,9,5,2,5,4,4,3,1,3,8,2,18,12,1,18,18,0,0,7200,0,0,0,6,6,6,1,2,2,1,7,11,3,2,11,4,1600,0,0
0,1,13,1,b709ewxv,21,1,4,2,1,2,2,8,2,9,5,2,5,4,4,3,1,3,9,2,12,12,8,20,20,0,0,6400,0,0,0,0,8,8,1,6,6,1,11,17,5,3,19,5,2800,0,0
0,1,13,1,b709ewxv,21,1,4,2,1,2,2,8,2,9,5,2,5,4,4,3,1,3,10,1,20,16,8,19,12,0,0,6000,1,4,0.5,8,0,8,1,8,8,1,17,17,11,4,19,6,3600,0,0
0,1,13,1,b709ewxv,21,1,4,2,1,2,2,8,2,9,5,2,5,4,4,3,1,3,11,2,15,12,3,19,19,0,0,5000,0,0,0,3,7,7,1,0,8,1,17,25,19,5,26,7,4000,0,0
0,1,13,1,b709ewxv,21,1,4,2,1,2,2,8,2,9,5,2,5,4,4,3,1,3,12,2,19,19,6,15,12,0,0,4300,1,7,1,7,0,0,0,7,7,1,25,28,19,6,26,7,5000,0,0
0,1,13,1,b709ewxv,21,1,4,2,1,2,2,8,2,9,5,2,5,4,4,3,1,3,13,2,17,12,7,17,15,0,0,3500,0,0,0,5,3,3,1,0,0,0,28,35,26,7,29,8,5700,0,0
0,1,13,1,b709ewxv,21,1,4,2,1,2,2,8,2,9,5,2,5,4,4,3,1,3,14,2,13,12,5,17,17,0,0,2900,0,0,0,1,5,5,1,3,3,1,35,40,26,7,34,9,6500,0,0
0,1,13,1,b709ewxv,21,1,4,2,1,2,2,8,2,9,5,2,5,4,4,3,1,3,15,2,17,17,5,17,12,0,0,2400,1,5,1,5,0,0,0,5,5,1,40,41,29,8,34,9,7100,0,0
0,1,13,1,4ry3wqsr,20,1,3,1,1,3,1,2,0,0,3,2,5,1,5,1,1,1,1,1,12,12,1,13,12,0,0,10000,0,0,0,0,0,0,0,0,0,0,0,0,0,0,0,0,0,0,0
0,1,13,1,4ry3wqsr,20,1,3,1,1,3,1,2,0,0,3,2,5,1,5,1,1,1,2,2,13,13,8,15,12,0,0,9900,1,1,1,1,0,0,0,0,0,0,0,0,0,0,0,0,0,0,0
0,1,13,1,4ry3wqsr,20,1,3,1,1,3,1,2,0,0,3,2,5,1,5,1,1,1,3,2,14,13,7,11,11,1,0,9800,1,1,0.5,2,0,0,0,0,0,0,0,1,0,0,0,0,100,0,0
0,1,13,1,4ry3wqsr,20,1,3,1,1,3,1,2,0,0,3,2,5,1,5,1,1,1,4,1,11,11,2,12,12,1,0,9800,0,-1,-1,-1,0,0,0,0,0,0,1,3,0,0,0,0,200,1,0
0,1,13,1,4ry3wqsr,20,1,3,1,1,3,1,2,0,0,3,2,5,1,5,1,1,1,5,1,15,12,2,15,12,0,0,9500,0,0,0,3,0,0,0,0,0,0,3,2,0,0,0,0,200,1,0
0,1,13,1,4ry3wqsr,20,1,3,1,1,3,1,2,0,0,3,2,5,1,5,1,1,1,6,1,16,13,1,13,12,0,0,9200,1,1,0.25,4,0,0,0,0,0,0,2,5,0,0,0,0,500,0,0
0,1,13,1,4ry3wqsr,20,1,3,1,1,3,1,2,0,0,3,2,5,1,5,1,1,1,7,2,14,14,3,17,17,0,0,8500,1,2,1,2,5,5,1,0,0,0,5,9,0,0,5,1,800,0,0
0,1,13,1,4ry3wqsr,20,1,3,1,1,3,1,2,0,0,3,2,5,1,5,1,1,1,8,2,12,12,2,18,18,0,0,7900,0,0,0,0,6,6,1,5,5,1,9,11,0,0,11,2,1500,0,0
0,1,13,1,4ry3wqsr,20,1,3,1,1,3,1,2,0,0,3,2,5,1,5,1,1,1,9,2,15,15,7,18,15,0,0,7300,1,3,1,3,3,3,1,6,6,1,11,11,5,1,14,3,2100,0,0
0,1,13,1,4ry3wqsr,20,1,3,1,1,3,1,2,0,0,3,2,5,1,5,1,1,1,10,2,13,13,1,16,16,0,0,6800,1,1,1,1,4,4,1,3,3,1,11,14,11,2,18,4,2700,0,0
0,1,13,1,4ry3wqsr,20,1,3,1,1,3,1,2,0,0,3,2,5,1,5,1,1,1,11,2,18,18,7,16,15,1,0,5900,1,6,1,6,3,3,1,4,4,1,14,15,14,3,21,5,3200,0,0
0,1,13,1,4ry3wqsr,20,1,3,1,1,3,1,2,0,0,3,2,5,1,5,1,1,1,12,1,19,19,2,17,12,0,0,5900,1,7,1,7,0,3,1,3,3,1,15,21,18,4,21,6,4100,1,0
0,1,13,1,4ry3wqsr,20,1,3,1,1,3,1,2,0,0,3,2,5,1,5,1,1,1,13,1,20,20,6,16,12,0,0,5900,1,8,1,8,0,3,1,0,3,1,21,28,21,5,21,7,4100,0,0
0,1,13,1,4ry3wqsr,20,1,3,1,1,3,1,2,0,0,3,2,5,1,5,1,1,1,14,1,17,17,4,13,12,0,0,5900,1,5,1,5,0,3,1,0,3,1,28,36,21,6,21,8,4100,0,0
0,1,13,1,4ry3wqsr,20,1,3,1,1,3,1,2,0,0,3,2,5,1,5,1,1,1,15,1,17,12,4,17,12,0,0,5400,0,0,0,5,0,3,1,0,3,1,36,41,21,7,21,9,4100,0,0
0,1,13,1,yy740vhk,23,1,5,2,1,5,1,6,8,10,4,4,4,4,4,2,3,3,1,2,12,12,2,11,11,0,0,10000,0,0,0,0,0,0,0,0,0,0,0,0,0,0,0,0,0,0,0
0,1,13,1,yy740vhk,23,1,5,2,1,5,1,6,8,10,4,4,4,4,4,2,3,3,2,2,13,12,2,13,12,0,0,9900,0,0,0,1,0,0,0,0,0,0,0,0,0,0,0,0,0,0,0
0,1,13,1,yy740vhk,23,1,5,2,1,5,1,6,8,10,4,4,4,4,4,2,3,3,3,2,15,13,8,14,14,0,0,9400,1,1,0.333333333333333,3,2,2,1,0,0,0,0,1,0,0,2,1,100,0,0
0,1,13,1,yy740vhk,23,1,5,2,1,5,1,6,8,10,4,4,4,4,4,2,3,3,4,1,14,13,8,12,12,0,0,9300,1,1,0.5,2,0,2,1,2,2,1,1,4,0,0,2,2,600,0,0
0,1,13,1,yy740vhk,23,1,5,2,1,5,1,6,8,10,4,4,4,4,4,2,3,3,5,2,11,11,3,15,15,0,0,9100,0,-1,-1,-1,3,3,1,0,2,1,4,6,2,1,5,3,700,0,0
0,1,13,1,yy740vhk,23,1,5,2,1,5,1,6,8,10,4,4,4,4,4,2,3,3,6,2,18,15,4,14,12,0,0,8500,1,3,0.5,6,0,0,0,3,3,1,6,5,2,2,5,3,900,0,0
0,1,13,1,yy740vhk,23,1,5,2,1,5,1,6,8,10,4,4,4,4,4,2,3,3,7,2,17,14,2,13,13,0,0,7900,1,2,0.4,5,1,1,1,0,0,0,5,11,5,3,6,4,1500,0,0
0,1,13,1,yy740vhk,23,1,5,2,1,5,1,6,8,10,4,4,4,4,4,2,3,3,8,2,19,15,8,14,15,0,0,6900,1,3,0.428571428571429,7,3,3,1,1,1,1,11,16,5,3,9,5,2100,0,0
0,1,13,1,yy740vhk,23,1,5,2,1,5,1,6,8,10,4,4,4,4,4,2,3,3,9,2,12,12,3,15,16,0,0,6500,0,0,0,0,4,4,1,3,3,1,16,23,6,4,13,6,3100,0,0
0,1,13,1,yy740vhk,23,1,5,2,1,5,1,6,8,10,4,4,4,4,4,2,3,3,10,1,17,14,3,14,12,0,0,6200,1,2,0.4,5,0,4,1,4,4,1,23,23,9,5,13,7,3500,0,0
0,1,13,1,yy740vhk,23,1,5,2,1,5,1,6,8,10,4,4,4,4,4,2,3,3,11,2,13,13,8,17,17,0,0,5600,1,1,1,1,5,5,1,0,4,1,23,28,13,6,18,8,3800,0,0
0,1,13,1,yy740vhk,23,1,5,2,1,5,1,6,8,10,4,4,4,4,4,2,3,3,12,1,15,12,4,19,12,0,0,5300,0,0,0,3,0,5,1,5,5,1,28,29,13,7,18,9,4400,0,0
0,1,13,1,yy740vhk,23,1,5,2,1,5,1,6,8,10,4,4,4,4,4,2,3,3,13,2,16,13,5,20,20,0,0,4100,1,1,0.25,4,8,8,1,0,5,1,29,32,18,8,26,10,4700,0,0
0,1,13,1,yy740vhk,23,1,5,2,1,5,1,6,8,10,4,4,4,4,4,2,3,3,14,1,14,13,3,13,12,0,0,4000,1,1,0.5,2,0,8,1,8,8,1,32,36,18,9,26,11,5900,0,0
0,1,13,1,yy740vhk,23,1,5,2,1,5,1,6,8,10,4,4,4,4,4,2,3,3,15,2,20,15,3,17,17,0,0,2700,1,3,0.375,8,5,5,1,0,8,1,36,38,26,10,31,12,6000,0,0
0,1,13,1,cp7iw2au,21,1,4,2,0,2,2,0,10,8,2,1,3,2,5,1,3,3,1,2,12,10,4,15,13,0,0,9900,0,-2,-2,0,1,1,1,0,0,0,0,0,0,0,0,0,0,0,0
0,1,13,1,cp7iw2au,21,1,4,2,0,2,2,0,10,8,2,1,3,2,5,1,3,3,2,1,14,12,4,11,12,0,0,9700,0,0,0,2,0,1,1,1,1,1,0,0,1,1,1,1,100,0,0
0,1,13,1,cp7iw2au,21,1,4,2,0,2,2,0,10,8,2,1,3,2,5,1,3,3,3,1,11,11,5,14,12,1,0,9700,0,-1,-1,-1,0,1,1,0,1,1,0,2,1,1,1,3,300,0,0
0,1,13,1,cp7iw2au,21,1,4,2,0,2,2,0,10,8,2,1,3,2,5,1,3,3,4,2,13,12,4,13,12,0,0,9600,0,0,0,1,0,0,0,0,1,1,2,1,1,2,1,3,300,1,0
0,1,13,1,cp7iw2au,21,1,4,2,0,2,2,0,10,8,2,1,3,2,5,1,3,3,5,1,15,15,4,14,12,0,0,9600,1,3,1,3,0,0,0,0,0,0,1,2,1,3,1,3,400,0,0
0,1,13,1,cp7iw2au,21,1,4,2,0,2,2,0,10,8,2,1,3,2,5,1,3,3,6,2,19,19,2,19,19,0,0,8200,1,7,1,7,7,7,1,0,0,0,2,5,1,3,8,4,400,0,0
0,1,13,1,cp7iw2au,21,1,4,2,0,2,2,0,10,8,2,1,3,2,5,1,3,3,7,1,14,14,4,16,12,1,100,8100,1,2,1,2,0,7,1,7,7,1,5,12,1,3,8,5,1800,0,0
0,1,13,1,cp7iw2au,21,1,4,2,0,2,2,0,10,8,2,1,3,2,5,1,3,3,8,1,13,12,3,16,12,0,0,8000,0,0,0,1,0,7,1,0,7,1,12,14,8,4,8,6,1900,1,1
0,1,13,1,cp7iw2au,21,1,4,2,0,2,2,0,10,8,2,1,3,2,5,1,3,3,9,1,18,15,5,15,12,0,0,7700,1,3,0.5,6,0,7,1,0,7,1,14,15,8,5,8,7,2000,0,0
0,1,13,1,cp7iw2au,21,1,4,2,0,2,2,0,10,8,2,1,3,2,5,1,3,3,10,1,17,16,2,16,12,0,0,7600,1,4,0.8,5,0,7,1,0,7,1,15,21,8,6,8,8,2300,0,0
0,1,13,1,cp7iw2au,21,1,4,2,0,2,2,0,10,8,2,1,3,2,5,1,3,3,11,1,16,15,5,18,12,0,0,7500,1,3,0.75,4,0,7,1,0,7,1,21,26,8,7,8,9,2400,0,0
0,1,13,1,cp7iw2au,21,1,4,2,0,2,2,0,10,8,2,1,3,2,5,1,3,3,12,2,20,19,1,19,19,1,0,6000,1,7,0.875,8,7,7,1,0,7,1,26,30,8,8,15,10,2500,0,0
0,1,13,1,cp7iw2au,21,1,4,2,0,2,2,0,10,8,2,1,3,2,5,1,3,3,13,1,17,15,4,17,12,1,150,5650,1,3,0.6,5,0,7,1,7,7,1,30,38,8,9,15,11,4000,1,0
0,1,13,1,cp7iw2au,21,1,4,2,0,2,2,0,10,8,2,1,3,2,5,1,3,3,14,2,15,14,1,17,12,0,0,5350,1,2,0.666666666666667,3,0,0,0,0,7,1,38,43,15,10,15,11,4350,1,1
0,1,13,1,cp7iw2au,21,1,4,2,0,2,2,0,10,8,2,1,3,2,5,1,3,3,15,1,12,12,2,20,12,0,0,5350,0,0,0,0,0,0,0,0,0,0,43,46,15,11,15,11,4650,0,0
0,1,13,1,twr4jsxt,20,1,4,2,0,2,2,6,6,1,4,5,5,2,4,2,2,1,1,2,13,13,3,12,12,0,0,9900,1,1,1,1,0,0,0,0,0,0,0,0,0,0,0,0,0,0,0
0,1,13,1,twr4jsxt,20,1,4,2,0,2,2,6,6,1,4,5,5,2,4,2,2,1,2,1,15,12,5,13,12,0,0,9600,0,0,0,3,0,0,0,0,0,0,1,1,0,0,0,0,100,0,0
0,1,13,1,twr4jsxt,20,1,4,2,0,2,2,6,6,1,4,5,5,2,4,2,2,1,3,1,14,14,6,15,12,0,0,9600,1,2,1,2,0,0,0,0,0,0,1,4,0,0,0,0,400,0,0
0,1,13,1,twr4jsxt,20,1,4,2,0,2,2,6,6,1,4,5,5,2,4,2,2,1,4,2,12,12,6,14,13,1,0,9500,0,0,0,0,1,1,1,0,0,0,4,6,0,0,1,1,400,0,0
0,1,13,1,twr4jsxt,20,1,4,2,0,2,2,6,6,1,4,5,5,2,4,2,2,1,5,2,11,14,1,12,12,0,0,9500,1,2,2,-1,0,0,0,1,1,1,6,6,0,0,1,1,500,1,0
0,1,13,1,twr4jsxt,20,1,4,2,0,2,2,6,6,1,4,5,5,2,4,2,2,1,6,1,17,19,3,12,12,1,350,9150,1,7,1.4,5,0,0,0,0,0,0,6,5,1,1,1,1,500,0,0
0,1,13,1,twr4jsxt,20,1,4,2,0,2,2,6,6,1,4,5,5,2,4,2,2,1,7,1,18,19,1,17,12,0,0,9150,1,7,1.16666666666667,6,0,0,0,0,0,0,5,10,1,1,1,1,850,1,1
0,1,13,1,twr4jsxt,20,1,4,2,0,2,2,6,6,1,4,5,5,2,4,2,2,1,8,1,14,15,6,19,12,1,150,9000,1,3,1.5,2,0,0,0,0,0,0,10,16,1,1,1,1,850,0,0
0,1,13,1,twr4jsxt,20,1,4,2,0,2,2,6,6,1,4,5,5,2,4,2,2,1,9,1,20,20,4,12,12,0,0,9000,1,8,1,8,0,0,0,0,0,0,16,18,1,1,1,1,1000,1,1
0,1,13,1,twr4jsxt,20,1,4,2,0,2,2,6,6,1,4,5,5,2,4,2,2,1,10,2,19,19,4,20,16,0,0,7900,1,7,1,7,4,4,1,0,0,0,18,26,1,1,5,2,1000,0,0
0,1,13,1,twr4jsxt,20,1,4,2,0,2,2,6,6,1,4,5,5,2,4,2,2,1,11,1,17,17,6,13,12,0,0,7900,1,5,1,5,0,4,1,4,4,1,26,33,1,1,5,3,2100,0,0
0,1,13,1,twr4jsxt,20,1,4,2,0,2,2,6,6,1,4,5,5,2,4,2,2,1,12,2,12,12,3,18,18,0,0,7300,0,0,0,0,6,6,1,0,4,1,33,38,5,2,11,4,2100,0,0
0,1,13,1,twr4jsxt,20,1,4,2,0,2,2,6,6,1,4,5,5,2,4,2,2,1,13,2,13,13,2,17,17,0,0,6700,1,1,1,1,5,5,1,6,6,1,38,38,5,3,16,5,2700,0,0
0,1,13,1,twr4jsxt,20,1,4,2,0,2,2,6,6,1,4,5,5,2,4,2,2,1,14,2,15,15,2,15,15,1,0,6100,1,3,1,3,3,3,1,5,5,1,38,39,11,4,19,6,3300,0,0
0,1,13,1,twr4jsxt,20,1,4,2,0,2,2,6,6,1,4,5,5,2,4,2,2,1,15,1,16,18,1,20,12,0,0,6100,1,6,1.5,4,0,3,1,3,3,1,39,42,16,5,19,7,3900,1,0
1,0,14,0,jm8we6u4,30,1,NaN,2,1,5,1,1,5,7,1,4,4,4,4,1,2,3,1,1,13,12,4,13,12,0,0,9900,0,0,0,1,0,0,0,0,0,0,0,0,0,0,0,0,0,0,0
1,0,14,0,jm8we6u4,30,1,NaN,2,1,5,1,1,5,7,1,4,4,4,4,1,2,3,2,1,15,15,6,11,12,1,150,9750,1,3,1,3,0,0,0,0,0,0,1,1,0,0,0,0,100,0,0
1,0,14,0,jm8we6u4,30,1,NaN,2,1,5,1,1,5,7,1,4,4,4,4,1,2,3,3,1,12,12,7,13,12,0,0,9750,0,0,0,0,0,0,0,0,0,0,1,4,0,0,0,0,250,0,0
1,0,14,0,jm8we6u4,30,1,NaN,2,1,5,1,1,5,7,1,4,4,4,4,1,2,3,4,2,14,13,6,12,12,0,0,9550,1,1,0.5,2,0,0,0,0,0,0,4,4,0,0,0,0,250,0,0
1,0,14,0,jm8we6u4,30,1,NaN,2,1,5,1,1,5,7,1,4,4,4,4,1,2,3,5,2,11,11,5,13,12,1,0,9550,0,-1,-1,-1,0,0,0,0,0,0,4,6,0,0,0,0,450,0,0
1,0,14,0,jm8we6u4,30,1,NaN,2,1,5,1,1,5,7,1,4,4,4,4,1,2,3,6,2,17,12,3,14,5,0,0,9550,0,0,0,5,0,0,0,0,0,0,6,5,0,0,0,0,450,1,0
1,0,14,0,jm8we6u4,30,1,NaN,2,1,5,1,1,5,7,1,4,4,4,4,1,2,3,7,1,15,15,13,19,12,0,0,9550,1,3,1,3,0,0,0,0,0,0,5,10,0,0,0,0,450,0,0
1,0,14,0,jm8we6u4,30,1,NaN,2,1,5,1,1,5,7,1,4,4,4,4,1,2,3,8,2,20,20,2,15,15,0,0,8450,1,8,1,8,3,3,1,0,0,0,10,13,0,0,3,1,450,0,0
1,0,14,0,jm8we6u4,30,1,NaN,2,1,5,1,1,5,7,1,4,4,4,4,1,2,3,9,1,16,14,10,19,12,1,100,8150,1,2,0.5,4,0,3,1,3,3,1,13,21,0,0,3,2,1550,0,0
1,0,14,0,jm8we6u4,30,1,NaN,2,1,5,1,1,5,7,1,4,4,4,4,1,2,3,10,2,14,14,9,13,13,0,0,7850,1,2,1,2,1,1,1,0,3,1,21,25,3,1,4,3,1850,1,1
1,0,14,0,jm8we6u4,30,1,NaN,2,1,5,1,1,5,7,1,4,4,4,4,1,2,3,11,2,14,12,13,16,16,0,0,7250,0,0,0,2,4,4,1,1,1,1,25,27,3,2,8,4,2150,0,0
1,0,14,0,jm8we6u4,30,1,NaN,2,1,5,1,1,5,7,1,4,4,4,4,1,2,3,12,1,18,15,9,14,12,0,0,6950,1,3,0.5,6,0,4,1,4,4,1,27,29,4,3,8,5,2750,0,0
1,0,14,0,jm8we6u4,30,1,NaN,2,1,5,1,1,5,7,1,4,4,4,4,1,2,3,13,1,12,12,7,19,12,0,0,6950,0,0,0,0,0,4,1,0,4,1,29,35,8,4,8,6,3050,0,0
1,0,14,0,jm8we6u4,30,1,NaN,2,1,5,1,1,5,7,1,4,4,4,4,1,2,3,14,2,13,13,8,15,12,0,0,6850,1,1,1,1,0,0,0,0,4,1,35,35,8,5,8,6,3050,0,0
1,0,14,0,jm8we6u4,30,1,NaN,2,1,5,1,1,5,7,1,4,4,4,4,1,2,3,15,2,19,19,12,16,16,0,0,5750,1,7,1,7,4,4,1,0,0,0,35,36,8,6,12,7,3150,0,0
1,0,14,0,nyozlver,58,2,NaN,2,1,5,1,10,10,10,4,5,5,4,5,3,3,3,1,2,11,11,3,11,12,1,0,10000,0,-1,-1,-1,0,0,0,0,0,0,0,0,0,0,0,0,0,0,0
1,0,14,0,nyozlver,58,2,NaN,2,1,5,1,10,10,10,4,5,5,4,5,3,3,3,2,2,12,12,8,12,12,0,0,10000,0,0,0,0,0,0,0,0,0,0,-1,-1,0,0,0,0,0,0,0
1,0,14,0,nyozlver,58,2,NaN,2,1,5,1,10,10,10,4,5,5,4,5,3,3,3,3,2,14,14,10,14,8,1,0,10000,1,2,1,2,0,0,0,0,0,0,-1,-1,0,0,0,0,0,0,0
1,0,14,0,nyozlver,58,2,NaN,2,1,5,1,10,10,10,4,5,5,4,5,3,3,3,4,1,15,15,4,15,12,0,0,10000,1,3,1,3,0,0,0,0,0,0,-1,1,0,0,0,0,0,1,0
1,0,14,0,nyozlver,58,2,NaN,2,1,5,1,10,10,10,4,5,5,4,5,3,3,3,5,1,13,15,13,12,12,0,0,10000,1,3,3,1,0,0,0,0,0,0,1,4,0,0,0,0,0,0,0
1,0,14,0,nyozlver,58,2,NaN,2,1,5,1,10,10,10,4,5,5,4,5,3,3,3,6,1,16,16,11,15,12,0,0,10000,1,4,1,4,0,0,0,0,0,0,4,5,0,0,0,0,0,0,0
1,0,14,0,nyozlver,58,2,NaN,2,1,5,1,10,10,10,4,5,5,4,5,3,3,3,7,2,20,20,7,12,12,0,0,9200,1,8,1,8,0,0,0,0,0,0,5,9,0,0,0,0,0,0,0
1,0,14,0,nyozlver,58,2,NaN,2,1,5,1,10,10,10,4,5,5,4,5,3,3,3,8,1,15,15,1,20,12,0,0,9200,1,3,1,3,0,0,0,0,0,0,9,17,0,0,0,0,800,0,0
1,0,14,0,nyozlver,58,2,NaN,2,1,5,1,10,10,10,4,5,5,4,5,3,3,3,9,2,14,14,11,18,12,0,0,9000,1,2,1,2,0,0,0,0,0,0,17,20,0,0,0,0,800,0,0
1,0,14,0,nyozlver,58,2,NaN,2,1,5,1,10,10,10,4,5,5,4,5,3,3,3,10,2,12,12,7,15,13,0,0,8900,0,0,0,0,1,1,1,0,0,0,20,22,0,0,1,1,1000,0,0
1,0,14,0,nyozlver,58,2,NaN,2,1,5,1,10,10,10,4,5,5,4,5,3,3,3,11,2,14,12,7,18,18,0,0,8100,0,0,0,2,6,6,1,1,1,1,22,22,0,0,7,2,1100,0,0
1,0,14,0,nyozlver,58,2,NaN,2,1,5,1,10,10,10,4,5,5,4,5,3,3,3,12,1,17,17,5,18,12,1,250,7850,1,5,1,5,0,6,1,6,6,1,22,24,1,1,7,3,1900,0,0
1,0,14,0,nyozlver,58,2,NaN,2,1,5,1,10,10,10,4,5,5,4,5,3,3,3,13,1,18,18,8,13,12,0,0,7850,1,6,1,6,0,6,1,0,6,1,24,29,7,2,7,4,2150,1,1
1,0,14,0,nyozlver,58,2,NaN,2,1,5,1,10,10,10,4,5,5,4,5,3,3,3,14,2,13,13,5,14,12,0,0,7750,1,1,1,1,0,0,0,0,6,1,29,35,7,3,7,4,2150,0,0
1,0,14,0,nyozlver,58,2,NaN,2,1,5,1,10,10,10,4,5,5,4,5,3,3,3,15,2,19,14,7,16,16,0,0,6650,1,2,0.285714285714286,7,4,4,1,0,0,0,35,36,7,4,11,5,2250,0,0
1,0,14,0,e0jp0n3g,66,2,NaN,2,0,1,2,8,1,10,1,1,2,2,1,3,1,3,1,1,11,12,9,12,12,0,0,10000,0,0,0,-1,0,0,0,0,0,0,0,0,0,0,0,0,0,0,0
1,0,14,0,e0jp0n3g,66,2,NaN,2,0,1,2,8,1,10,1,1,2,2,1,3,1,3,2,2,15,3,5,14,12,0,0,9700,0,-9,-3,3,0,0,0,0,0,0,-1,-1,0,0,0,0,0,0,0
1,0,14,0,e0jp0n3g,66,2,NaN,2,0,1,2,8,1,10,1,1,2,2,1,3,1,3,3,1,12,12,6,15,12,0,0,9700,0,0,0,0,0,0,0,0,0,0,-1,2,0,0,0,0,300,0,0
1,0,14,0,e0jp0n3g,66,2,NaN,2,0,1,2,8,1,10,1,1,2,2,1,3,1,3,4,1,13,8,9,14,12,0,0,9200,0,-4,-4,1,0,0,0,0,0,0,2,2,0,0,0,0,300,0,0
1,0,14,0,e0jp0n3g,66,2,NaN,2,0,1,2,8,1,10,1,1,2,2,1,3,1,3,5,1,14,12,10,15,12,1,0,9000,0,0,0,2,0,0,0,0,0,0,2,3,0,0,0,0,800,0,0
1,0,14,0,e0jp0n3g,66,2,NaN,2,0,1,2,8,1,10,1,1,2,2,1,3,1,3,6,1,14,5,1,17,12,0,0,8100,0,-7,-3.5,2,0,0,0,0,0,0,3,5,0,0,0,0,1000,1,0
1,0,14,0,e0jp0n3g,66,2,NaN,2,0,1,2,8,1,10,1,1,2,2,1,3,1,3,7,1,13,12,9,17,12,0,0,8000,0,0,0,1,0,0,0,0,0,0,5,7,0,0,0,0,1900,0,0
1,0,14,0,e0jp0n3g,66,2,NaN,2,0,1,2,8,1,10,1,1,2,2,1,3,1,3,8,1,19,12,12,18,12,0,0,7300,0,0,0,7,0,0,0,0,0,0,7,8,0,0,0,0,2000,0,0
1,0,14,0,e0jp0n3g,66,2,NaN,2,0,1,2,8,1,10,1,1,2,2,1,3,1,3,9,1,20,4,12,17,12,1,0,5700,0,-8,-1,8,0,0,0,0,0,0,8,15,0,0,0,0,2700,0,0
1,0,14,0,e0jp0n3g,66,2,NaN,2,0,1,2,8,1,10,1,1,2,2,1,3,1,3,10,2,15,12,8,12,12,0,0,5400,0,0,0,3,0,0,0,0,0,0,15,23,0,0,0,0,4300,1,0
1,0,14,0,e0jp0n3g,66,2,NaN,2,0,1,2,8,1,10,1,1,2,2,1,3,1,3,11,2,14,9,11,19,12,1,0,5200,0,-3,-1.5,2,0,0,0,0,0,0,23,26,0,0,0,0,4600,0,0
1,0,14,0,e0jp0n3g,66,2,NaN,2,0,1,2,8,1,10,1,1,2,2,1,3,1,3,12,2,16,12,5,18,16,0,0,4400,0,0,0,4,4,4,1,0,0,0,26,28,0,0,4,1,4800,1,0
1,0,14,0,e0jp0n3g,66,2,NaN,2,0,1,2,8,1,10,1,1,2,2,1,3,1,3,13,1,18,6,4,16,12,0,0,3200,0,-6,-1,6,0,4,1,4,4,1,28,32,0,0,4,2,5600,0,0
1,0,14,0,e0jp0n3g,66,2,NaN,2,0,1,2,8,1,10,1,1,2,2,1,3,1,3,14,2,17,5,6,17,12,0,0,2700,0,-7,-1.4,5,0,0,0,0,4,1,32,38,4,1,4,2,6800,0,0
1,0,14,0,e0jp0n3g,66,2,NaN,2,0,1,2,8,1,10,1,1,2,2,1,3,1,3,15,1,12,1,8,17,12,0,0,1600,0,-11,-11,0,0,0,0,0,0,0,38,43,4,2,4,2,7300,0,0
1,0,14,0,w8m9ijqr,57,2,NaN,2,0,2,2,10,8,8,5,5,5,5,5,3,3,3,1,2,13,12,1,13,12,0,0,9900,0,0,0,1,0,0,0,0,0,0,0,0,0,0,0,0,0,0,0
1,0,14,0,w8m9ijqr,57,2,NaN,2,0,2,2,10,8,8,5,5,5,5,5,3,3,3,2,1,12,9,11,12,12,0,0,9600,0,-3,-3,0,0,0,0,0,0,0,1,1,0,0,0,0,100,0,0
1,0,14,0,w8m9ijqr,57,2,NaN,2,0,2,2,10,8,8,5,5,5,5,5,3,3,3,3,1,11,9,11,11,12,0,0,9400,0,-3,-3,-1,0,0,0,0,0,0,1,1,0,0,0,0,400,0,0
1,0,14,0,w8m9ijqr,57,2,NaN,2,0,2,2,10,8,8,5,5,5,5,5,3,3,3,4,2,15,10,2,15,15,0,0,8800,0,-2,-0.666666666666667,3,3,3,1,0,0,0,1,0,0,0,3,1,600,0,0
1,0,14,0,w8m9ijqr,57,2,NaN,2,0,2,2,10,8,8,5,5,5,5,5,3,3,3,5,1,14,11,9,15,12,1,0,8500,0,-1,-0.5,2,0,3,1,3,3,1,0,3,0,0,3,2,1200,0,0
1,0,14,0,w8m9ijqr,57,2,NaN,2,0,2,2,10,8,8,5,5,5,5,5,3,3,3,6,1,18,12,1,17,12,0,0,7900,0,0,0,6,0,3,1,0,3,1,3,5,3,1,3,3,1500,1,0
1,0,14,0,w8m9ijqr,57,2,NaN,2,0,2,2,10,8,8,5,5,5,5,5,3,3,3,7,2,17,9,6,19,12,0,0,7400,0,-3,-0.6,5,0,0,0,0,3,1,5,11,3,2,3,3,2100,0,0
1,0,14,0,w8m9ijqr,57,2,NaN,2,0,2,2,10,8,8,5,5,5,5,5,3,3,3,8,2,12,8,13,15,13,0,0,7300,0,-4,-4,0,1,1,1,0,0,0,11,16,3,3,4,4,2600,0,0
1,0,14,0,w8m9ijqr,57,2,NaN,2,0,2,2,10,8,8,5,5,5,5,5,3,3,3,9,1,15,10,11,18,12,0,0,6800,0,-2,-0.666666666666667,3,0,1,1,1,1,1,16,16,3,3,4,5,2700,0,0
1,0,14,0,w8m9ijqr,57,2,NaN,2,0,2,2,10,8,8,5,5,5,5,5,3,3,3,10,2,14,13,11,14,12,1,0,6600,1,1,0.5,2,0,0,0,0,1,1,16,19,4,4,4,5,3200,0,0
1,0,14,0,w8m9ijqr,57,2,NaN,2,0,2,2,10,8,8,5,5,5,5,5,3,3,3,11,2,19,15,10,15,16,0,0,5500,1,3,0.428571428571429,7,4,4,1,0,0,0,19,21,4,5,8,6,3400,1,0
1,0,14,0,w8m9ijqr,57,2,NaN,2,0,2,2,10,8,8,5,5,5,5,5,3,3,3,12,2,14,12,7,14,14,0,0,5100,0,0,0,2,2,2,1,4,4,1,21,28,4,5,10,7,4500,0,0
1,0,14,0,w8m9ijqr,57,2,NaN,2,0,2,2,10,8,8,5,5,5,5,5,3,3,3,13,2,16,14,3,18,6,1,0,5100,1,2,0.5,4,0,0,0,2,2,1,28,30,8,6,10,7,4900,0,0
1,0,14,0,w8m9ijqr,57,2,NaN,2,0,2,2,10,8,8,5,5,5,5,5,3,3,3,14,1,20,15,7,13,12,1,150,4450,1,3,0.375,8,0,0,0,0,0,0,30,34,10,7,10,7,4900,1,0
1,0,14,0,w8m9ijqr,57,2,NaN,2,0,2,2,10,8,8,5,5,5,5,5,3,3,3,15,2,13,8,11,20,12,0,0,4350,0,-4,-4,1,0,0,0,0,0,0,34,42,10,7,10,7,5550,1,1
1,0,14,0,bwzq73tp,54,2,NaN,2,0,1,2,8,10,10,2,1,1,5,5,3,3,3,1,1,11,11,10,11,12,0,0,10000,0,-1,-1,-1,0,0,0,0,0,0,0,0,0,0,0,0,0,0,0
1,0,14,0,bwzq73tp,54,2,NaN,2,0,1,2,8,10,10,2,1,1,5,5,3,3,3,2,2,14,12,13,15,11,0,0,9900,0,0,0,2,0,0,0,0,0,0,-1,-1,0,0,0,0,0,0,0
1,0,14,0,bwzq73tp,54,2,NaN,2,0,1,2,8,10,10,2,1,1,5,5,3,3,3,3,1,15,12,12,14,12,0,0,9600,0,0,0,3,0,0,0,0,0,0,-1,1,0,0,0,0,100,0,0
1,0,14,0,bwzq73tp,54,2,NaN,2,0,1,2,8,10,10,2,1,1,5,5,3,3,3,4,1,12,12,6,12,12,0,0,9600,0,0,0,0,0,0,0,0,0,0,1,4,0,0,0,0,400,0,0
1,0,14,0,bwzq73tp,54,2,NaN,2,0,1,2,8,10,10,2,1,1,5,5,3,3,3,5,1,13,12,1,11,12,0,0,9500,0,0,0,1,0,0,0,0,0,0,4,4,0,0,0,0,400,0,0
1,0,14,0,bwzq73tp,54,2,NaN,2,0,1,2,8,10,10,2,1,1,5,5,3,3,3,6,2,17,12,7,14,12,1,0,9000,0,0,0,5,0,0,0,0,0,0,4,5,0,0,0,0,500,0,0
1,0,14,0,bwzq73tp,54,2,NaN,2,0,1,2,8,10,10,2,1,1,5,5,3,3,3,7,2,20,12,8,16,16,0,0,7800,0,0,0,8,4,4,1,0,0,0,5,10,0,0,4,1,1000,1,0
1,0,14,0,bwzq73tp,54,2,NaN,2,0,1,2,8,10,10,2,1,1,5,5,3,3,3,8,2,19,12,8,18,18,0,0,6500,0,0,0,7,6,6,1,4,4,1,10,18,0,0,10,2,2200,0,0
1,0,14,0,bwzq73tp,54,2,NaN,2,0,1,2,8,10,10,2,1,1,5,5,3,3,3,9,2,13,12,13,17,13,0,0,6300,0,0,0,1,1,1,1,6,6,1,18,25,4,1,11,3,3500,0,0
1,0,14,0,bwzq73tp,54,2,NaN,2,0,1,2,8,10,10,2,1,1,5,5,3,3,3,10,2,15,12,13,18,15,0,0,5700,0,0,0,3,3,3,1,1,1,1,25,26,10,2,14,4,3700,0,0
1,0,14,0,bwzq73tp,54,2,NaN,2,0,1,2,8,10,10,2,1,1,5,5,3,3,3,11,1,14,12,10,15,12,1,0,5500,0,0,0,2,0,3,1,3,3,1,26,29,11,3,14,5,4300,0,0
1,0,14,0,bwzq73tp,54,2,NaN,2,0,1,2,8,10,10,2,1,1,5,5,3,3,3,12,1,18,16,3,16,12,0,0,5300,1,4,0.666666666666667,6,0,3,1,0,3,1,29,31,14,4,14,6,4500,1,0
1,0,14,0,bwzq73tp,54,2,NaN,2,0,1,2,8,10,10,2,1,1,5,5,3,3,3,13,1,12,12,12,15,12,0,0,5300,0,0,0,0,0,3,1,0,3,1,31,37,14,5,14,7,4700,0,0
1,0,14,0,bwzq73tp,54,2,NaN,2,0,1,2,8,10,10,2,1,1,5,5,3,3,3,14,1,14,12,2,13,12,0,0,5100,0,0,0,2,0,3,1,0,3,1,37,37,14,6,14,8,4700,0,0
1,0,14,0,bwzq73tp,54,2,NaN,2,0,1,2,8,10,10,2,1,1,5,5,3,3,3,15,2,16,14,10,16,18,0,0,4100,1,2,0.5,4,6,6,1,0,3,1,37,39,14,7,20,9,4900,0,0
1,0,14,0,i8odb8zc,56,2,NaN,2,1,1,2,5,8,8,2,5,5,4,5,2,3,3,1,1,13,12,8,13,12,0,0,9900,0,0,0,1,0,0,0,0,0,0,0,0,0,0,0,0,0,0,0
1,0,14,0,i8odb8zc,56,2,NaN,2,1,1,2,5,8,8,2,5,5,4,5,2,3,3,2,2,11,11,1,15,15,0,0,9700,0,-1,-1,-1,3,3,1,0,0,0,1,1,0,0,0,0,100,0,0
1,0,14,0,i8odb8zc,56,2,NaN,2,1,1,2,5,8,8,2,5,5,4,5,2,3,3,3,2,15,12,3,12,12,0,0,9400,0,0,0,3,0,0,0,3,3,1,1,0,0,0,3,1,300,0,0
1,0,14,0,i8odb8zc,56,2,NaN,2,1,1,2,5,8,8,2,5,5,4,5,2,3,3,4,1,12,12,1,14,12,0,0,9400,0,0,0,0,0,0,0,0,0,0,0,3,3,1,3,1,600,0,0
1,0,14,0,i8odb8zc,56,2,NaN,2,1,1,2,5,8,8,2,5,5,4,5,2,3,3,5,1,14,14,7,15,12,0,0,9400,1,2,1,2,0,0,0,0,0,0,3,3,3,1,3,1,600,0,0
1,0,14,0,i8odb8zc,56,2,NaN,2,1,1,2,5,8,8,2,5,5,4,5,2,3,3,6,1,15,12,12,14,12,0,0,9100,0,0,0,3,0,0,0,0,0,0,3,5,3,1,3,1,600,0,0
1,0,14,0,i8odb8zc,56,2,NaN,2,1,1,2,5,8,8,2,5,5,4,5,2,3,3,7,1,19,12,4,17,12,1,0,8400,0,0,0,7,0,0,0,0,0,0,5,8,3,1,3,1,900,0,0
1,0,14,0,i8odb8zc,56,2,NaN,2,1,1,2,5,8,8,2,5,5,4,5,2,3,3,8,2,18,12,11,17,12,1,0,7800,0,0,0,6,0,0,0,0,0,0,8,15,3,1,3,1,1600,1,0
1,0,14,0,i8odb8zc,56,2,NaN,2,1,1,2,5,8,8,2,5,5,4,5,2,3,3,9,1,16,12,7,17,12,0,0,7400,0,0,0,4,0,0,0,0,0,0,15,21,3,1,3,1,2200,1,0
1,0,14,0,i8odb8zc,56,2,NaN,2,1,1,2,5,8,8,2,5,5,4,5,2,3,3,10,1,12,12,10,20,12,0,0,7400,0,0,0,0,0,0,0,0,0,0,21,25,3,1,3,1,2600,0,0
1,0,14,0,i8odb8zc,56,2,NaN,2,1,1,2,5,8,8,2,5,5,4,5,2,3,3,11,2,14,12,8,20,12,0,0,7200,0,0,0,2,0,0,0,0,0,0,25,25,3,1,3,1,2600,0,0
1,0,14,0,i8odb8zc,56,2,NaN,2,1,1,2,5,8,8,2,5,5,4,5,2,3,3,12,2,20,12,8,19,12,0,0,6400,0,0,0,8,0,0,0,0,0,0,25,27,3,1,3,1,2800,0,0
1,0,14,0,i8odb8zc,56,2,NaN,2,1,1,2,5,8,8,2,5,5,4,5,2,3,3,13,1,14,12,9,18,12,0,0,6200,0,0,0,2,0,0,0,0,0,0,27,35,3,1,3,1,3600,0,0
1,0,14,0,i8odb8zc,56,2,NaN,2,1,1,2,5,8,8,2,5,5,4,5,2,3,3,14,1,17,12,3,17,12,0,0,5700,0,0,0,5,0,0,0,0,0,0,35,37,3,1,3,1,3800,0,0
1,0,14,0,i8odb8zc,56,2,NaN,2,1,1,2,5,8,8,2,5,5,4,5,2,3,3,15,1,13,12,9,20,12,0,0,5600,0,0,0,1,0,0,0,0,0,0,37,42,3,1,3,1,4300,0,0
1,0,14,0,52h9gt5v,61,2,NaN,2,1,3,1,5,5,6,4,4,5,4,4,2,2,2,1,2,14,14,13,11,11,0,0,9900,1,2,1,2,0,0,0,0,0,0,0,0,0,0,0,0,0,0,0
1,0,14,0,52h9gt5v,61,2,NaN,2,1,3,1,5,5,6,4,4,5,4,4,2,2,2,2,2,11,11,12,15,10,0,0,9900,0,-1,-1,-1,0,0,0,0,0,0,2,2,0,0,0,0,100,0,0
1,0,14,0,52h9gt5v,61,2,NaN,2,1,3,1,5,5,6,4,4,5,4,4,2,2,2,3,2,13,13,1,12,12,0,0,9800,1,1,1,1,0,0,0,0,0,0,2,1,0,0,0,0,100,0,0
1,0,14,0,52h9gt5v,61,2,NaN,2,1,3,1,5,5,6,4,4,5,4,4,2,2,2,4,1,12,12,13,14,12,0,0,9800,0,0,0,0,0,0,0,0,0,0,1,2,0,0,0,0,200,0,0
1,0,14,0,52h9gt5v,61,2,NaN,2,1,3,1,5,5,6,4,4,5,4,4,2,2,2,5,2,15,15,6,14,14,0,0,9300,1,3,1,3,2,2,1,0,0,0,2,2,0,0,2,1,200,0,0
1,0,14,0,52h9gt5v,61,2,NaN,2,1,3,1,5,5,6,4,4,5,4,4,2,2,2,6,1,14,12,5,17,12,0,0,9100,0,0,0,2,0,2,1,2,2,1,2,5,0,0,2,2,700,0,0
1,0,14,0,52h9gt5v,61,2,NaN,2,1,3,1,5,5,6,4,4,5,4,4,2,2,2,7,1,12,12,2,20,12,0,0,9100,0,0,0,0,0,2,1,0,2,1,5,7,2,1,2,3,900,0,0
1,0,14,0,52h9gt5v,61,2,NaN,2,1,3,1,5,5,6,4,4,5,4,4,2,2,2,8,2,20,20,9,12,12,0,0,8300,1,8,1,8,0,0,0,0,2,1,7,7,2,2,2,3,900,0,0
1,0,14,0,52h9gt5v,61,2,NaN,2,1,3,1,5,5,6,4,4,5,4,4,2,2,2,9,2,17,17,6,16,12,0,0,7800,1,5,1,5,0,0,0,0,0,0,7,15,2,3,2,3,1700,0,0
1,0,14,0,52h9gt5v,61,2,NaN,2,1,3,1,5,5,6,4,4,5,4,4,2,2,2,10,1,15,13,2,12,12,1,50,7550,1,1,0.333333333333333,3,0,0,0,0,0,0,15,20,2,3,2,3,2200,0,0
1,0,14,0,52h9gt5v,61,2,NaN,2,1,3,1,5,5,6,4,4,5,4,4,2,2,2,11,1,18,18,2,14,12,0,0,7550,1,6,1,6,0,0,0,0,0,0,20,23,2,3,2,3,2450,1,1
1,0,14,0,52h9gt5v,61,2,NaN,2,1,3,1,5,5,6,4,4,5,4,4,2,2,2,12,1,14,14,4,14,12,0,0,7550,1,2,1,2,0,0,0,0,0,0,23,29,2,3,2,3,2450,0,0
1,0,14,0,52h9gt5v,61,2,NaN,2,1,3,1,5,5,6,4,4,5,4,4,2,2,2,13,2,19,19,1,12,12,0,0,6850,1,7,1,7,0,0,0,0,0,0,29,31,2,3,2,3,2450,0,0
1,0,14,0,52h9gt5v,61,2,NaN,2,1,3,1,5,5,6,4,4,5,4,4,2,2,2,14,2,13,13,4,20,15,0,0,6450,1,1,1,1,3,3,1,0,0,0,31,38,2,3,5,4,3150,0,0
1,0,14,0,52h9gt5v,61,2,NaN,2,1,3,1,5,5,6,4,4,5,4,4,2,2,2,15,1,16,16,2,19,12,0,0,6450,1,4,1,4,0,3,1,3,3,1,38,39,2,3,5,5,3550,0,0
1,0,14,0,srtba0gp,72,2,NaN,2,0,2,2,10,10,10,2,2,2,2,2,3,3,3,1,2,13,12,6,13,12,1,0,9900,0,0,0,1,0,0,0,0,0,0,0,0,0,0,0,0,0,0,0
1,0,14,0,srtba0gp,72,2,NaN,2,0,2,2,10,10,10,2,2,2,2,2,3,3,3,2,1,12,12,2,12,12,1,0,9900,0,0,0,0,0,0,0,0,0,0,1,1,0,0,0,0,100,0,0
1,0,14,0,srtba0gp,72,2,NaN,2,0,2,2,10,10,10,2,2,2,2,2,3,3,3,3,2,11,11,3,12,12,0,0,9900,0,-1,-1,-1,0,0,0,0,0,0,1,1,0,0,0,0,100,0,0
1,0,14,0,srtba0gp,72,2,NaN,2,0,2,2,10,10,10,2,2,2,2,2,3,3,3,4,1,15,12,11,13,12,1,0,9600,0,0,0,3,0,0,0,0,0,0,1,0,0,0,0,0,100,0,0
1,0,14,0,srtba0gp,72,2,NaN,2,0,2,2,10,10,10,2,2,2,2,2,3,3,3,5,2,14,14,7,15,15,0,0,9100,1,2,1,2,3,3,1,0,0,0,0,3,0,0,3,1,400,1,0
1,0,14,0,srtba0gp,72,2,NaN,2,0,2,2,10,10,10,2,2,2,2,2,3,3,3,6,1,14,14,13,14,12,0,0,9100,1,2,1,2,0,3,1,3,3,1,3,5,0,0,3,2,900,0,0
1,0,14,0,srtba0gp,72,2,NaN,2,0,2,2,10,10,10,2,2,2,2,2,3,3,3,7,1,16,16,5,20,12,0,0,9100,1,4,1,4,0,3,1,0,3,1,5,7,3,1,3,3,900,0,0
1,0,14,0,srtba0gp,72,2,NaN,2,0,2,2,10,10,10,2,2,2,2,2,3,3,3,8,1,18,18,5,19,12,1,300,8800,1,6,1,6,0,3,1,0,3,1,7,11,3,2,3,4,900,0,0
1,0,14,0,srtba0gp,72,2,NaN,2,0,2,2,10,10,10,2,2,2,2,2,3,3,3,9,2,14,14,9,19,12,0,0,8600,1,2,1,2,0,0,0,0,3,1,11,17,3,3,3,4,1200,1,1
1,0,14,0,srtba0gp,72,2,NaN,2,0,2,2,10,10,10,2,2,2,2,2,3,3,3,10,1,12,12,3,15,12,0,0,8600,0,0,0,0,0,0,0,0,0,0,17,19,3,4,3,4,1400,0,0
1,0,14,0,srtba0gp,72,2,NaN,2,0,2,2,10,10,10,2,2,2,2,2,3,3,3,11,1,20,12,6,14,12,0,0,7800,0,0,0,8,0,0,0,0,0,0,19,19,3,4,3,4,1400,0,0
1,0,14,0,srtba0gp,72,2,NaN,2,0,2,2,10,10,10,2,2,2,2,2,3,3,3,12,1,19,12,6,20,12,0,0,7100,0,0,0,7,0,0,0,0,0,0,19,27,3,4,3,4,2200,0,0
1,0,14,0,srtba0gp,72,2,NaN,2,0,2,2,10,10,10,2,2,2,2,2,3,3,3,13,2,13,13,2,18,18,0,0,6400,1,1,1,1,6,6,1,0,0,0,27,34,3,4,9,5,2900,0,0
1,0,14,0,srtba0gp,72,2,NaN,2,0,2,2,10,10,10,2,2,2,2,2,3,3,3,14,1,15,12,1,13,12,0,0,6100,0,0,0,3,0,6,1,6,6,1,34,35,3,4,9,6,3600,0,0
1,0,14,0,srtba0gp,72,2,NaN,2,0,2,2,10,10,10,2,2,2,2,2,3,3,3,15,1,17,12,13,20,12,0,0,5600,0,0,0,5,0,6,1,0,6,1,35,38,9,5,9,7,3900,0,0
1,0,14,0,gquwkn7n,51,2,NaN,2,0,3,1,6,6,7,4,4,5,5,5,2,2,3,1,2,12,12,3,11,12,0,0,10000,0,0,0,0,0,0,0,0,0,0,0,0,0,0,0,0,0,0,0
1,0,14,0,gquwkn7n,51,2,NaN,2,0,3,1,6,6,7,4,4,5,5,5,2,2,3,2,2,13,12,10,12,6,0,0,10000,0,0,0,1,0,0,0,0,0,0,0,0,0,0,0,0,0,0,0
1,0,14,0,gquwkn7n,51,2,NaN,2,0,3,1,6,6,7,4,4,5,5,5,2,2,3,3,2,11,11,13,13,11,0,0,10000,0,-1,-1,-1,0,0,0,0,0,0,0,1,0,0,0,0,0,0,0
1,0,14,0,gquwkn7n,51,2,NaN,2,0,3,1,6,6,7,4,4,5,5,5,2,2,3,4,2,14,14,3,13,8,0,0,10000,1,2,1,2,0,0,0,0,0,0,1,0,0,0,0,0,0,0,0
1,0,14,0,gquwkn7n,51,2,NaN,2,0,3,1,6,6,7,4,4,5,5,5,2,2,3,5,2,15,12,4,14,11,0,0,9800,0,0,0,3,0,0,0,0,0,0,0,2,0,0,0,0,0,0,0
1,0,14,0,gquwkn7n,51,2,NaN,2,0,3,1,6,6,7,4,4,5,5,5,2,2,3,6,1,14,14,10,14,12,0,0,9800,1,2,1,2,0,0,0,0,0,0,2,5,0,0,0,0,200,0,0
1,0,14,0,gquwkn7n,51,2,NaN,2,0,3,1,6,6,7,4,4,5,5,5,2,2,3,7,2,17,14,3,13,12,0,0,9300,1,2,0.4,5,0,0,0,0,0,0,5,7,0,0,0,0,200,0,0
1,0,14,0,gquwkn7n,51,2,NaN,2,0,3,1,6,6,7,4,4,5,5,5,2,2,3,8,1,12,12,7,20,12,0,0,9300,0,0,0,0,0,0,0,0,0,0,7,12,0,0,0,0,700,0,0
1,0,14,0,gquwkn7n,51,2,NaN,2,0,3,1,6,6,7,4,4,5,5,5,2,2,3,9,1,19,12,8,14,12,0,0,8600,0,0,0,7,0,0,0,0,0,0,12,12,0,0,0,0,700,0,0
1,0,14,0,gquwkn7n,51,2,NaN,2,0,3,1,6,6,7,4,4,5,5,5,2,2,3,10,1,13,13,1,14,12,0,0,8600,1,1,1,1,0,0,0,0,0,0,12,19,0,0,0,0,1400,0,0
1,0,14,0,gquwkn7n,51,2,NaN,2,0,3,1,6,6,7,4,4,5,5,5,2,2,3,11,1,16,16,12,19,12,0,0,8600,1,4,1,4,0,0,0,0,0,0,19,20,0,0,0,0,1400,0,0
1,0,14,0,gquwkn7n,51,2,NaN,2,0,3,1,6,6,7,4,4,5,5,5,2,2,3,12,2,14,14,1,18,15,0,0,8100,1,2,1,2,3,3,1,0,0,0,20,24,0,0,3,1,1400,0,0
1,0,14,0,gquwkn7n,51,2,NaN,2,0,3,1,6,6,7,4,4,5,5,5,2,2,3,13,1,18,12,10,12,12,1,0,7500,0,0,0,6,0,3,1,3,3,1,24,26,0,0,3,2,1900,0,0
1,0,14,0,gquwkn7n,51,2,NaN,2,0,3,1,6,6,7,4,4,5,5,5,2,2,3,14,2,15,15,13,12,12,0,0,7200,1,3,1,3,0,0,0,0,3,1,26,32,3,1,3,2,2500,1,0
1,0,14,0,gquwkn7n,51,2,NaN,2,0,3,1,6,6,7,4,4,5,5,5,2,2,3,15,2,20,15,6,13,12,0,0,6400,1,3,0.375,8,0,0,0,0,0,0,32,35,3,2,3,2,2800,0,0
1,0,14,0,78lij79v,43,1,NaN,2,0,1,2,2,1,2,4,4,3,5,3,1,1,1,1,2,11,5,5,11,11,1,0,10000,0,-7,-7,-1,0,0,0,0,0,0,0,0,0,0,0,0,0,0,0
1,0,14,0,78lij79v,43,1,NaN,2,0,1,2,2,1,2,4,4,3,5,3,1,1,1,2,1,12,6,9,13,12,1,0,9400,0,-6,-6,0,0,0,0,0,0,0,-1,-1,0,0,0,0,0,0,0
1,0,14,0,78lij79v,43,1,NaN,2,0,1,2,2,1,2,4,4,3,5,3,1,1,1,3,1,14,8,2,14,12,0,0,8800,0,-4,-2,2,0,0,0,0,0,0,-1,-1,0,0,0,0,600,0,0
1,0,14,0,78lij79v,43,1,NaN,2,0,1,2,2,1,2,4,4,3,5,3,1,1,1,4,2,13,10,12,12,12,0,0,8700,0,-2,-2,1,0,0,0,0,0,0,-1,1,0,0,0,0,1200,0,0
1,0,14,0,78lij79v,43,1,NaN,2,0,1,2,2,1,2,4,4,3,5,3,1,1,1,5,2,15,14,3,14,12,1,0,8400,1,2,0.666666666666667,3,0,0,0,0,0,0,1,2,0,0,0,0,1300,0,0
1,0,14,0,78lij79v,43,1,NaN,2,0,1,2,2,1,2,4,4,3,5,3,1,1,1,6,2,14,14,9,14,14,0,0,8000,1,2,1,2,2,2,1,0,0,0,2,5,0,0,2,1,1600,1,0
1,0,14,0,78lij79v,43,1,NaN,2,0,1,2,2,1,2,4,4,3,5,3,1,1,1,7,2,13,13,12,14,14,0,0,7700,1,1,1,1,2,2,1,2,2,1,5,7,0,0,4,2,2000,0,0
1,0,14,0,78lij79v,43,1,NaN,2,0,1,2,2,1,2,4,4,3,5,3,1,1,1,8,2,17,18,12,18,18,1,0,6600,1,6,1.2,5,6,6,1,2,2,1,7,8,2,1,10,3,2300,0,0
1,0,14,0,78lij79v,43,1,NaN,2,0,1,2,2,1,2,4,4,3,5,3,1,1,1,9,2,19,19,1,16,14,1,0,5700,1,7,1,7,2,2,1,6,6,1,8,13,4,2,12,4,3400,1,0
1,0,14,0,78lij79v,43,1,NaN,2,0,1,2,2,1,2,4,4,3,5,3,1,1,1,10,2,20,23,6,12,12,0,0,4900,1,11,1.375,8,0,0,0,2,2,1,13,20,10,3,12,4,4300,1,0
1,0,14,0,78lij79v,43,1,NaN,2,0,1,2,2,1,2,4,4,3,5,3,1,1,1,11,2,15,16,5,14,12,0,0,4600,1,4,1.33333333333333,3,0,0,0,0,0,0,20,28,12,4,12,4,5100,0,0
1,0,14,0,78lij79v,43,1,NaN,2,0,1,2,2,1,2,4,4,3,5,3,1,1,1,12,2,14,16,12,20,12,0,0,4400,1,4,2,2,0,0,0,0,0,0,28,31,12,4,12,4,5400,0,0
1,0,14,0,78lij79v,43,1,NaN,2,0,1,2,2,1,2,4,4,3,5,3,1,1,1,13,2,12,10,9,18,12,0,0,4400,0,-2,-2,0,0,0,0,0,0,0,31,33,12,4,12,4,5600,0,0
1,0,14,0,78lij79v,43,1,NaN,2,0,1,2,2,1,2,4,4,3,5,3,1,1,1,14,2,18,19,11,13,12,0,0,3800,1,7,1.16666666666667,6,0,0,0,0,0,0,33,33,12,4,12,4,5600,0,0
1,0,14,0,78lij79v,43,1,NaN,2,0,1,2,2,1,2,4,4,3,5,3,1,1,1,15,1,16,18,5,16,12,0,0,3800,1,6,1.5,4,0,0,0,0,0,0,33,39,12,4,12,4,6200,0,0
1,0,14,0,8ui7a8pl,58,2,NaN,2,0,2,2,5,4,7,5,5,5,5,5,2,2,3,1,1,15,12,12,11,12,0,0,9700,0,0,0,3,0,0,0,0,0,0,0,0,0,0,0,0,0,0,0
1,0,14,0,8ui7a8pl,58,2,NaN,2,0,2,2,5,4,7,5,5,5,5,5,2,2,3,2,2,12,12,4,12,9,0,0,9700,0,0,0,0,0,0,0,0,0,0,3,3,0,0,0,0,300,0,0
1,0,14,0,8ui7a8pl,58,2,NaN,2,0,2,2,5,4,7,5,5,5,5,5,2,2,3,3,2,11,11,4,11,9,0,0,9700,0,-1,-1,-1,0,0,0,0,0,0,3,3,0,0,0,0,300,0,0
1,0,14,0,8ui7a8pl,58,2,NaN,2,0,2,2,5,4,7,5,5,5,5,5,2,2,3,4,2,13,12,8,15,12,0,0,9600,0,0,0,1,0,0,0,0,0,0,3,2,0,0,0,0,300,0,0
1,0,14,0,8ui7a8pl,58,2,NaN,2,0,2,2,5,4,7,5,5,5,5,5,2,2,3,5,2,14,12,12,13,12,0,0,9400,0,0,0,2,0,0,0,0,0,0,2,3,0,0,0,0,400,0,0
1,0,14,0,8ui7a8pl,58,2,NaN,2,0,2,2,5,4,7,5,5,5,5,5,2,2,3,6,2,15,12,2,16,16,1,0,8700,0,0,0,3,4,4,1,0,0,0,3,5,0,0,4,1,600,0,0
1,0,14,0,8ui7a8pl,58,2,NaN,2,0,2,2,5,4,7,5,5,5,5,5,2,2,3,7,1,12,12,7,12,12,0,0,8700,0,0,0,0,0,4,1,4,4,1,5,8,0,0,4,2,1300,1,0
1,0,14,0,8ui7a8pl,58,2,NaN,2,0,2,2,5,4,7,5,5,5,5,5,2,2,3,8,1,17,12,6,18,12,0,0,8200,0,0,0,5,0,4,1,0,4,1,8,8,4,1,4,3,1300,0,0
1,0,14,0,8ui7a8pl,58,2,NaN,2,0,2,2,5,4,7,5,5,5,5,5,2,2,3,9,1,18,12,2,14,12,0,0,7600,0,0,0,6,0,4,1,0,4,1,8,13,4,2,4,4,1800,0,0
1,0,14,0,8ui7a8pl,58,2,NaN,2,0,2,2,5,4,7,5,5,5,5,5,2,2,3,10,1,14,12,4,14,12,0,0,7400,0,0,0,2,0,4,1,0,4,1,13,19,4,3,4,5,2400,0,0
1,0,14,0,8ui7a8pl,58,2,NaN,2,0,2,2,5,4,7,5,5,5,5,5,2,2,3,11,1,19,12,3,14,12,0,0,6700,0,0,0,7,0,4,1,0,4,1,19,21,4,4,4,6,2600,0,0
1,0,14,0,8ui7a8pl,58,2,NaN,2,0,2,2,5,4,7,5,5,5,5,5,2,2,3,12,2,16,12,13,13,13,0,0,6200,0,0,0,4,1,1,1,0,4,1,21,28,4,5,5,7,3300,0,0
1,0,14,0,8ui7a8pl,58,2,NaN,2,0,2,2,5,4,7,5,5,5,5,5,2,2,3,13,1,14,16,13,14,12,0,0,6200,1,4,2,2,0,1,1,1,1,1,28,32,4,6,5,8,3800,0,0
1,0,14,0,8ui7a8pl,58,2,NaN,2,0,2,2,5,4,7,5,5,5,5,5,2,2,3,14,1,13,12,10,18,12,0,0,6100,0,0,0,1,0,1,1,0,1,1,32,34,5,7,5,9,3800,0,0
1,0,14,0,8ui7a8pl,58,2,NaN,2,0,2,2,5,4,7,5,5,5,5,5,2,2,3,15,1,20,12,4,13,12,0,0,5300,0,0,0,8,0,1,1,0,1,1,34,35,5,8,5,10,3900,0,0
1,0,14,0,caxquwav,37,1,NaN,2,1,2,2,3,4,10,5,5,5,5,5,1,2,3,1,2,11,4,11,15,12,0,0,10000,0,-8,-8,-1,0,0,0,0,0,0,0,0,0,0,0,0,0,0,0
1,0,14,0,caxquwav,37,1,NaN,2,1,2,2,3,4,10,5,5,5,5,5,1,2,3,2,1,15,10,7,11,12,1,0,9500,0,-2,-0.666666666666667,3,0,0,0,0,0,0,-1,-1,0,0,0,0,0,0,0
1,0,14,0,caxquwav,37,1,NaN,2,1,2,2,3,4,10,5,5,5,5,5,1,2,3,3,2,14,14,5,15,12,0,0,9300,1,2,1,2,0,0,0,0,0,0,-1,2,0,0,0,0,500,0,0
1,0,14,0,caxquwav,37,1,NaN,2,1,2,2,3,4,10,5,5,5,5,5,1,2,3,4,1,12,12,10,13,12,0,0,9300,0,0,0,0,0,0,0,0,0,0,2,4,0,0,0,0,700,0,0
1,0,14,0,caxquwav,37,1,NaN,2,1,2,2,3,4,10,5,5,5,5,5,1,2,3,5,1,13,12,11,14,12,0,0,9200,0,0,0,1,0,0,0,0,0,0,4,4,0,0,0,0,700,0,0
1,0,14,0,caxquwav,37,1,NaN,2,1,2,2,3,4,10,5,5,5,5,5,1,2,3,6,2,14,14,6,15,12,0,0,9000,1,2,1,2,0,0,0,0,0,0,4,5,0,0,0,0,800,0,0
1,0,14,0,caxquwav,37,1,NaN,2,1,2,2,3,4,10,5,5,5,5,5,1,2,3,7,1,14,14,10,13,12,0,0,9000,1,2,1,2,0,0,0,0,0,0,5,7,0,0,0,0,1000,0,0
1,0,14,0,caxquwav,37,1,NaN,2,1,2,2,3,4,10,5,5,5,5,5,1,2,3,8,1,18,18,10,17,12,0,0,9000,1,6,1,6,0,0,0,0,0,0,7,9,0,0,0,0,1000,0,0
1,0,14,0,caxquwav,37,1,NaN,2,1,2,2,3,4,10,5,5,5,5,5,1,2,3,9,2,17,17,3,20,4,0,0,9000,1,5,1,5,0,0,0,0,0,0,9,15,0,0,0,0,1000,0,0
1,0,14,0,caxquwav,37,1,NaN,2,1,2,2,3,4,10,5,5,5,5,5,1,2,3,10,2,13,13,13,18,15,0,0,8600,1,1,1,1,3,3,1,0,0,0,15,20,0,0,3,1,1000,0,0
1,0,14,0,caxquwav,37,1,NaN,2,1,2,2,3,4,10,5,5,5,5,5,1,2,3,11,2,19,19,9,16,16,0,0,7500,1,7,1,7,4,4,1,3,3,1,20,21,0,0,7,2,1400,0,0
1,0,14,0,caxquwav,37,1,NaN,2,1,2,2,3,4,10,5,5,5,5,5,1,2,3,12,1,20,12,10,14,12,1,0,6700,0,0,0,8,0,4,1,4,4,1,21,28,3,1,7,3,2500,0,0
1,0,14,0,caxquwav,37,1,NaN,2,1,2,2,3,4,10,5,5,5,5,5,1,2,3,13,2,15,12,5,12,12,1,0,6400,0,0,0,3,0,0,0,0,4,1,28,36,7,2,7,3,3300,1,0
1,0,14,0,caxquwav,37,1,NaN,2,1,2,2,3,4,10,5,5,5,5,5,1,2,3,14,2,12,12,13,12,12,0,0,6400,0,0,0,0,0,0,0,0,0,0,36,39,7,3,7,3,3600,1,0
1,0,14,0,caxquwav,37,1,NaN,2,1,2,2,3,4,10,5,5,5,5,5,1,2,3,15,1,16,16,1,19,12,0,0,6400,1,4,1,4,0,0,0,0,0,0,39,39,7,3,7,3,3600,0,0
1,0,14,0,iceuberh,58,2,NaN,2,1,1,2,5,5,5,2,2,2,4,5,2,2,2,1,1,11,11,7,14,12,0,0,10000,0,-1,-1,-1,0,0,0,0,0,0,0,0,0,0,0,0,0,0,0
1,0,14,0,iceuberh,58,2,NaN,2,1,1,2,5,5,5,2,2,2,4,5,2,2,2,2,1,15,11,5,14,12,0,0,9600,0,-1,-0.333333333333333,3,0,0,0,0,0,0,-1,-1,0,0,0,0,0,0,0
1,0,14,0,iceuberh,58,2,NaN,2,1,1,2,5,5,5,2,2,2,4,5,2,2,2,3,1,13,11,9,11,12,0,0,9400,0,-1,-1,1,0,0,0,0,0,0,-1,2,0,0,0,0,400,0,0
1,0,14,0,iceuberh,58,2,NaN,2,1,1,2,5,5,5,2,2,2,4,5,2,2,2,4,2,14,14,7,12,12,0,0,9200,1,2,1,2,0,0,0,0,0,0,2,3,0,0,0,0,600,0,0
1,0,14,0,iceuberh,58,2,NaN,2,1,1,2,5,5,5,2,2,2,4,5,2,2,2,5,2,12,12,2,13,15,0,0,8900,0,0,0,0,3,3,1,0,0,0,3,5,0,0,3,1,800,0,0
1,0,14,0,iceuberh,58,2,NaN,2,1,1,2,5,5,5,2,2,2,4,5,2,2,2,6,2,14,14,8,14,14,0,0,8500,1,2,1,2,2,2,1,3,3,1,5,5,0,0,5,2,1100,0,0
1,0,14,0,iceuberh,58,2,NaN,2,1,1,2,5,5,5,2,2,2,4,5,2,2,2,7,2,19,12,1,15,15,0,0,7500,0,0,0,7,3,3,1,2,2,1,5,7,3,1,8,3,1500,0,0
1,0,14,0,iceuberh,58,2,NaN,2,1,1,2,5,5,5,2,2,2,4,5,2,2,2,8,1,15,13,4,12,12,0,0,7300,1,1,0.333333333333333,3,0,3,1,3,3,1,7,14,5,2,8,4,2500,0,0
1,0,14,0,iceuberh,58,2,NaN,2,1,1,2,5,5,5,2,2,2,4,5,2,2,2,9,1,17,13,5,13,12,1,50,6850,1,1,0.2,5,0,3,1,0,3,1,14,17,8,3,8,5,2700,0,0
1,0,14,0,iceuberh,58,2,NaN,2,1,1,2,5,5,5,2,2,2,4,5,2,2,2,10,1,18,15,12,13,12,1,150,6400,1,3,0.5,6,0,3,1,0,3,1,17,22,8,4,8,6,3150,1,1
1,0,14,0,iceuberh,58,2,NaN,2,1,1,2,5,5,5,2,2,2,4,5,2,2,2,11,1,16,16,1,14,12,0,0,6400,1,4,1,4,0,3,1,0,3,1,22,28,8,5,8,7,3600,1,1
1,0,14,0,iceuberh,58,2,NaN,2,1,1,2,5,5,5,2,2,2,4,5,2,2,2,12,1,13,13,11,16,12,0,0,6400,1,1,1,1,0,3,1,0,3,1,28,32,8,6,8,8,3600,0,0
1,0,14,0,iceuberh,58,2,NaN,2,1,1,2,5,5,5,2,2,2,4,5,2,2,2,13,2,14,14,11,14,16,0,0,5800,1,2,1,2,4,4,1,0,3,1,32,33,8,7,12,9,3600,0,0
1,0,14,0,iceuberh,58,2,NaN,2,1,1,2,5,5,5,2,2,2,4,5,2,2,2,14,1,12,12,12,12,12,0,0,5800,0,0,0,0,0,4,1,4,4,1,33,35,8,8,12,10,4200,0,0
1,0,14,0,iceuberh,58,2,NaN,2,1,1,2,5,5,5,2,2,2,4,5,2,2,2,15,2,20,12,8,17,12,0,0,5000,0,0,0,8,0,0,0,0,4,1,35,35,12,9,12,10,4200,0,0
1,0,15,1,biljklk7,44,1,NaN,2,1,1,2,5,8,8,1,5,5,4,5,2,3,3,1,1,12,12,7,12,12,1,0,10000,0,0,0,0,0,0,0,0,0,0,0,0,0,0,0,0,0,0,0
1,0,15,1,biljklk7,44,1,NaN,2,1,1,2,5,8,8,1,5,5,4,5,2,3,3,2,2,11,11,5,15,14,0,0,9900,0,-1,-1,-1,2,2,1,0,0,0,0,0,0,0,0,0,0,0,0
1,0,15,1,biljklk7,44,1,NaN,2,1,1,2,5,8,8,1,5,5,4,5,2,3,3,3,2,13,13,16,13,13,0,0,9700,1,1,1,1,1,1,1,2,2,1,0,-1,0,0,3,2,100,0,0
1,0,15,1,biljklk7,44,1,NaN,2,1,1,2,5,8,8,1,5,5,4,5,2,3,3,4,1,15,15,3,14,12,0,0,9700,1,3,1,3,0,1,1,1,1,1,-1,0,2,1,3,3,300,0,0
1,0,15,1,biljklk7,44,1,NaN,2,1,1,2,5,8,8,1,5,5,4,5,2,3,3,5,2,14,14,17,13,13,0,0,9400,1,2,1,2,1,1,1,0,1,1,0,3,3,2,4,4,300,0,0
1,0,15,1,biljklk7,44,1,NaN,2,1,1,2,5,8,8,1,5,5,4,5,2,3,3,6,1,20,12,10,16,12,0,0,8600,0,0,0,8,0,1,1,1,1,1,3,5,3,3,4,5,600,0,0
1,0,15,1,biljklk7,44,1,NaN,2,1,1,2,5,8,8,1,5,5,4,5,2,3,3,7,2,14,14,4,20,20,0,0,7600,1,2,1,2,8,8,1,0,1,1,5,13,4,4,12,6,1400,0,0
1,0,15,1,biljklk7,44,1,NaN,2,1,1,2,5,8,8,1,5,5,4,5,2,3,3,8,2,13,13,13,17,14,0,0,7300,1,1,1,1,2,2,1,8,8,1,13,15,4,5,14,7,2400,0,0
1,0,15,1,biljklk7,44,1,NaN,2,1,1,2,5,8,8,1,5,5,4,5,2,3,3,9,2,18,18,10,18,18,0,0,6100,1,6,1,6,6,6,1,2,2,1,15,16,12,6,20,8,2700,0,0
1,0,15,1,biljklk7,44,1,NaN,2,1,1,2,5,8,8,1,5,5,4,5,2,3,3,10,1,16,16,13,20,12,0,0,6100,1,4,1,4,0,6,1,6,6,1,16,22,14,7,20,9,3900,0,0
1,0,15,1,biljklk7,44,1,NaN,2,1,1,2,5,8,8,1,5,5,4,5,2,3,3,11,1,15,15,6,18,12,1,150,5950,1,3,1,3,0,6,1,0,6,1,22,26,20,8,20,10,3900,0,0
1,0,15,1,biljklk7,44,1,NaN,2,1,1,2,5,8,8,1,5,5,4,5,2,3,3,12,2,15,12,2,12,12,0,0,5650,0,0,0,3,0,0,0,0,6,1,26,29,20,9,20,10,4050,1,1
1,0,15,1,biljklk7,44,1,NaN,2,1,1,2,5,8,8,1,5,5,4,5,2,3,3,13,1,12,12,6,12,12,0,0,5650,0,0,0,0,0,0,0,0,0,0,29,32,20,10,20,10,4350,0,0
1,0,15,1,biljklk7,44,1,NaN,2,1,1,2,5,8,8,1,5,5,4,5,2,3,3,14,2,17,16,10,15,8,1,0,5550,1,4,0.8,5,0,0,0,0,0,0,32,32,20,10,20,10,4350,0,0
1,0,15,1,biljklk7,44,1,NaN,2,1,1,2,5,8,8,1,5,5,4,5,2,3,3,15,1,19,19,7,19,12,0,0,5550,1,7,1,7,0,0,0,0,0,0,32,37,20,10,20,10,4450,1,0
1,0,15,1,5cnsym8n,75,2,NaN,2,0,5,1,8,10,10,2,3,2,2,2,3,3,3,1,1,11,12,11,11,12,0,0,10000,0,0,0,-1,0,0,0,0,0,0,0,0,0,0,0,0,0,0,0
1,0,15,1,5cnsym8n,75,2,NaN,2,0,5,1,8,10,10,2,3,2,2,2,3,3,3,2,2,14,11,6,13,12,0,0,9800,0,-1,-0.5,2,0,0,0,0,0,0,-1,-1,0,0,0,0,0,0,0
1,0,15,1,5cnsym8n,75,2,NaN,2,0,5,1,8,10,10,2,3,2,2,2,3,3,3,3,1,13,10,2,15,12,0,0,9500,0,-2,-2,1,0,0,0,0,0,0,-1,1,0,0,0,0,200,0,0
1,0,15,1,5cnsym8n,75,2,NaN,2,0,5,1,8,10,10,2,3,2,2,2,3,3,3,4,2,15,15,8,11,11,0,0,9300,1,3,1,3,0,0,0,0,0,0,1,2,0,0,0,0,500,0,0
1,0,15,1,5cnsym8n,75,2,NaN,2,0,5,1,8,10,10,2,3,2,2,2,3,3,3,5,2,12,11,8,13,14,1,0,9100,0,-1,-1,0,2,2,1,0,0,0,2,5,0,0,2,1,700,0,0
1,0,15,1,5cnsym8n,75,2,NaN,2,0,5,1,8,10,10,2,3,2,2,2,3,3,3,6,2,16,16,3,17,17,0,0,8200,1,4,1,4,5,5,1,2,2,1,5,5,0,0,7,2,900,1,0
1,0,15,1,5cnsym8n,75,2,NaN,2,0,5,1,8,10,10,2,3,2,2,2,3,3,3,7,1,20,20,10,13,12,0,0,8200,1,8,1,8,0,5,1,5,5,1,5,9,2,1,7,3,1800,0,0
1,0,15,1,5cnsym8n,75,2,NaN,2,0,5,1,8,10,10,2,3,2,2,2,3,3,3,8,1,15,5,2,19,12,0,0,7200,0,-7,-2.33333333333333,3,0,5,1,0,5,1,9,17,7,2,7,4,1800,0,0
1,0,15,1,5cnsym8n,75,2,NaN,2,0,5,1,8,10,10,2,3,2,2,2,3,3,3,9,2,17,12,8,17,19,0,0,6000,0,0,0,5,7,7,1,0,5,1,17,20,7,3,14,5,2800,0,0
1,0,15,1,5cnsym8n,75,2,NaN,2,0,5,1,8,10,10,2,3,2,2,2,3,3,3,10,1,12,12,16,12,12,0,0,6000,0,0,0,0,0,7,1,7,7,1,20,25,7,4,14,6,4000,0,0
1,0,15,1,5cnsym8n,75,2,NaN,2,0,5,1,8,10,10,2,3,2,2,2,3,3,3,11,2,19,19,4,14,16,1,0,4900,1,7,1,7,4,4,1,0,7,1,25,25,14,5,18,7,4000,0,0
1,0,15,1,5cnsym8n,75,2,NaN,2,0,5,1,8,10,10,2,3,2,2,2,3,3,3,12,2,13,12,11,12,12,0,0,4800,0,0,0,1,0,0,0,4,4,1,25,32,14,6,18,7,5100,1,0
1,0,15,1,5cnsym8n,75,2,NaN,2,0,5,1,8,10,10,2,3,2,2,2,3,3,3,13,2,18,18,2,17,17,0,0,3700,1,6,1,6,5,5,1,0,0,0,32,33,18,7,23,8,5200,0,0
1,0,15,1,5cnsym8n,75,2,NaN,2,0,5,1,8,10,10,2,3,2,2,2,3,3,3,14,1,15,15,2,15,12,0,0,3700,1,3,1,3,0,5,1,5,5,1,33,39,18,7,23,9,6300,0,0
1,0,15,1,5cnsym8n,75,2,NaN,2,0,5,1,8,10,10,2,3,2,2,2,3,3,3,15,2,14,9,13,15,14,0,0,3300,0,-3,-1.5,2,2,2,1,0,5,1,39,42,23,8,25,10,6300,0,0
1,0,15,1,mj6caorb,51,2,NaN,2,1,3,1,3,5,6,4,5,5,4,5,1,2,2,1,2,12,12,19,15,15,0,0,9700,0,0,0,0,3,3,1,0,0,0,0,0,0,0,0,0,0,0,0
1,0,15,1,mj6caorb,51,2,NaN,2,1,3,1,3,5,6,4,5,5,4,5,1,2,2,2,2,11,11,16,11,11,0,0,9700,0,-1,-1,-1,0,0,0,3,3,1,0,0,3,1,3,1,300,0,0
1,0,15,1,mj6caorb,51,2,NaN,2,1,3,1,3,5,6,4,5,5,4,5,1,2,2,3,2,15,13,5,12,12,0,0,9400,1,1,0.333333333333333,3,0,0,0,0,0,0,0,-1,3,1,3,1,300,0,0
1,0,15,1,mj6caorb,51,2,NaN,2,1,3,1,3,5,6,4,5,5,4,5,1,2,2,4,1,14,14,8,11,12,0,0,9400,1,2,1,2,0,0,0,0,0,0,-1,2,3,1,3,1,600,0,0
1,0,15,1,mj6caorb,51,2,NaN,2,1,3,1,3,5,6,4,5,5,4,5,1,2,2,5,1,13,13,1,14,12,0,0,9400,1,1,1,1,0,0,0,0,0,0,2,4,3,1,3,1,600,0,0
1,0,15,1,mj6caorb,51,2,NaN,2,1,3,1,3,5,6,4,5,5,4,5,1,2,2,6,1,12,12,12,15,12,0,0,9400,0,0,0,0,0,0,0,0,0,0,4,5,3,1,3,1,600,0,0
1,0,15,1,mj6caorb,51,2,NaN,2,1,3,1,3,5,6,4,5,5,4,5,1,2,2,7,1,15,15,12,17,12,0,0,9400,1,3,1,3,0,0,0,0,0,0,5,5,3,1,3,1,600,0,0
1,0,15,1,mj6caorb,51,2,NaN,2,1,3,1,3,5,6,4,5,5,4,5,1,2,2,8,2,17,14,5,17,20,0,0,8100,1,2,0.4,5,8,8,1,0,0,0,5,8,3,1,11,2,600,0,0
1,0,15,1,mj6caorb,51,2,NaN,2,1,3,1,3,5,6,4,5,5,4,5,1,2,2,9,2,13,13,7,18,24,1,0,6800,1,1,1,1,12,12,1,8,8,1,8,13,3,1,23,3,1900,0,0
1,0,15,1,mj6caorb,51,2,NaN,2,1,3,1,3,5,6,4,5,5,4,5,1,2,2,10,2,14,14,6,13,13,0,0,6500,1,2,1,2,1,1,1,12,12,1,13,14,11,2,24,4,3200,1,0
1,0,15,1,mj6caorb,51,2,NaN,2,1,3,1,3,5,6,4,5,5,4,5,1,2,2,11,1,16,16,19,13,12,1,200,6300,1,4,1,4,0,1,1,1,1,1,14,16,23,3,24,5,3500,0,0
1,0,15,1,mj6caorb,51,2,NaN,2,1,3,1,3,5,6,4,5,5,4,5,1,2,2,12,2,20,15,16,13,13,1,0,5400,1,3,0.375,8,1,1,1,0,1,1,16,20,24,4,25,6,3700,1,1
1,0,15,1,mj6caorb,51,2,NaN,2,1,3,1,3,5,6,4,5,5,4,5,1,2,2,13,1,19,16,14,12,12,0,0,5100,1,4,0.571428571428571,7,0,1,1,1,1,1,20,28,24,5,25,7,4600,1,0
1,0,15,1,mj6caorb,51,2,NaN,2,1,3,1,3,5,6,4,5,5,4,5,1,2,2,14,1,18,18,6,20,12,0,0,5100,1,6,1,6,0,1,1,0,1,1,28,35,25,6,25,8,4900,0,0
1,0,15,1,mj6caorb,51,2,NaN,2,1,3,1,3,5,6,4,5,5,4,5,1,2,2,15,2,15,15,14,15,15,0,0,4500,1,3,1,3,3,3,1,0,1,1,35,41,25,7,28,9,4900,0,0
1,0,15,1,8vqxst1e,27,1,NaN,2,0,3,1,10,10,10,2,2,2,2,2,3,3,3,1,1,12,12,4,11,12,0,0,10000,0,0,0,0,0,0,0,0,0,0,0,0,0,0,0,0,0,0,0
1,0,15,1,8vqxst1e,27,1,NaN,2,0,3,1,10,10,10,2,2,2,2,2,3,3,3,2,2,13,13,19,13,13,1,0,9800,1,1,1,1,1,1,1,0,0,0,0,0,0,0,0,0,0,0,0
1,0,15,1,8vqxst1e,27,1,NaN,2,0,3,1,10,10,10,2,2,2,2,2,3,3,3,3,1,11,11,8,12,12,0,0,9800,0,-1,-1,-1,0,1,1,1,1,1,0,1,0,0,1,2,200,0,0
1,0,15,1,8vqxst1e,27,1,NaN,2,0,3,1,10,10,10,2,2,2,2,2,3,3,3,4,1,14,14,12,12,12,0,0,9800,1,2,1,2,0,1,1,0,1,1,1,0,1,1,1,3,200,0,0
1,0,15,1,8vqxst1e,27,1,NaN,2,0,3,1,10,10,10,2,2,2,2,2,3,3,3,5,2,15,13,4,13,13,0,0,9400,1,1,0.333333333333333,3,1,1,1,0,1,1,0,2,1,2,2,4,200,0,0
1,0,15,1,8vqxst1e,27,1,NaN,2,0,3,1,10,10,10,2,2,2,2,2,3,3,3,6,2,17,17,19,18,16,0,0,8500,1,5,1,5,4,4,1,1,1,1,2,5,1,3,6,5,600,0,0
1,0,15,1,8vqxst1e,27,1,NaN,2,0,3,1,10,10,10,2,2,2,2,2,3,3,3,7,1,18,17,2,13,12,0,0,8400,1,5,0.833333333333333,6,0,4,1,4,4,1,5,10,2,4,6,6,1500,0,0
1,0,15,1,8vqxst1e,27,1,NaN,2,0,3,1,10,10,10,2,2,2,2,2,3,3,3,8,2,15,15,6,19,12,0,0,8100,1,3,1,3,0,0,0,0,4,1,10,16,6,5,6,6,1600,0,0
1,0,15,1,8vqxst1e,27,1,NaN,2,0,3,1,10,10,10,2,2,2,2,2,3,3,3,9,1,13,13,19,20,12,0,0,8100,1,1,1,1,0,0,0,0,0,0,16,19,6,6,6,6,1900,0,0
1,0,15,1,8vqxst1e,27,1,NaN,2,0,3,1,10,10,10,2,2,2,2,2,3,3,3,10,2,20,20,7,15,24,0,0,6100,1,8,1,8,12,12,1,0,0,0,19,20,6,6,18,7,1900,0,0
1,0,15,1,8vqxst1e,27,1,NaN,2,0,3,1,10,10,10,2,2,2,2,2,3,3,3,11,2,14,14,10,15,14,0,0,5700,1,2,1,2,2,2,1,12,12,1,20,28,6,6,20,8,3900,0,0
1,0,15,1,8vqxst1e,27,1,NaN,2,0,3,1,10,10,10,2,2,2,2,2,3,3,3,12,1,16,16,12,13,12,0,0,5700,1,4,1,4,0,2,1,2,2,1,28,30,18,7,20,9,4300,0,0
1,0,15,1,8vqxst1e,27,1,NaN,2,0,3,1,10,10,10,2,2,2,2,2,3,3,3,13,2,12,12,6,12,12,0,0,5700,0,0,0,0,0,0,0,0,2,1,30,34,20,8,20,9,4300,0,0
1,0,15,1,8vqxst1e,27,1,NaN,2,0,3,1,10,10,10,2,2,2,2,2,3,3,3,14,1,15,15,12,16,12,0,0,5700,1,3,1,3,0,0,0,0,0,0,34,34,20,9,20,9,4300,0,0
1,0,15,1,8vqxst1e,27,1,NaN,2,0,3,1,10,10,10,2,2,2,2,2,3,3,3,15,2,19,15,2,20,20,0,0,4200,1,3,0.428571428571429,7,8,8,1,0,0,0,34,37,20,9,28,10,4300,0,0
1,0,15,1,wzagrp60,80,2,NaN,2,0,4,1,5,10,10,2,2,2,2,2,2,3,3,1,2,15,15,8,14,6,0,0,10000,1,3,1,3,0,0,0,0,0,0,0,0,0,0,0,0,0,0,0
1,0,15,1,wzagrp60,80,2,NaN,2,0,4,1,5,10,10,2,2,2,2,2,2,3,3,2,1,11,11,17,11,12,0,0,10000,0,-1,-1,-1,0,0,0,0,0,0,3,3,0,0,0,0,0,0,0
1,0,15,1,wzagrp60,80,2,NaN,2,0,4,1,5,10,10,2,2,2,2,2,2,3,3,3,1,13,13,1,13,12,0,0,10000,1,1,1,1,0,0,0,0,0,0,3,2,0,0,0,0,0,0,0
1,0,15,1,wzagrp60,80,2,NaN,2,0,4,1,5,10,10,2,2,2,2,2,2,3,3,4,2,14,14,11,14,14,0,0,9600,1,2,1,2,2,2,1,0,0,0,2,3,0,0,2,1,0,0,0
1,0,15,1,wzagrp60,80,2,NaN,2,0,4,1,5,10,10,2,2,2,2,2,2,3,3,5,2,12,12,11,13,13,1,0,9500,0,0,0,0,1,1,1,2,2,1,3,5,0,0,3,2,400,0,0
1,0,15,1,wzagrp60,80,2,NaN,2,0,4,1,5,10,10,2,2,2,2,2,2,3,3,6,1,14,14,2,14,12,0,0,9500,1,2,1,2,0,1,1,1,1,1,5,5,2,1,3,3,500,1,0
1,0,15,1,wzagrp60,80,2,NaN,2,0,4,1,5,10,10,2,2,2,2,2,2,3,3,7,1,15,15,5,20,12,0,0,9500,1,3,1,3,0,1,1,0,1,1,5,7,3,2,3,4,500,0,0
1,0,15,1,wzagrp60,80,2,NaN,2,0,4,1,5,10,10,2,2,2,2,2,2,3,3,8,2,15,15,1,13,13,1,0,9100,1,3,1,3,1,1,1,0,1,1,7,10,3,3,4,5,500,0,0
1,0,15,1,wzagrp60,80,2,NaN,2,0,4,1,5,10,10,2,2,2,2,2,2,3,3,9,2,19,15,9,15,24,0,0,7200,1,3,0.428571428571429,7,12,12,1,1,1,1,10,13,3,4,16,6,900,1,0
1,0,15,1,wzagrp60,80,2,NaN,2,0,4,1,5,10,10,2,2,2,2,2,2,3,3,10,2,12,12,2,18,18,0,0,6600,0,0,0,0,6,6,1,12,12,1,13,20,4,5,22,7,2800,0,0
1,0,15,1,wzagrp60,80,2,NaN,2,0,4,1,5,10,10,2,2,2,2,2,2,3,3,11,2,17,17,8,12,15,1,0,5800,1,5,1,5,3,3,1,6,6,1,20,20,16,6,25,8,3400,0,0
1,0,15,1,wzagrp60,80,2,NaN,2,0,4,1,5,10,10,2,2,2,2,2,2,3,3,12,1,13,13,7,17,12,0,0,5800,1,1,1,1,0,3,1,3,3,1,20,25,22,7,25,9,4200,1,0
1,0,15,1,wzagrp60,80,2,NaN,2,0,4,1,5,10,10,2,2,2,2,2,2,3,3,13,2,20,20,3,18,24,1,0,3800,1,8,1,8,12,12,1,0,3,1,25,26,25,8,37,10,4200,0,0
1,0,15,1,wzagrp60,80,2,NaN,2,0,4,1,5,10,10,2,2,2,2,2,2,3,3,14,2,18,18,4,12,12,0,0,3200,1,6,1,6,0,0,0,12,12,1,26,34,25,9,37,10,6200,1,0
1,0,15,1,wzagrp60,80,2,NaN,2,0,4,1,5,10,10,2,2,2,2,2,2,3,3,15,2,16,16,6,14,13,0,0,2700,1,4,1,4,1,1,1,0,0,0,34,40,37,10,38,11,6800,0,0
1,0,15,1,i632tsm5,59,2,NaN,2,0,2,2,4,1,5,2,2,2,2,2,2,1,2,1,1,11,9,3,15,12,0,0,9800,0,-3,-3,-1,0,0,0,0,0,0,0,0,0,0,0,0,0,0,0
1,0,15,1,i632tsm5,59,2,NaN,2,0,2,2,4,1,5,2,2,2,2,2,2,1,2,2,2,12,12,3,12,11,0,0,9800,0,0,0,0,0,0,0,0,0,0,-1,-1,0,0,0,0,200,0,0
1,0,15,1,i632tsm5,59,2,NaN,2,0,2,2,4,1,5,2,2,2,2,2,2,1,2,3,2,14,14,12,13,13,0,0,9500,1,2,1,2,1,1,1,0,0,0,-1,-1,0,0,1,1,200,0,0
1,0,15,1,i632tsm5,59,2,NaN,2,0,2,2,4,1,5,2,2,2,2,2,2,1,2,4,1,13,10,7,15,12,0,0,9200,0,-2,-2,1,0,1,1,1,1,1,-1,1,0,0,1,2,500,0,0
1,0,15,1,i632tsm5,59,2,NaN,2,0,2,2,4,1,5,2,2,2,2,2,2,1,2,5,1,15,15,19,12,12,0,0,9200,1,3,1,3,0,1,1,0,1,1,1,2,1,1,1,3,800,0,0
1,0,15,1,i632tsm5,59,2,NaN,2,0,2,2,4,1,5,2,2,2,2,2,2,1,2,6,1,19,19,8,13,12,0,0,9200,1,7,1,7,0,1,1,0,1,1,2,5,1,2,1,4,800,0,0
1,0,15,1,i632tsm5,59,2,NaN,2,0,2,2,4,1,5,2,2,2,2,2,2,1,2,7,1,13,13,6,16,12,0,0,9200,1,1,1,1,0,1,1,0,1,1,5,12,1,3,1,5,800,0,0
1,0,15,1,i632tsm5,59,2,NaN,2,0,2,2,4,1,5,2,2,2,2,2,2,1,2,8,2,17,17,4,18,18,0,0,8100,1,5,1,5,6,6,1,0,1,1,12,13,1,4,7,6,800,0,0
1,0,15,1,i632tsm5,59,2,NaN,2,0,2,2,4,1,5,2,2,2,2,2,2,1,2,9,1,14,14,12,15,12,0,0,8100,1,2,1,2,0,6,1,6,6,1,13,18,1,5,7,7,1900,0,0
1,0,15,1,i632tsm5,59,2,NaN,2,0,2,2,4,1,5,2,2,2,2,2,2,1,2,10,1,15,15,19,15,12,0,0,8100,1,3,1,3,0,6,1,0,6,1,18,20,7,6,7,8,1900,0,0
1,0,15,1,i632tsm5,59,2,NaN,2,0,2,2,4,1,5,2,2,2,2,2,2,1,2,11,2,20,20,12,18,19,0,0,6600,1,8,1,8,7,7,1,0,6,1,20,23,7,7,14,9,1900,0,0
1,0,15,1,i632tsm5,59,2,NaN,2,0,2,2,4,1,5,2,2,2,2,2,2,1,2,12,2,18,15,6,17,14,0,0,5800,1,3,0.5,6,2,2,1,7,7,1,23,31,7,8,16,10,3400,0,0
1,0,15,1,i632tsm5,59,2,NaN,2,0,2,2,4,1,5,2,2,2,2,2,2,1,2,13,2,12,12,17,19,16,0,0,5400,0,0,0,0,4,4,1,2,2,1,31,37,14,9,20,11,4200,0,0
1,0,15,1,i632tsm5,59,2,NaN,2,0,2,2,4,1,5,2,2,2,2,2,2,1,2,14,2,16,16,6,20,13,0,0,4900,1,4,1,4,1,1,1,4,4,1,37,37,16,10,21,12,4600,0,0
1,0,15,1,i632tsm5,59,2,NaN,2,0,2,2,4,1,5,2,2,2,2,2,2,1,2,15,2,15,15,5,14,14,0,0,4400,1,3,1,3,2,2,1,1,1,1,37,41,20,11,23,13,5100,0,0
1,0,15,1,7c9q110v,44,1,NaN,2,0,5,1,3,4,5,1,3,4,2,4,1,2,2,1,1,12,12,10,13,12,0,0,10000,0,0,0,0,0,0,0,0,0,0,0,0,0,0,0,0,0,0,0
1,0,15,1,7c9q110v,44,1,NaN,2,0,5,1,3,4,5,1,3,4,2,4,1,2,2,2,2,11,11,9,11,11,0,0,10000,0,-1,-1,-1,0,0,0,0,0,0,0,0,0,0,0,0,0,0,0
1,0,15,1,7c9q110v,44,1,NaN,2,0,5,1,3,4,5,1,3,4,2,4,1,2,2,3,2,15,12,6,14,14,0,0,9500,0,0,0,3,2,2,1,0,0,0,0,-1,0,0,2,1,0,0,0
1,0,15,1,7c9q110v,44,1,NaN,2,0,5,1,3,4,5,1,3,4,2,4,1,2,2,4,2,14,13,2,13,13,0,0,9200,1,1,0.5,2,1,1,1,2,2,1,-1,2,0,0,3,2,500,0,0
1,0,15,1,7c9q110v,44,1,NaN,2,0,5,1,3,4,5,1,3,4,2,4,1,2,2,5,1,13,13,2,12,12,0,0,9200,1,1,1,1,0,1,1,1,1,1,2,4,2,1,3,3,800,0,0
1,0,15,1,7c9q110v,44,1,NaN,2,0,5,1,3,4,5,1,3,4,2,4,1,2,2,6,1,14,12,7,14,12,0,0,9000,0,0,0,2,0,1,1,0,1,1,4,5,3,2,3,4,800,0,0
1,0,15,1,7c9q110v,44,1,NaN,2,0,5,1,3,4,5,1,3,4,2,4,1,2,2,7,1,13,13,7,15,12,0,0,9000,1,1,1,1,0,1,1,0,1,1,5,7,3,3,3,5,1000,0,0
1,0,15,1,7c9q110v,44,1,NaN,2,0,5,1,3,4,5,1,3,4,2,4,1,2,2,8,1,17,14,1,13,12,0,0,8700,1,2,0.4,5,0,1,1,0,1,1,7,8,3,4,3,6,1000,0,0
1,0,15,1,7c9q110v,44,1,NaN,2,0,5,1,3,4,5,1,3,4,2,4,1,2,2,9,2,19,14,12,15,20,0,0,7200,1,2,0.285714285714286,7,8,8,1,0,1,1,8,13,3,5,11,7,1300,0,0
1,0,15,1,7c9q110v,44,1,NaN,2,0,5,1,3,4,5,1,3,4,2,4,1,2,2,10,2,20,20,1,16,16,0,0,6000,1,8,1,8,4,4,1,8,8,1,13,20,3,6,15,8,2800,0,0
1,0,15,1,7c9q110v,44,1,NaN,2,0,5,1,3,4,5,1,3,4,2,4,1,2,2,11,1,15,15,3,15,12,0,0,6000,1,3,1,3,0,4,1,4,4,1,20,28,11,7,15,9,4000,0,0
1,0,15,1,7c9q110v,44,1,NaN,2,0,5,1,3,4,5,1,3,4,2,4,1,2,2,12,1,18,14,10,12,12,0,0,5600,1,2,0.333333333333333,6,0,4,1,0,4,1,28,31,15,8,15,10,4000,0,0
1,0,15,1,7c9q110v,44,1,NaN,2,0,5,1,3,4,5,1,3,4,2,4,1,2,2,13,2,16,16,12,19,20,0,0,4400,1,4,1,4,8,8,1,0,4,1,31,37,15,9,23,11,4400,0,0
1,0,15,1,7c9q110v,44,1,NaN,2,0,5,1,3,4,5,1,3,4,2,4,1,2,2,14,2,12,12,5,16,18,1,0,3800,0,0,0,0,6,6,1,8,8,1,37,41,15,10,29,12,5600,0,0
1,0,15,1,7c9q110v,44,1,NaN,2,0,5,1,3,4,5,1,3,4,2,4,1,2,2,15,1,15,14,15,14,12,0,0,3700,1,2,0.666666666666667,3,0,6,1,6,6,1,41,41,23,11,29,13,6200,1,0
1,0,15,1,ipp59vmf,69,2,NaN,2,1,4,1,8,7,6,5,5,5,5,5,3,3,2,1,2,11,11,6,12,12,0,0,10000,0,-1,-1,-1,0,0,0,0,0,0,0,0,0,0,0,0,0,0,0
1,0,15,1,ipp59vmf,69,2,NaN,2,1,4,1,8,7,6,5,5,5,5,5,3,3,2,2,2,14,14,18,13,13,1,0,9700,1,2,1,2,1,1,1,0,0,0,-1,-1,0,0,0,0,0,0,0
1,0,15,1,ipp59vmf,69,2,NaN,2,1,4,1,8,7,6,5,5,5,5,5,3,3,2,3,2,15,15,15,13,10,0,0,9600,1,3,1,3,0,0,0,1,1,1,-1,1,0,0,1,1,300,0,0
1,0,15,1,ipp59vmf,69,2,NaN,2,1,4,1,8,7,6,5,5,5,5,5,3,3,2,4,1,13,13,13,14,12,0,0,9600,1,1,1,1,0,0,0,0,0,0,1,4,1,1,1,1,400,0,0
1,0,15,1,ipp59vmf,69,2,NaN,2,1,4,1,8,7,6,5,5,5,5,5,3,3,2,5,2,12,12,13,13,13,0,0,9500,0,0,0,0,1,1,1,0,0,0,4,5,1,1,2,2,400,0,0
1,0,15,1,ipp59vmf,69,2,NaN,2,1,4,1,8,7,6,5,5,5,5,5,3,3,2,6,2,14,14,16,14,14,0,0,9100,1,2,1,2,2,2,1,1,1,1,5,5,1,1,4,3,500,0,0
1,0,15,1,ipp59vmf,69,2,NaN,2,1,4,1,8,7,6,5,5,5,5,5,3,3,2,7,2,13,13,18,18,17,0,0,8500,1,1,1,1,5,5,1,2,2,1,5,7,2,2,9,4,900,0,0
1,0,15,1,ipp59vmf,69,2,NaN,2,1,4,1,8,7,6,5,5,5,5,5,3,3,2,8,2,19,19,15,15,5,0,0,8500,1,7,1,7,0,0,0,5,5,1,7,8,4,3,9,4,1500,0,0
1,0,15,1,ipp59vmf,69,2,NaN,2,1,4,1,8,7,6,5,5,5,5,5,3,3,2,9,1,16,16,4,13,12,0,0,8500,1,4,1,4,0,0,0,0,0,0,8,15,9,4,9,4,1500,0,0
1,0,15,1,ipp59vmf,69,2,NaN,2,1,4,1,8,7,6,5,5,5,5,5,3,3,2,10,1,18,18,16,12,12,0,0,8500,1,6,1,6,0,0,0,0,0,0,15,19,9,4,9,4,1500,0,0
1,0,15,1,ipp59vmf,69,2,NaN,2,1,4,1,8,7,6,5,5,5,5,5,3,3,2,11,2,15,15,11,20,20,0,0,7400,1,3,1,3,8,8,1,0,0,0,19,25,9,4,17,5,1500,0,0
1,0,15,1,ipp59vmf,69,2,NaN,2,1,4,1,8,7,6,5,5,5,5,5,3,3,2,12,1,12,12,1,15,12,0,0,7400,0,0,0,0,0,8,1,8,8,1,25,28,9,4,17,6,2600,0,0
1,0,15,1,ipp59vmf,69,2,NaN,2,1,4,1,8,7,6,5,5,5,5,5,3,3,2,13,1,17,17,15,18,12,0,0,7400,1,5,1,5,0,8,1,0,8,1,28,28,17,5,17,7,2600,0,0
1,0,15,1,ipp59vmf,69,2,NaN,2,1,4,1,8,7,6,5,5,5,5,5,3,3,2,14,2,15,15,15,15,15,0,0,6800,1,3,1,3,3,3,1,0,8,1,28,33,17,6,20,8,2600,0,0
1,0,15,1,ipp59vmf,69,2,NaN,2,1,4,1,8,7,6,5,5,5,5,5,3,3,2,15,1,20,20,18,19,12,0,0,6800,1,8,1,8,0,3,1,3,3,1,33,36,17,7,20,9,3200,0,0
1,0,15,1,635zpd0n,51,2,NaN,2,1,2,2,5,5,5,2,5,5,3,1,2,2,2,1,1,14,6,16,15,12,0,0,9200,0,-6,-3,2,0,0,0,0,0,0,0,0,0,0,0,0,0,0,0
1,0,15,1,635zpd0n,51,2,NaN,2,1,2,2,5,5,5,2,5,5,3,1,2,2,2,2,2,15,15,12,14,14,0,0,8700,1,3,1,3,2,2,1,0,0,0,2,2,0,0,0,0,800,0,0
1,0,15,1,635zpd0n,51,2,NaN,2,1,2,2,5,5,5,2,5,5,3,1,2,2,2,3,2,12,13,18,11,11,0,0,8700,1,1,1,0,0,0,0,2,2,1,2,5,0,0,2,1,1300,0,0
1,0,15,1,635zpd0n,51,2,NaN,2,1,2,2,5,5,5,2,5,5,3,1,2,2,2,4,2,11,11,17,14,14,1,0,8600,0,-1,-1,-1,2,2,1,0,0,0,5,5,2,1,4,2,1300,0,0
1,0,15,1,635zpd0n,51,2,NaN,2,1,2,2,5,5,5,2,5,5,3,1,2,2,2,5,1,13,14,15,12,12,1,100,8500,1,2,2,1,0,2,1,2,2,1,5,4,2,1,4,3,1400,1,0
1,0,15,1,635zpd0n,51,2,NaN,2,1,2,2,5,5,5,2,5,5,3,1,2,2,2,6,2,13,15,14,19,19,1,0,7700,1,3,3,1,7,7,1,0,2,1,4,5,4,2,11,4,1500,1,1
1,0,15,1,635zpd0n,51,2,NaN,2,1,2,2,5,5,5,2,5,5,3,1,2,2,2,7,2,14,15,19,15,15,0,0,7200,1,3,1.5,2,3,3,1,7,7,1,5,6,4,3,14,5,2300,1,0
1,0,15,1,635zpd0n,51,2,NaN,2,1,2,2,5,5,5,2,5,5,3,1,2,2,2,8,1,15,19,3,20,12,0,0,7200,1,7,2.33333333333333,3,0,3,1,3,3,1,6,8,11,4,14,6,2800,0,0
1,0,15,1,635zpd0n,51,2,NaN,2,1,2,2,5,5,5,2,5,5,3,1,2,2,2,9,1,17,19,15,17,12,0,0,7200,1,7,1.4,5,0,3,1,0,3,1,8,11,14,5,14,7,2800,0,0
1,0,15,1,635zpd0n,51,2,NaN,2,1,2,2,5,5,5,2,5,5,3,1,2,2,2,10,1,20,23,3,14,12,0,0,7200,1,11,1.375,8,0,3,1,0,3,1,11,16,14,6,14,8,2800,0,0
1,0,15,1,635zpd0n,51,2,NaN,2,1,2,2,5,5,5,2,5,5,3,1,2,2,2,11,1,12,15,16,17,12,0,0,7200,1,3,3,0,0,3,1,0,3,1,16,24,14,7,14,9,2800,0,0
1,0,15,1,635zpd0n,51,2,NaN,2,1,2,2,5,5,5,2,5,5,3,1,2,2,2,12,1,15,19,9,17,12,0,0,7200,1,7,2.33333333333333,3,0,3,1,0,3,1,24,24,14,8,14,10,2800,0,0
1,0,15,1,635zpd0n,51,2,NaN,2,1,2,2,5,5,5,2,5,5,3,1,2,2,2,13,2,18,20,4,15,15,1,0,6300,1,8,1.33333333333333,6,3,3,1,0,3,1,24,27,14,9,17,11,2800,0,0
1,0,15,1,635zpd0n,51,2,NaN,2,1,2,2,5,5,5,2,5,5,3,1,2,2,2,14,2,19,20,3,13,12,0,0,5600,1,8,1.14285714285714,7,0,0,0,3,3,1,27,33,14,10,17,11,3700,1,0
1,0,15,1,635zpd0n,51,2,NaN,2,1,2,2,5,5,5,2,5,5,3,1,2,2,2,15,2,16,19,12,14,19,0,0,4500,1,7,1.75,4,7,7,1,0,0,0,33,40,17,11,24,12,4400,0,0
1,0,15,1,yibvbsvj,42,1,NaN,2,1,2,2,6,8,8,3,4,4,4,4,2,3,3,1,2,13,13,12,15,15,1,0,9600,1,1,1,1,3,3,1,0,0,0,0,0,0,0,0,0,0,0,0
1,0,15,1,yibvbsvj,42,1,NaN,2,1,2,2,6,8,8,3,4,4,4,4,2,3,3,2,1,15,14,1,11,12,0,0,9500,1,2,0.666666666666667,3,0,3,1,3,3,1,1,1,3,1,3,1,400,0,0
1,0,15,1,yibvbsvj,42,1,NaN,2,1,2,2,6,8,8,3,4,4,4,4,2,3,3,3,1,12,12,17,15,12,0,0,9500,0,0,0,0,0,3,1,0,3,1,1,4,3,1,3,3,500,0,0
1,0,15,1,yibvbsvj,42,1,NaN,2,1,2,2,6,8,8,3,4,4,4,4,2,3,3,4,2,11,12,19,11,11,0,0,9500,0,0,0,-1,0,0,0,0,3,1,4,4,3,2,3,3,500,0,0
1,0,15,1,yibvbsvj,42,1,NaN,2,1,2,2,6,8,8,3,4,4,4,4,2,3,3,5,2,14,14,6,11,14,0,0,9100,1,2,1,2,2,2,1,0,0,0,4,3,3,3,5,4,500,0,0
1,0,15,1,yibvbsvj,42,1,NaN,2,1,2,2,6,8,8,3,4,4,4,4,2,3,3,6,2,18,20,3,17,17,0,0,8000,1,8,1.33333333333333,6,5,5,1,2,2,1,3,5,3,3,10,5,900,0,0
1,0,15,1,yibvbsvj,42,1,NaN,2,1,2,2,6,8,8,3,4,4,4,4,2,3,3,7,2,20,20,16,15,15,0,0,6900,1,8,1,8,3,3,1,5,5,1,5,11,5,4,13,6,2000,0,0
1,0,15,1,yibvbsvj,42,1,NaN,2,1,2,2,6,8,8,3,4,4,4,4,2,3,3,8,1,17,20,17,17,12,0,0,6900,1,8,1.6,5,0,3,1,3,3,1,11,19,10,5,13,7,3100,0,0
1,0,15,1,yibvbsvj,42,1,NaN,2,1,2,2,6,8,8,3,4,4,4,4,2,3,3,9,2,15,17,3,12,12,0,0,6600,1,5,1.66666666666667,3,0,0,0,0,3,1,19,24,13,6,13,7,3100,0,0
1,0,15,1,yibvbsvj,42,1,NaN,2,1,2,2,6,8,8,3,4,4,4,4,2,3,3,10,1,12,13,11,18,12,0,0,6600,1,1,1,0,0,0,0,0,0,0,24,27,13,7,13,7,3400,0,0
1,0,15,1,yibvbsvj,42,1,NaN,2,1,2,2,6,8,8,3,4,4,4,4,2,3,3,11,1,19,20,9,14,12,0,0,6600,1,8,1.14285714285714,7,0,0,0,0,0,0,27,27,13,7,13,7,3400,0,0
1,0,15,1,yibvbsvj,42,1,NaN,2,1,2,2,6,8,8,3,4,4,4,4,2,3,3,12,2,15,15,4,19,20,0,0,5500,1,3,1,3,8,8,1,0,0,0,27,34,13,7,21,8,3400,0,0
1,0,15,1,yibvbsvj,42,1,NaN,2,1,2,2,6,8,8,3,4,4,4,4,2,3,3,13,1,13,15,10,14,12,0,0,5500,1,3,3,1,0,8,1,8,8,1,34,37,13,7,21,9,4500,0,0
1,0,15,1,yibvbsvj,42,1,NaN,2,1,2,2,6,8,8,3,4,4,4,4,2,3,3,14,1,16,18,13,12,12,0,0,5500,1,6,1.5,4,0,8,1,0,8,1,37,38,21,8,21,10,4500,0,0
1,0,15,1,yibvbsvj,42,1,NaN,2,1,2,2,6,8,8,3,4,4,4,4,2,3,3,15,1,14,14,14,15,12,0,0,5500,1,2,1,2,0,8,1,0,8,1,38,42,21,9,21,11,4500,0,0
1,0,15,1,gwm1556e,75,2,NaN,2,0,2,2,8,6,7,5,5,4,2,4,3,2,3,1,2,15,15,14,11,9,0,0,10000,1,3,1,3,0,0,0,0,0,0,0,0,0,0,0,0,0,0,0
1,0,15,1,gwm1556e,75,2,NaN,2,0,2,2,8,6,7,5,5,4,2,4,3,2,3,2,1,12,11,14,12,12,0,0,9900,0,-1,-1,0,0,0,0,0,0,0,3,3,0,0,0,0,0,0,0
1,0,15,1,gwm1556e,75,2,NaN,2,0,2,2,8,6,7,5,5,4,2,4,3,2,3,3,2,11,15,10,12,12,1,0,9900,1,3,3,-1,0,0,0,0,0,0,3,3,0,0,0,0,100,0,0
1,0,15,1,gwm1556e,75,2,NaN,2,0,2,2,8,6,7,5,5,4,2,4,3,2,3,4,2,14,24,1,15,15,0,0,9400,1,12,6,2,3,3,1,0,0,0,3,2,0,0,3,1,100,1,0
1,0,15,1,gwm1556e,75,2,NaN,2,0,2,2,8,6,7,5,5,4,2,4,3,2,3,5,1,13,15,9,13,12,0,0,9400,1,3,3,1,0,3,1,3,3,1,2,4,0,0,3,2,600,0,0
1,0,15,1,gwm1556e,75,2,NaN,2,0,2,2,8,6,7,5,5,4,2,4,3,2,3,6,1,17,17,5,18,12,0,0,9400,1,5,1,5,0,3,1,0,3,1,4,5,3,1,3,3,600,0,0
1,0,15,1,gwm1556e,75,2,NaN,2,0,2,2,8,6,7,5,5,4,2,4,3,2,3,7,1,19,19,11,16,12,0,0,9400,1,7,1,7,0,3,1,0,3,1,5,10,3,2,3,4,600,0,0
1,0,15,1,gwm1556e,75,2,NaN,2,0,2,2,8,6,7,5,5,4,2,4,3,2,3,8,2,20,20,8,15,19,1,0,7900,1,8,1,8,7,7,1,0,3,1,10,17,3,3,10,5,600,0,0
1,0,15,1,gwm1556e,75,2,NaN,2,0,2,2,8,6,7,5,5,4,2,4,3,2,3,9,1,12,12,5,15,12,0,0,7900,0,0,0,0,0,7,1,7,7,1,17,25,3,4,10,6,2100,1,0
1,0,15,1,gwm1556e,75,2,NaN,2,0,2,2,8,6,7,5,5,4,2,4,3,2,3,10,2,14,14,8,20,23,0,0,6600,1,2,1,2,11,11,1,0,7,1,25,25,10,5,21,7,2100,0,0
1,0,15,1,gwm1556e,75,2,NaN,2,0,2,2,8,6,7,5,5,4,2,4,3,2,3,11,2,15,16,13,15,15,1,0,6000,1,4,1.33333333333333,3,3,3,1,11,11,1,25,27,10,6,24,8,3400,0,0
1,0,15,1,gwm1556e,75,2,NaN,2,0,2,2,8,6,7,5,5,4,2,4,3,2,3,12,2,16,20,19,12,12,0,0,5600,1,8,2,4,0,0,0,3,3,1,27,30,21,7,24,8,4000,1,0
1,0,15,1,gwm1556e,75,2,NaN,2,0,2,2,8,6,7,5,5,4,2,4,3,2,3,13,1,18,24,16,20,12,0,0,5600,1,12,2,6,0,0,0,0,0,0,30,34,24,8,24,8,4400,0,0
1,0,15,1,gwm1556e,75,2,NaN,2,0,2,2,8,6,7,5,5,4,2,4,3,2,3,14,1,13,12,8,19,12,0,0,5500,0,0,0,1,0,0,0,0,0,0,34,40,24,8,24,8,4400,0,0
1,0,15,1,gwm1556e,75,2,NaN,2,0,2,2,8,6,7,5,5,4,2,4,3,2,3,15,1,15,19,10,17,12,0,0,5500,1,7,2.33333333333333,3,0,0,0,0,0,0,40,41,24,8,24,8,4500,0,0
1,0,15,1,3e5e118j,32,1,NaN,2,0,2,2,5,5,5,5,5,3,3,5,2,2,2,1,1,12,12,2,11,12,0,0,10000,0,0,0,0,0,0,0,0,0,0,0,0,0,0,0,0,0,0,0
1,0,15,1,3e5e118j,32,1,NaN,2,0,2,2,5,5,5,5,5,3,3,5,2,2,2,2,1,13,12,15,14,12,0,0,9900,0,0,0,1,0,0,0,0,0,0,0,0,0,0,0,0,0,0,0
1,0,15,1,3e5e118j,32,1,NaN,2,0,2,2,5,5,5,5,5,3,3,5,2,2,2,3,1,14,14,13,15,12,0,0,9900,1,2,1,2,0,0,0,0,0,0,0,1,0,0,0,0,100,0,0
1,0,15,1,3e5e118j,32,1,NaN,2,0,2,2,5,5,5,5,5,3,3,5,2,2,2,4,1,15,14,4,14,12,1,100,9700,1,2,0.666666666666667,3,0,0,0,0,0,0,1,3,0,0,0,0,100,0,0
1,0,15,1,3e5e118j,32,1,NaN,2,0,2,2,5,5,5,5,5,3,3,5,2,2,2,5,1,11,14,5,14,12,1,100,9600,1,2,2,-1,0,0,0,0,0,0,3,6,0,0,0,0,300,1,1
1,0,15,1,3e5e118j,32,1,NaN,2,0,2,2,5,5,5,5,5,3,3,5,2,2,2,6,1,15,15,9,16,12,1,150,9450,1,3,1,3,0,0,0,0,0,0,6,5,0,0,0,0,400,1,1
1,0,15,1,3e5e118j,32,1,NaN,2,0,2,2,5,5,5,5,5,3,3,5,2,2,2,7,2,16,14,14,13,13,1,0,8950,1,2,0.5,4,1,1,1,0,0,0,5,8,0,0,1,1,550,1,1
1,0,15,1,3e5e118j,32,1,NaN,2,0,2,2,5,5,5,5,5,3,3,5,2,2,2,8,1,19,12,18,15,12,0,0,8250,0,0,0,7,0,1,1,1,1,1,8,12,0,0,1,2,1050,1,0
1,0,15,1,3e5e118j,32,1,NaN,2,0,2,2,5,5,5,5,5,3,3,5,2,2,2,9,2,15,15,11,17,17,0,0,7450,1,3,1,3,5,5,1,0,1,1,12,19,1,1,6,3,1750,0,0
1,0,15,1,3e5e118j,32,1,NaN,2,0,2,2,5,5,5,5,5,3,3,5,2,2,2,10,1,13,13,17,14,12,0,0,7450,1,1,1,1,0,5,1,5,5,1,19,22,1,2,6,4,2550,0,0
1,0,15,1,3e5e118j,32,1,NaN,2,0,2,2,5,5,5,5,5,3,3,5,2,2,2,11,2,18,12,1,15,15,0,0,6550,0,0,0,6,3,3,1,0,5,1,22,23,6,3,9,5,2550,0,0
1,0,15,1,3e5e118j,32,1,NaN,2,0,2,2,5,5,5,5,5,3,3,5,2,2,2,12,1,17,14,14,18,12,0,0,6250,1,2,0.4,5,0,3,1,3,3,1,23,29,6,4,9,6,3450,0,0
1,0,15,1,3e5e118j,32,1,NaN,2,0,2,2,5,5,5,5,5,3,3,5,2,2,2,13,1,12,12,18,12,12,0,0,6250,0,0,0,0,0,3,1,0,3,1,29,34,9,5,9,7,3750,0,0
1,0,15,1,3e5e118j,32,1,NaN,2,0,2,2,5,5,5,5,5,3,3,5,2,2,2,14,1,20,13,14,16,12,0,0,5550,1,1,0.125,8,0,3,1,0,3,1,34,34,9,6,9,8,3750,0,0
1,0,15,1,3e5e118j,32,1,NaN,2,0,2,2,5,5,5,5,5,3,3,5,2,2,2,15,1,14,13,16,16,12,0,0,5450,1,1,0.5,2,0,3,1,0,3,1,34,42,9,7,9,9,4450,0,0
1,0,15,1,wkhvgpvx,48,1,NaN,2,1,2,2,2,8,2,5,4,5,4,5,1,3,1,1,2,13,11,13,12,12,0,0,9900,0,-1,-1,1,0,0,0,0,0,0,0,0,0,0,0,0,0,0,0
1,0,15,1,wkhvgpvx,48,1,NaN,2,1,2,2,2,8,2,5,4,5,4,5,1,3,1,2,1,14,12,7,13,12,1,0,9700,0,0,0,2,0,0,0,0,0,0,1,1,0,0,0,0,100,0,0
1,0,15,1,wkhvgpvx,48,1,NaN,2,1,2,2,2,8,2,5,4,5,4,5,1,3,1,3,1,12,12,3,11,12,0,0,9700,0,0,0,0,0,0,0,0,0,0,1,3,0,0,0,0,300,0,0
1,0,15,1,wkhvgpvx,48,1,NaN,2,1,2,2,2,8,2,5,4,5,4,5,1,3,1,4,2,11,10,9,14,12,0,0,9700,0,-2,-2,-1,0,0,0,0,0,0,3,3,0,0,0,0,300,0,0
1,0,15,1,wkhvgpvx,48,1,NaN,2,1,2,2,2,8,2,5,4,5,4,5,1,3,1,5,2,15,13,12,11,13,0,0,9300,1,1,0.333333333333333,3,1,1,1,0,0,0,3,2,0,0,1,1,300,0,0
1,0,15,1,wkhvgpvx,48,1,NaN,2,1,2,2,2,8,2,5,4,5,4,5,1,3,1,6,2,16,8,1,20,12,0,0,8900,0,-4,-1,4,0,0,0,1,1,1,2,5,0,0,1,1,700,0,0
1,0,15,1,wkhvgpvx,48,1,NaN,2,1,2,2,2,8,2,5,4,5,4,5,1,3,1,7,2,13,13,15,20,20,0,0,8000,1,1,1,1,8,8,1,0,0,0,5,9,1,1,9,2,1100,0,0
1,0,15,1,wkhvgpvx,48,1,NaN,2,1,2,2,2,8,2,5,4,5,4,5,1,3,1,8,2,19,12,7,12,18,1,0,6700,0,0,0,7,6,6,1,8,8,1,9,10,1,1,15,3,2000,0,0
1,0,15,1,wkhvgpvx,48,1,NaN,2,1,2,2,2,8,2,5,4,5,4,5,1,3,1,9,1,18,18,1,18,12,1,300,6400,1,6,1,6,0,6,1,6,6,1,10,17,9,2,15,4,3300,1,0
1,0,15,1,wkhvgpvx,48,1,NaN,2,1,2,2,2,8,2,5,4,5,4,5,1,3,1,10,1,20,12,9,20,12,0,0,5600,0,0,0,8,0,6,1,0,6,1,17,23,15,3,15,5,3600,1,1
1,0,15,1,wkhvgpvx,48,1,NaN,2,1,2,2,2,8,2,5,4,5,4,5,1,3,1,11,1,15,14,18,14,12,0,0,5500,1,2,0.666666666666667,3,0,6,1,0,6,1,23,31,15,4,15,6,4400,0,0
1,0,15,1,wkhvgpvx,48,1,NaN,2,1,2,2,2,8,2,5,4,5,4,5,1,3,1,12,2,12,12,13,18,14,0,0,5300,0,0,0,0,2,2,1,0,6,1,31,34,15,5,17,7,4500,0,0
1,0,15,1,wkhvgpvx,48,1,NaN,2,1,2,2,2,8,2,5,4,5,4,5,1,3,1,13,2,14,14,5,13,15,1,0,4800,1,2,1,2,3,3,1,2,2,1,34,34,15,6,20,8,4700,0,0
1,0,15,1,wkhvgpvx,48,1,NaN,2,1,2,2,2,8,2,5,4,5,4,5,1,3,1,14,1,15,8,1,17,12,0,0,4100,0,-4,-1.33333333333333,3,0,3,1,3,3,1,34,36,17,7,20,9,5200,1,0
1,0,15,1,wkhvgpvx,48,1,NaN,2,1,2,2,2,8,2,5,4,5,4,5,1,3,1,15,2,17,17,3,15,19,0,0,2900,1,5,1,5,7,7,1,0,3,1,36,39,20,8,27,10,5900,0,0
1,0,15,1,nd4hgdu7,33,1,NaN,2,0,2,2,5,10,10,2,3,5,4,5,2,3,3,1,2,11,11,15,11,12,0,0,10000,0,-1,-1,-1,0,0,0,0,0,0,0,0,0,0,0,0,0,0,0
1,0,15,1,nd4hgdu7,33,1,NaN,2,0,2,2,5,10,10,2,3,5,4,5,2,3,3,2,1,15,12,4,12,12,0,0,9700,0,0,0,3,0,0,0,0,0,0,-1,-1,0,0,0,0,0,0,0
1,0,15,1,nd4hgdu7,33,1,NaN,2,0,2,2,5,10,10,2,3,5,4,5,2,3,3,3,1,12,12,9,12,12,0,0,9700,0,0,0,0,0,0,0,0,0,0,-1,2,0,0,0,0,300,0,0
1,0,15,1,nd4hgdu7,33,1,NaN,2,0,2,2,5,10,10,2,3,5,4,5,2,3,3,4,1,14,14,16,14,12,0,0,9700,1,2,1,2,0,0,0,0,0,0,2,2,0,0,0,0,300,0,0
1,0,15,1,nd4hgdu7,33,1,NaN,2,0,2,2,5,10,10,2,3,5,4,5,2,3,3,5,1,13,13,16,12,12,0,0,9700,1,1,1,1,0,0,0,0,0,0,2,4,0,0,0,0,300,0,0
1,0,15,1,nd4hgdu7,33,1,NaN,2,0,2,2,5,10,10,2,3,5,4,5,2,3,3,6,1,19,19,4,17,12,0,0,9700,1,7,1,7,0,0,0,0,0,0,4,5,0,0,0,0,300,0,0
1,0,15,1,nd4hgdu7,33,1,NaN,2,0,2,2,5,10,10,2,3,5,4,5,2,3,3,7,2,16,16,3,19,19,0,0,8600,1,4,1,4,7,7,1,0,0,0,5,12,0,0,7,1,300,0,0
1,0,15,1,nd4hgdu7,33,1,NaN,2,0,2,2,5,10,10,2,3,5,4,5,2,3,3,8,1,13,13,19,19,12,0,0,8600,1,1,1,1,0,7,1,7,7,1,12,16,0,0,7,2,1400,0,0
1,0,15,1,nd4hgdu7,33,1,NaN,2,0,2,2,5,10,10,2,3,5,4,5,2,3,3,9,1,17,17,6,15,12,0,0,8600,1,5,1,5,0,7,1,0,7,1,16,17,7,1,7,3,1400,0,0
1,0,15,1,nd4hgdu7,33,1,NaN,2,0,2,2,5,10,10,2,3,5,4,5,2,3,3,10,2,18,18,5,12,13,0,0,7900,1,6,1,6,1,1,1,0,7,1,17,22,7,2,8,4,1400,0,0
1,0,15,1,nd4hgdu7,33,1,NaN,2,0,2,2,5,10,10,2,3,5,4,5,2,3,3,11,1,20,20,2,15,12,1,400,7500,1,8,1,8,0,1,1,1,1,1,22,28,7,3,8,5,2100,0,0
1,0,15,1,nd4hgdu7,33,1,NaN,2,0,2,2,5,10,10,2,3,5,4,5,2,3,3,12,1,12,12,15,13,12,0,0,7500,0,0,0,0,0,1,1,0,1,1,28,36,8,4,8,6,2500,1,1
1,0,15,1,nd4hgdu7,33,1,NaN,2,0,2,2,5,10,10,2,3,5,4,5,2,3,3,13,1,15,15,7,13,12,0,0,7500,1,3,1,3,0,1,1,0,1,1,36,36,8,5,8,7,2500,0,0
1,0,15,1,nd4hgdu7,33,1,NaN,2,0,2,2,5,10,10,2,3,5,4,5,2,3,3,14,1,14,14,19,17,12,0,0,7500,1,2,1,2,0,1,1,0,1,1,36,39,8,6,8,8,2500,0,0
1,0,15,1,nd4hgdu7,33,1,NaN,2,0,2,2,5,10,10,2,3,5,4,5,2,3,3,15,2,15,15,19,16,16,0,0,6800,1,3,1,3,4,4,1,0,1,1,39,41,8,7,12,9,2500,0,0
1,0,15,1,1fzpck1r,57,2,NaN,2,1,2,2,10,8,10,1,2,5,5,5,3,3,3,1,1,15,15,5,13,12,0,0,10000,1,3,1,3,0,0,0,0,0,0,0,0,0,0,0,0,0,0,0
1,0,15,1,1fzpck1r,57,2,NaN,2,1,2,2,10,8,10,1,2,5,5,5,3,3,3,2,1,14,14,8,15,12,0,0,10000,1,2,1,2,0,0,0,0,0,0,3,3,0,0,0,0,0,0,0
1,0,15,1,1fzpck1r,57,2,NaN,2,1,2,2,10,8,10,1,2,5,5,5,3,3,3,3,1,13,13,14,14,12,1,50,9950,1,1,1,1,0,0,0,0,0,0,3,5,0,0,0,0,0,0,0
1,0,15,1,1fzpck1r,57,2,NaN,2,1,2,2,10,8,10,1,2,5,5,5,3,3,3,4,2,12,12,18,14,14,0,0,9750,0,0,0,0,2,2,1,0,0,0,5,6,0,0,2,1,50,1,1
1,0,15,1,1fzpck1r,57,2,NaN,2,1,2,2,10,8,10,1,2,5,5,5,3,3,3,5,1,11,13,10,15,12,0,0,9750,1,1,1,-1,0,2,1,2,2,1,6,6,0,0,2,2,250,0,0
1,0,15,1,1fzpck1r,57,2,NaN,2,1,2,2,10,8,10,1,2,5,5,5,3,3,3,6,2,15,15,17,12,12,0,0,9450,1,3,1,3,0,0,0,0,2,1,6,5,2,1,2,2,250,0,0
1,0,15,1,1fzpck1r,57,2,NaN,2,1,2,2,10,8,10,1,2,5,5,5,3,3,3,7,2,17,16,17,15,15,0,0,8650,1,4,0.8,5,3,3,1,0,0,0,5,8,2,2,5,3,550,0,0
1,0,15,1,1fzpck1r,57,2,NaN,2,1,2,2,10,8,10,1,2,5,5,5,3,3,3,8,1,20,20,9,13,12,0,0,8650,1,8,1,8,0,3,1,3,3,1,8,13,2,2,5,4,1350,0,0
1,0,15,1,1fzpck1r,57,2,NaN,2,1,2,2,10,8,10,1,2,5,5,5,3,3,3,9,1,15,20,13,19,12,0,0,8650,1,8,2.66666666666667,3,0,3,1,0,3,1,13,21,5,3,5,5,1350,0,0
1,0,15,1,1fzpck1r,57,2,NaN,2,1,2,2,10,8,10,1,2,5,5,5,3,3,3,10,1,12,20,4,15,12,0,0,8650,1,8,8,0,0,3,1,0,3,1,21,24,5,4,5,6,1350,0,0
1,0,15,1,1fzpck1r,57,2,NaN,2,1,2,2,10,8,10,1,2,5,5,5,3,3,3,11,1,18,19,14,20,12,0,0,8650,1,7,1.16666666666667,6,0,3,1,0,3,1,24,24,5,5,5,7,1350,0,0
1,0,15,1,1fzpck1r,57,2,NaN,2,1,2,2,10,8,10,1,2,5,5,5,3,3,3,12,2,13,18,18,16,16,0,0,8150,1,6,6,1,4,4,1,0,3,1,24,30,5,6,9,8,1350,0,0
1,0,15,1,1fzpck1r,57,2,NaN,2,1,2,2,10,8,10,1,2,5,5,5,3,3,3,13,1,19,20,13,16,12,0,0,8150,1,8,1.14285714285714,7,0,4,1,4,4,1,30,31,5,7,9,9,1850,0,0
1,0,15,1,1fzpck1r,57,2,NaN,2,1,2,2,10,8,10,1,2,5,5,5,3,3,3,14,2,16,20,18,15,15,0,0,7450,1,8,2,4,3,3,1,0,4,1,31,38,9,8,12,10,1850,0,0
1,0,15,1,1fzpck1r,57,2,NaN,2,1,2,2,10,8,10,1,2,5,5,5,3,3,3,15,1,14,19,8,16,12,0,0,7450,1,7,3.5,2,0,3,1,3,3,1,38,42,9,9,12,11,2550,0,0
1,0,15,1,krjqvsyb,46,1,NaN,2,1,1,2,9,9,9,2,2,5,4,2,3,3,3,1,1,15,15,17,12,12,0,0,10000,1,3,1,3,0,0,0,0,0,0,0,0,0,0,0,0,0,0,0
1,0,15,1,krjqvsyb,46,1,NaN,2,1,1,2,9,9,9,2,2,5,4,2,3,3,3,2,1,13,13,18,13,12,0,0,10000,1,1,1,1,0,0,0,0,0,0,3,3,0,0,0,0,0,0,0
1,0,15,1,krjqvsyb,46,1,NaN,2,1,1,2,9,9,9,2,2,5,4,2,3,3,3,3,1,14,14,4,15,12,0,0,10000,1,2,1,2,0,0,0,0,0,0,3,4,0,0,0,0,0,0,0
1,0,15,1,krjqvsyb,46,1,NaN,2,1,1,2,9,9,9,2,2,5,4,2,3,3,3,4,1,11,11,5,11,12,0,0,10000,0,-1,-1,-1,0,0,0,0,0,0,4,6,0,0,0,0,0,0,0
1,0,15,1,krjqvsyb,46,1,NaN,2,1,1,2,9,9,9,2,2,5,4,2,3,3,3,5,2,12,12,14,15,15,0,0,9700,0,0,0,0,3,3,1,0,0,0,6,5,0,0,3,1,0,0,0
1,0,15,1,krjqvsyb,46,1,NaN,2,1,1,2,9,9,9,2,2,5,4,2,3,3,3,6,1,18,16,18,17,12,0,0,9500,1,4,0.666666666666667,6,0,3,1,3,3,1,5,5,0,0,3,2,300,0,0
1,0,15,1,krjqvsyb,46,1,NaN,2,1,1,2,9,9,9,2,2,5,4,2,3,3,3,7,1,15,15,8,14,12,0,0,9500,1,3,1,3,0,3,1,0,3,1,5,11,3,1,3,3,500,0,0
1,0,15,1,krjqvsyb,46,1,NaN,2,1,1,2,9,9,9,2,2,5,4,2,3,3,3,8,2,19,18,11,13,13,0,0,8700,1,6,0.857142857142857,7,1,1,1,0,3,1,11,14,3,2,4,4,500,0,0
1,0,15,1,krjqvsyb,46,1,NaN,2,1,1,2,9,9,9,2,2,5,4,2,3,3,3,9,2,20,20,18,13,13,0,0,7800,1,8,1,8,1,1,1,1,1,1,14,21,3,3,5,5,1300,0,0
1,0,15,1,krjqvsyb,46,1,NaN,2,1,1,2,9,9,9,2,2,5,4,2,3,3,3,10,2,15,15,14,15,15,0,0,7200,1,3,1,3,3,3,1,1,1,1,21,29,4,4,8,6,2200,0,0
1,0,15,1,krjqvsyb,46,1,NaN,2,1,1,2,9,9,9,2,2,5,4,2,3,3,3,11,2,13,13,17,16,16,0,0,6700,1,1,1,1,4,4,1,3,3,1,29,32,5,5,12,7,2800,0,0
1,0,15,1,krjqvsyb,46,1,NaN,2,1,1,2,9,9,9,2,2,5,4,2,3,3,3,12,1,12,12,3,16,12,0,0,6700,0,0,0,0,0,4,1,4,4,1,32,33,8,6,12,8,3300,0,0
1,0,15,1,krjqvsyb,46,1,NaN,2,1,1,2,9,9,9,2,2,5,4,2,3,3,3,13,2,14,14,9,19,24,0,0,5300,1,2,1,2,12,12,1,0,4,1,33,33,12,7,24,9,3300,0,0
1,0,15,1,krjqvsyb,46,1,NaN,2,1,1,2,9,9,9,2,2,5,4,2,3,3,3,14,2,17,17,11,14,14,1,0,4600,1,5,1,5,2,2,1,12,12,1,33,35,12,8,26,10,4700,0,0
1,0,15,1,krjqvsyb,46,1,NaN,2,1,1,2,9,9,9,2,2,5,4,2,3,3,3,15,1,16,16,11,15,12,0,0,4600,1,4,1,4,0,2,1,2,2,1,35,40,24,9,26,11,5400,1,0
1,0,15,1,4zevf3jr,61,2,NaN,2,1,1,2,3,7,7,2,5,5,3,5,1,3,3,1,2,15,15,17,12,12,0,0,9700,1,3,1,3,0,0,0,0,0,0,0,0,0,0,0,0,0,0,0
1,0,15,1,4zevf3jr,61,2,NaN,2,1,1,2,3,7,7,2,5,5,3,5,1,3,3,2,1,11,11,13,11,12,0,0,9700,0,-1,-1,-1,0,0,0,0,0,0,3,3,0,0,0,0,300,0,0
1,0,15,1,4zevf3jr,61,2,NaN,2,1,1,2,3,7,7,2,5,5,3,5,1,3,3,3,2,12,12,11,12,12,0,0,9700,0,0,0,0,0,0,0,0,0,0,3,2,0,0,0,0,300,0,0
1,0,15,1,4zevf3jr,61,2,NaN,2,1,1,2,3,7,7,2,5,5,3,5,1,3,3,4,1,14,12,10,11,12,0,0,9500,0,0,0,2,0,0,0,0,0,0,2,2,0,0,0,0,300,0,0
1,0,15,1,4zevf3jr,61,2,NaN,2,1,1,2,3,7,7,2,5,5,3,5,1,3,3,5,2,13,13,3,13,15,0,0,9100,1,1,1,1,3,3,1,0,0,0,2,4,0,0,3,1,500,0,0
1,0,15,1,4zevf3jr,61,2,NaN,2,1,1,2,3,7,7,2,5,5,3,5,1,3,3,6,2,16,18,6,15,15,0,0,8400,1,6,1.5,4,3,3,1,3,3,1,4,5,0,0,6,2,900,0,0
1,0,15,1,4zevf3jr,61,2,NaN,2,1,1,2,3,7,7,2,5,5,3,5,1,3,3,7,1,18,24,14,13,12,0,0,8400,1,12,2,6,0,3,1,3,3,1,5,9,3,1,6,3,1600,0,0
1,0,15,1,4zevf3jr,61,2,NaN,2,1,1,2,3,7,7,2,5,5,3,5,1,3,3,8,2,13,18,12,20,20,0,0,7500,1,6,6,1,8,8,1,0,3,1,9,15,6,2,14,4,1600,0,0
1,0,15,1,4zevf3jr,61,2,NaN,2,1,1,2,3,7,7,2,5,5,3,5,1,3,3,9,1,15,24,16,19,12,0,0,7500,1,12,4,3,0,8,1,8,8,1,15,16,6,3,14,5,2500,0,0
1,0,15,1,4zevf3jr,61,2,NaN,2,1,1,2,3,7,7,2,5,5,3,5,1,3,3,10,2,20,24,10,20,12,0,0,6700,1,12,1.5,8,0,0,0,0,8,1,16,19,14,4,14,5,2500,0,0
1,0,15,1,4zevf3jr,61,2,NaN,2,1,1,2,3,7,7,2,5,5,3,5,1,3,3,11,2,14,13,5,19,20,0,0,5700,1,1,0.5,2,8,8,1,0,0,0,19,27,14,5,22,6,3300,0,0
1,0,15,1,4zevf3jr,61,2,NaN,2,1,1,2,3,7,7,2,5,5,3,5,1,3,3,12,2,17,24,8,15,19,0,0,4500,1,12,2.4,5,7,7,1,8,8,1,27,29,14,5,29,7,4300,0,0
1,0,15,1,4zevf3jr,61,2,NaN,2,1,1,2,3,7,7,2,5,5,3,5,1,3,3,13,1,19,24,19,14,12,0,0,4500,1,12,1.71428571428571,7,0,7,1,7,7,1,29,34,22,6,29,8,5500,0,0
1,0,15,1,4zevf3jr,61,2,NaN,2,1,1,2,3,7,7,2,5,5,3,5,1,3,3,14,2,15,19,7,20,24,1,0,3000,1,7,2.33333333333333,3,12,12,1,0,7,1,34,41,29,7,41,9,5500,0,0
1,0,15,1,4zevf3jr,61,2,NaN,2,1,1,2,3,7,7,2,5,5,3,5,1,3,3,15,1,12,12,4,16,12,0,0,3000,0,0,0,0,0,12,1,12,12,1,41,44,29,8,41,10,7000,1,0
1,0,15,1,d8j824p9,44,1,NaN,2,1,1,2,4,5,7,4,5,5,5,5,2,2,3,1,2,12,12,1,12,12,0,0,10000,0,0,0,0,0,0,0,0,0,0,0,0,0,0,0,0,0,0,0
1,0,15,1,d8j824p9,44,1,NaN,2,1,1,2,4,5,7,4,5,5,5,5,2,2,3,2,2,13,12,10,14,12,0,0,9900,0,0,0,1,0,0,0,0,0,0,0,0,0,0,0,0,0,0,0
1,0,15,1,d8j824p9,44,1,NaN,2,1,1,2,4,5,7,4,5,5,5,5,2,2,3,3,2,14,14,13,15,12,0,0,9700,1,2,1,2,0,0,0,0,0,0,0,1,0,0,0,0,100,0,0
1,0,15,1,d8j824p9,44,1,NaN,2,1,1,2,4,5,7,4,5,5,5,5,2,2,3,4,2,15,17,14,13,10,0,0,9600,1,5,1.66666666666667,3,0,0,0,0,0,0,1,3,0,0,0,0,300,0,0
1,0,15,1,d8j824p9,44,1,NaN,2,1,1,2,4,5,7,4,5,5,5,5,2,2,3,5,1,11,12,1,14,12,0,0,9600,0,0,0,-1,0,0,0,0,0,0,3,6,0,0,0,0,400,0,0
1,0,15,1,d8j824p9,44,1,NaN,2,1,1,2,4,5,7,4,5,5,5,5,2,2,3,6,2,14,17,13,14,12,0,0,9400,1,5,2.5,2,0,0,0,0,0,0,6,5,0,0,0,0,400,0,0
1,0,15,1,d8j824p9,44,1,NaN,2,1,1,2,4,5,7,4,5,5,5,5,2,2,3,7,2,15,20,13,13,13,0,0,9000,1,8,2.66666666666667,3,1,1,1,0,0,0,5,7,0,0,1,1,600,0,0
1,0,15,1,d8j824p9,44,1,NaN,2,1,1,2,4,5,7,4,5,5,5,5,2,2,3,8,1,12,18,10,19,12,0,0,9000,1,6,6,0,0,1,1,1,1,1,7,10,0,0,1,2,1000,0,0
1,0,15,1,d8j824p9,44,1,NaN,2,1,1,2,4,5,7,4,5,5,5,5,2,2,3,9,1,18,24,17,13,12,0,0,9000,1,12,2,6,0,1,1,0,1,1,10,10,1,1,1,3,1000,0,0
1,0,15,1,d8j824p9,44,1,NaN,2,1,1,2,4,5,7,4,5,5,5,5,2,2,3,10,1,15,24,18,20,12,0,0,9000,1,12,4,3,0,1,1,0,1,1,10,16,1,2,1,4,1000,0,0
1,0,15,1,d8j824p9,44,1,NaN,2,1,1,2,4,5,7,4,5,5,5,5,2,2,3,11,1,16,24,14,20,12,0,0,9000,1,12,3,4,0,1,1,0,1,1,16,19,1,3,1,5,1000,0,0
1,0,15,1,d8j824p9,44,1,NaN,2,1,1,2,4,5,7,4,5,5,5,5,2,2,3,12,2,17,24,16,13,13,1,0,8400,1,12,2.4,5,1,1,1,0,1,1,19,23,1,4,2,6,1000,0,0
1,0,15,1,d8j824p9,44,1,NaN,2,1,1,2,4,5,7,4,5,5,5,5,2,2,3,13,2,13,12,11,15,15,0,0,8000,0,0,0,1,3,3,1,1,1,1,23,28,1,5,5,7,1600,1,0
1,0,15,1,d8j824p9,44,1,NaN,2,1,1,2,4,5,7,4,5,5,5,5,2,2,3,14,1,20,24,9,15,12,0,0,8000,1,12,1.5,8,0,3,1,3,3,1,28,29,2,6,5,8,2000,0,0
1,0,15,1,d8j824p9,44,1,NaN,2,1,1,2,4,5,7,4,5,5,5,5,2,2,3,15,2,19,24,1,19,19,1,0,6600,1,12,1.71428571428571,7,7,7,1,0,3,1,29,37,5,7,12,9,2000,0,0
1,0,15,1,mbqprmfg,43,1,NaN,2,1,1,2,4,5,10,1,1,5,3,5,2,2,3,1,2,11,11,18,12,12,0,0,10000,0,-1,-1,-1,0,0,0,0,0,0,0,0,0,0,0,0,0,0,0
1,0,15,1,mbqprmfg,43,1,NaN,2,1,1,2,4,5,10,1,1,5,3,5,2,2,3,2,2,12,12,11,15,12,0,0,10000,0,0,0,0,0,0,0,0,0,0,-1,-1,0,0,0,0,0,0,0
1,0,15,1,mbqprmfg,43,1,NaN,2,1,1,2,4,5,10,1,1,5,3,5,2,2,3,3,2,15,15,19,14,14,0,0,9500,1,3,1,3,2,2,1,0,0,0,-1,-1,0,0,2,1,0,0,0
1,0,15,1,mbqprmfg,43,1,NaN,2,1,1,2,4,5,10,1,1,5,3,5,2,2,3,4,2,14,15,6,15,14,0,0,9100,1,3,1.5,2,2,2,1,2,2,1,-1,2,0,0,4,2,500,0,0
1,0,15,1,mbqprmfg,43,1,NaN,2,1,1,2,4,5,10,1,1,5,3,5,2,2,3,5,1,13,13,18,15,12,0,0,9100,1,1,1,1,0,2,1,2,2,1,2,4,2,1,4,3,900,0,0
1,0,15,1,mbqprmfg,43,1,NaN,2,1,1,2,4,5,10,1,1,5,3,5,2,2,3,6,2,17,17,11,19,19,0,0,7900,1,5,1,5,7,7,1,0,2,1,4,5,4,2,11,4,900,0,0
1,0,15,1,mbqprmfg,43,1,NaN,2,1,1,2,4,5,10,1,1,5,3,5,2,2,3,7,1,20,20,1,14,12,0,0,7900,1,8,1,8,0,7,1,7,7,1,5,10,4,3,11,5,2100,0,0
1,0,15,1,mbqprmfg,43,1,NaN,2,1,1,2,4,5,10,1,1,5,3,5,2,2,3,8,1,18,18,14,17,12,1,300,7600,1,6,1,6,0,7,1,0,7,1,10,18,11,4,11,6,2100,0,0
1,0,15,1,mbqprmfg,43,1,NaN,2,1,1,2,4,5,10,1,1,5,3,5,2,2,3,9,2,13,13,2,16,16,0,0,7100,1,1,1,1,4,4,1,0,7,1,18,24,11,5,15,7,2400,1,1
1,0,15,1,mbqprmfg,43,1,NaN,2,1,1,2,4,5,10,1,1,5,3,5,2,2,3,10,2,15,15,12,12,20,0,0,6000,1,3,1,3,8,8,1,4,4,1,24,25,11,6,23,8,2900,0,0
1,0,15,1,mbqprmfg,43,1,NaN,2,1,1,2,4,5,10,1,1,5,3,5,2,2,3,11,1,14,16,15,19,12,0,0,6000,1,4,2,2,0,8,1,8,8,1,25,28,15,7,23,9,4000,0,0
1,0,15,1,mbqprmfg,43,1,NaN,2,1,1,2,4,5,10,1,1,5,3,5,2,2,3,12,1,19,20,5,15,12,1,400,5600,1,8,1.14285714285714,7,0,8,1,0,8,1,28,30,23,8,23,10,4000,0,0
1,0,15,1,mbqprmfg,43,1,NaN,2,1,1,2,4,5,10,1,1,5,3,5,2,2,3,13,1,15,15,8,18,12,0,0,5600,1,3,1,3,0,8,1,0,8,1,30,37,23,9,23,11,4400,1,1
1,0,15,1,mbqprmfg,43,1,NaN,2,1,1,2,4,5,10,1,1,5,3,5,2,2,3,14,1,12,12,16,18,12,0,0,5600,0,0,0,0,0,8,1,0,8,1,37,40,23,10,23,12,4400,0,0
1,0,15,1,mbqprmfg,43,1,NaN,2,1,1,2,4,5,10,1,1,5,3,5,2,2,3,15,2,16,18,9,12,12,0,0,5200,1,6,1.5,4,0,0,0,0,8,1,40,40,23,11,23,12,4400,0,0
